"1","2","x3","x4","x5","x6","x7","x8"
2.37615995513782,-2.84814941854978,-1.10792576703098,1.05245877350536,-1.77219256664475,-2.35513694660281,-0.27106130106496,2.3946336709857
-1.69558856357026,-2.85133547428423,-3.53695687862175,1.01898617409517,0.608265784120693,0.0752793900734168,-0.236881458359271,0.0389782398638323
-0.110981077826776,-2.8543241181636,-0.88192252582155,1.03983962813585,2.09767850449357,-2.57836973764133,-0.251373929391209,-1.42760222747479
-0.880134884532121,-2.85711829028846,-3.14921583818661,1.12313805998603,0.647650895967282,-0.309691200190817,-0.323079791553136,0.0440571912854255
0.0549248733552126,-2.85971118814531,-1.428024429812,-0.97388848611041,-0.082784150314827,-2.02949738347997,1.79052168249285,0.795584628212807
0.205043130456751,-2.86208724984885,-3.01863653332974,1.3988408075062,0.681670627142181,-0.437500054876781,-0.560751475366148,0.052262911752286
0.7237760589731,-2.86422205657894,-1.75078690571112,0.988616086907401,1.13938841362045,-1.70396445740995,-0.124159049405802,-0.383760475706468
1.5347473789693,-2.86608146493848,-2.57505074176909,0.582934479520005,-0.42328872969085,-0.878315396266522,0.312949292089909,1.20165428740075
0.439465917649406,-2.86761997597763,-2.15910978333151,-1.11496773147842,0.587464928243682,-1.29287112961864,2.04759452692007,0.215138851837505
0.475721218673741,-2.86877839536297,-1.56511946737698,1.24408303455911,1.87708460755085,-1.88547622048772,-0.2690358154417,-1.04829498996294
-0.178536506102333,-2.86948067435653,-2.64191189215616,1.2981817381133,-2.76109444791504,-0.807298570623087,-0.274574875378127,3.61846659758449
-0.38271286260783,-2.86962978870175,-0.130023070370707,0.763403258848058,0.271185745577731,-3.31780216732309,0.315465068000537,0.617626991761588
-0.369550898212986,-2.86910248529092,-2.25619828502035,0.218408754868258,1.91173018547593,-1.19024172758799,0.923087578861542,-0.988135339139573
-0.0485464809634627,-2.86774263261044,-1.25622678898664,-1.21223504508872,-0.245884580641693,-2.18882799853625,2.42449564922762,1.20811766436204
0.340177530462602,-2.86535285371744,-2.87797986971057,1.45414753802511,0.414492187085041,-0.565689692726861,-0.162107795425018,0.590789491565965
0.119080124381577,-2.86168404698324,-1.83044669934221,1.99967324557495,-2.03437858379882,-1.61183763800977,-0.617847836686882,3.08772124687925
-1.29760383553543,-2.85642230983245,-1.65430817967012,1.45442214449465,0.416190959202847,-1.78659093259641,0.0283040101235015,0.69088272286563
-0.110522166653432,-2.8491727445518,-1.7088936067564,0.769421469831035,-0.160257518888605,-1.73062028042468,0.826548453055531,1.32745293626651
-0.446454601249563,-2.83943926614233,-2.38977482425867,1.83972478084973,1.23755247481402,-1.04835383783695,-0.116821072614731,-0.00305405009625204
0.484251587920214,-2.82659997296895,-2.92432941158671,2.24873506367222,-0.626520476524894,-0.512414025423459,-0.383746448413034,1.93636953078205
-0.361470101253805,-2.8098771711405,-1.36254161832861,1.44735476292737,-0.327288147348851,-2.0728165935961,0.576432850100175,1.72148206883126
0.561661842680178,-2.78830119312145,-2.31506794178089,2.01602956118751,-1.55716821626995,-1.11890504505837,0.184912647107577,3.045730272094
-2.54793950613337,-2.76066745660751,-0.324601297176506,-0.390114856813662,0.505363409180627,-3.1079864645773,2.78824788004818,1.08870010041637
0.342494498829677,-2.7254865803256,-1.43131835100509,1.16369068495881,1.24471854473483,-1.99988418566326,1.45332677046334,0.467164145019746
1.44137348543431,-2.68092807807742,-1.8069039892336,1.32088379052919,1.87563457438606,-1.6229133223493,1.53825160649618,-0.0323706030222559
1.10258125548369,-2.62475953326522,-2.97127644264803,1.51169993696758,1.37801613156844,-0.457155643849417,1.61407149999748,0.611470156550089
-0.896735242608651,-2.55428541625603,-0.841172692842294,2.85257812352899,1.33232056494318,-2.5858741685697,0.565181134822759,0.819501754379375
0.167159148364582,-2.46629323276461,-1.10252752076763,2.58180186987227,2.27946047114274,-2.32313411555891,1.1534097535426,0.052016164879978
0.890599060999702,-2.35701992455178,-0.198918603637959,2.27060365408619,1.17008639042749,-3.22535780760313,1.80655482533285,1.35940946686023
0.966321371082129,-2.22215874356965,-1.98814257666599,1.07253009179355,2.40561870350123,-1.43474860948964,3.36854815403335,0.341024043845543
-1.85104158779007,-2.05693621389546,-2.83316735651219,3.64382560945701,0.77794234132227,-0.588338604557989,1.17849073247924,2.20528342121455
0.154474947530146,-1.85629946653839,-1.93359744061701,4.40600446610273,1.88740239076051,-1.48652329536771,0.80740047914293,1.35147430338165
-1.23795517519788,-1.6152636946698,-2.90516590635655,4.55882841075856,1.03834817436436,-0.513569604542722,1.04450592296808,2.47392489380596
0.293314306231628,-1.3294724782618,0.74778289646042,1.79975392152825,0.572129113828123,-4.16513318227424,4.17712998084287,3.2286815224551
0.783979727659008,-0.996011307287882,-0.139758170529579,1.62355736092626,-0.509290021240896,-3.27620689019879,4.69064175148352,4.60953632922004
1.46223556806234,-0.614474730703863,-2.2007500234404,4.0321304280132,2.35457324444303,-1.21382981220252,2.55876930015329,2.04978294450016
1.05929002350767,-0.188204988699882,-2.69031406700019,2.35457265466083,3.90497828300265,-0.722880543557272,4.42448086143044,0.799703119391715
0.336978201154383,0.274499267042965,-0.93256027171349,1.96934284764572,2.4421078649978,-2.47924911375851,4.88002511295877,2.5483586954008
-0.609950748681858,0.75955147825905,-1.83988212720505,3.94373360709805,1.64971781946814,-1.5705420331815,2.83102697639064,3.59919583834396
-0.378435622863154,1.2470970590421,-2.53810051198948,2.91854164539456,2.445929852255,-0.870938423311617,3.61654512501871,3.01993874616912
2.0094077370765,1.71275540676444,-1.50118394019037,3.34059247762564,2.18992171239883,-1.90646977002527,2.78164001762338,3.43705017359348
-0.807368743806701,2.13030260447193,-2.61541532111819,0.915060976027363,4.04390347131828,-0.790853164012005,4.62915702082655,1.67530873382178
0.624270538155237,2.47543665855562,-1.20410037571961,2.69383123018635,3.21415702274099,-2.20078288432512,2.13289785878637,2.51848816252747
-1.26163497001198,2.72978996465217,-0.540461347360679,1.91257341056079,1.56485492008201,-2.8630366875986,2.09840811754316,4.09706396494746
1.30521240414878,2.88401329494994,-0.955892971607271,2.03493014791419,3.80219436085563,-2.44621983826656,1.11302270599969,1.70502062724979
0.444930384945523,2.939001035261,0.609731965800896,0.410548888573208,1.88290394665951,-4.01045955058927,1.87985267134572,3.39144390284229
-1.28972330450598,2.9049041306569,-0.998513405082821,1.06972341822081,3.27482464887467,-2.4008289546201,0.415202825325738,1.69915047766185
1.13962633710491,2.79840614445874,-1.97806177804689,0.514130399599941,2.16957048898676,-1.41989535657058,0.252080413495205,2.45056332033762
-0.431020033391062,2.63923631905987,-1.1779955798919,-0.757597532876909,0.967175308374487,-2.21857632964012,0.912176081890823,3.26129850728453
2.02806936625699,2.44693749471855,-1.9397636115399,-0.380510114551607,2.83402622623249,-1.45542307290667,0.0372194048110319,0.980550114267275
1.18280792999606,2.23855676697633,-1.04660589524059,-0.676328030092024,2.207718724525,-2.34719556412051,-0.0551899016746353,1.18491782168227
-0.781318352136885,2.02745787759148,-1.71210293013041,-1.32820735325084,0.42652358080904,-1.68031330414524,0.306860983999238,2.54810947447626
1.59060512244093,1.82309686215543,-0.555220244884949,1.01375438223079,0.347677436812484,-2.83581076430525,-2.24141805667291,2.2222920334759
-0.50592717449724,1.63142710918375,-2.82032341021465,0.293539735782066,0.168139240730698,-0.569322373890101,-1.65983544838555,2.01734455413315
0.105884310862754,1.45560688752015,-0.988697022622636,-1.43442338901692,-0.668025079174511,-2.39956353639666,-0.0178033359806722,2.49372239923288
-1.7133539796146,1.29676359331694,-1.40353902217236,-0.81295044384117,-0.881198825335271,-1.98333631176148,-0.685680004896336,2.37438262384333
0.542478326321327,1.15467796830188,-1.87690290158319,0.500754935931488,-0.751450313927205,-1.5085872072652,-2.01725678588452,1.94042428652096
1.55562314096728,1.02832657253225,-0.330594561706321,0.342618517492622,0.177532156822957,-3.05351032205661,-1.85728819147209,0.735406648518015
1.26175472913748,0.916275932577571,-0.540591267820257,-3.12699418665996,1.2342376206901,-2.84212839085722,1.62698095192731,-0.570115455780099
0.163063421211942,0.816949196897027,-1.21113732037656,-1.09184530133945,-0.0199750168909153,-2.17019711321547,-0.385918456075001,0.46098872072466
-2.00739308942097,0.728789333260346,-1.95240275478701,0.160206964983205,0.514615864231455,-1.42754645371956,-1.61201925721331,-0.272856550465223
-1.61228910110123,0.65035593320702,-2.13530812397796,-0.43012439533759,-0.0202419708931757,-1.24325585944316,-0.994869607352258,0.0845654952385068
-0.477510420607085,0.580370943080184,-1.2570238961712,-2.18455640572992,-0.033815028988948,-2.12015486216446,0.785227754553844,-0.0595785571551985
-0.88382954041515,0.517734486876418,-2.08275656198815,0.259499134496783,-0.560771954527556,-1.29303697126206,-1.63571634296729,0.327298857519491
0.445650333997496,0.461519762717706,-1.15869101516247,0.200216227473572,0.142445280417842,-2.21571729300229,-1.55680954703681,-0.500368409188859
-0.915394915040961,0.410961642513364,-2.70199621875826,-0.999314924193865,-2.08196297488228,-0.671026864321043,-0.341729217878698,1.61332259355474
-2.04602536535753,0.365438120672312,-3.08142254290449,-0.258529168898066,-1.19181258012733,-0.290215315089361,-1.07137070786509,0.624423230805905
-0.954530516184498,0.324450710370063,-2.82498041664861,-1.61340533573339,-1.66563430769136,-0.545272216259791,0.290104283712424,1.00984286073244
-0.552349596926817,0.287605803868582,-0.637489609855838,-0.354818678674487,0.515071624407291,-2.73137779796711,-0.966430211581829,-1.25039240861666
-0.165406493918377,0.254597301732619,-0.715850379358364,-1.76656796546063,-1.96587609012434,-2.65163180337913,0.44292566809205,1.15857058918195
1.02229143592468,0.225191223348208,-0.0796046805179511,-1.10296724384681,-0.830163440086044,-3.28649227713409,-0.227337658656081,-0.0427687211422167
-0.0852096268676071,0.199212275231642,-3.22049523644318,-0.910725454272373,-1.25709788296387,-0.14421649612341,-0.430279134910417,0.323845624528983
0.57664001882739,0.176532290292865,-0.425720732657289,0.349299654900021,0.236824893190091,-2.93760577482384,-1.7047669941895,-1.22601480147993
1.54299653010966,0.157060305361579,-0.500255170687386,-1.00497882705084,-0.50896713756553,-2.86168611170829,-0.368408085405753,-0.532582878337585
-0.0111244307342293,0.140734029903893,-4.40610686228839,-1.59005783750524,-0.493752601538261,1.04555080497817,0.195626363004295,-0.597273916147301
-1.94317211282428,0.127512495050365,-2.32230639172528,-1.97779242651296,-0.940701692513388,-1.0368644404995,0.559544702411354,-0.197508778608279
0.738023261239479,0.117369589281797,-1.5148790714385,-2.37042177788081,0.12217000011241,-1.84290653570082,0.925958324272999,-1.30576768088912
-1.18442495739191,0.11028828261637,-1.74829939686097,-0.28610934747211,-0.760240334200161,-1.60810098519289,-1.18657965414382,-0.467355477040929
-0.0897385830886734,0.106255370630831,-2.48982728624535,-0.431243002267791,-0.0386797655707918,-0.865187870723058,-1.07127498229249,-1.23185118297756
-1.11463380387045,0.105256595876721,-0.851907561453726,-1.02800872627242,-2.13115392677596,-2.50172237042923,-0.505518972718467,0.818500337768426
0.72882182181577,0.107272038288044,-1.86711064448964,-0.892902544572239,-0.412039575140447,-1.48513406230786,-0.672376975278949,-0.942104524265323
1.01116609038631,0.11227170538632,-3.10022912593852,-1.22618437798364,-1.0413133656029,-0.250630355773527,-0.371135208047409,-0.353804348362187
-0.195075978360859,0.120211290049877,0.200970527442103,0.624681936754383,-1.43530363636329,-3.5504447840687,-2.25386197209207,-0.000325520438880456
-0.613224899814722,0.131028099711329,-1.19640354497056,0.175884161972094,-0.721629403389249,-2.15168548657058,-1.83626518424887,-0.754047594744059
0.277158085980654,0.144637196930237,-2.31473228965189,-1.73835120961543,-1.48448614450963,-1.0319715168038,0.0479174893724159,-0.0307217203222652
0.497966219717995,0.160927825722428,-0.993970987866133,-1.34958861561197,0.42779673524007,-2.3513475935041,-0.369255854689741,-1.98191736946706
-0.783373154204236,0.179760229895464,-0.518325718522087,-0.67354946584893,-2.17223588486855,-2.8256076377627,-1.07157072334176,0.579965142262138
-0.0971529095114458,0.200962997172447,-2.9296906081873,-0.684487326785097,-0.318088094703541,-0.412857523012029,-1.08428776060983,-1.31138664147875
0.0618425756954862,0.224331083856146,-2.46318155247242,-0.750329213573111,-0.0307471315917441,-0.877981353641456,-1.03900945969451,-1.63476805003836
0.416400058401438,0.249624686647812,-3.73500923924108,-1.00306420736322,0.763687648648954,0.395231558212656,-0.80330072462808,-2.46383368357141
-0.515522601869023,0.276569128299571,-2.47761425362085,0.254442437898748,-0.0934970562480969,-0.86077820232212,-2.07388490926451,-1.63960148436777
0.640443990042504,0.30485590957625,-2.14820000358188,0.425303008688383,-2.50539897535351,-1.18880722727563,-2.25350833350963,0.741311276353579
0.822168116386574,0.334145049703428,-2.1580788728452,-0.458732502964443,-1.0551261497928,-1.17754313292686,-1.3736114997494,-0.737693146415222
-0.33008302899296,0.364068790367705,-1.27213431813303,-4.70973162444042,-1.05883706876731,-2.06210246255358,2.87811532965671,-0.760160375187894
-1.76736525026934,0.39423667526527,-2.54459924866539,0.112515417145993,-1.15596347128694,-0.78825230693577,-1.93837267695205,-0.686369052052343
-0.712505203093196,0.424241940930579,-0.180890863762456,-2.62755465223814,0.151835794680102,-3.15057546675324,0.81256684894876,-2.01438516901904
-0.353034739896967,0.453669069933224,-0.22831870911645,-3.20409049487814,0.12930583702624,-3.1017623963138,1.40506924513717,-2.00870136026991
0.529025690058079,0.482102271216134,-1.23173933553243,0.110043817042615,-1.87507745613756,-2.09695654481236,-1.88811118599928,-0.0175717425645906
-1.2102418293551,0.509134572462018,-1.91466098204775,0.185242925822047,-2.18921752632513,-1.41264967321159,-1.93757634403345,0.287090668449862
0.986460727832875,0.534377144566929,0.680963210162093,-0.664392751404,-0.342434025489066,-4.00688864033598,-1.05772915958303,-1.56525590586085
1.22363282182951,0.557468436659423,-1.9540246913733,-0.0626135252812042,-1.49645859432987,-1.37051551371513,-1.62521148365058,-0.412791907635394
-0.91243953143706,0.578082695925491,-1.27661511920214,-1.25405500043952,-0.999089690983106,-2.04653986080084,-0.395860665038645,-0.907685980873846
2.57269787983958,0.595937440997711,-0.638222249351885,1.04017259783723,0.241214103721756,-2.68354750556564,-2.64910836555675,-2.14150448064884
0.657749926268941,0.610799518745554,-1.65955141305753,-1.11135117537513,-1.72194324243166,-1.66083311677454,-0.454130639493984,-0.16793525370683
-0.0323350386888309,0.622489534038878,-1.42088161330105,-2.093561284933,-1.44817749759896,-1.89811769144557,0.573372312611925,-0.427504778482639
-0.186077583877583,0.630884427104125,-1.19104758239455,-1.10485885792612,-0.401717806403548,-2.12656649726662,-0.368855240454848,-1.45618221676741
-0.958047794447074,0.635918143551432,-0.500593243557824,-1.76771550151317,-0.962301120695187,-2.81563561101789,0.340996906877591,-0.874481033224953
-2.38869662253135,0.637580472823964,-3.54611223995268,1.14082533653057,-1.51015366784265,0.231268610462416,-2.52067728312661,-0.302472137942482
0.266061726756894,0.635914222988389,-0.46777030200782,-0.804935833287798,-0.768010711999344,-2.84568810239699,-0.528800862395522,-1.01775756448348
-0.0232879891735283,0.631010985612382,-1.29527215754201,-1.09749935829038,-1.19373109672058,-2.01680102177734,-0.191456069112355,-0.562848481187425
-0.645846785730825,0.623005807728992,0.284860106858483,-2.39664207579392,-0.364455991376516,-3.59554806109238,1.15060186437041,-1.36099844218957
-0.369310694014615,0.612071106887885,-0.871762890312425,-0.54818970651071,0.225122228650924,-2.43753983883602,-0.657275018394863,-1.91792627025789
-0.584811026678462,0.598410189818473,-0.453374028895593,0.0964521532950796,-2.77310120053624,-2.8545434751674,-1.26409130888249,1.1140532714947
0.376946511135972,0.582250697933279,-0.7237234737498,-0.982328010773467,-1.80924107006789,-2.58280880522774,-0.150579759783841,0.184634889764564
-0.0421746320646186,0.563838267761527,-0.35691805657615,-1.31196042640853,0.735954883322211,-2.94822899731594,0.210411498564963,-2.32584716717915
-0.25057001241174,0.543430634043791,-1.92946799668907,-1.5204788881401,0.716269058958248,-1.37429383211756,0.446701712187415,-2.27157583438896
0.211856589041543,0.52129234535038,-1.19694954744341,-0.758012006608207,-0.855544587112459,-2.10542705627777,-0.291735041379657,-0.665687221581459
-1.93818274885286,0.497690202011732,-1.02024357237721,-1.48936975476342,0.444120201659722,-2.28074780625852,0.459811636728811,-1.93214692444181
-0.586261249497682,0.472889466751398,-2.52407510990914,-0.633726681048063,-1.27706011067624,-0.775531043641128,-0.379534215559636,-0.178964514868711
1.19113599218708,0.447150847877009,-1.49239256059184,-0.552036978716646,-1.02118835342179,-1.80582836787298,-0.448826190224724,-0.404341607258893
1.15287979228544,0.420728223001773,0.0569272082647159,-0.77106571391187,-1.91636505915127,-3.35376291164408,-0.221270707740475,0.519548062125856
-0.357542811482958,0.393867037215878,-2.4410813504572,-0.757019471701787,0.450054710903641,-0.854369127836711,-0.230602593766812,-1.82018385422495
-0.433849148742068,0.36680329024177,-1.88195290581462,-1.75629982087738,-0.9881840317384,-1.41211234739383,0.769662592335764,-0.357494942331628
1.26428720406799,0.339763020161844,-2.18691998463015,0.176430418097582,-0.557863980349819,-1.10576004349286,-1.16571036227864,-0.765784863247252
-0.364424010714984,0.312962190398593,-1.00514776810929,-2.09195253855974,-0.580900097007588,-2.28614703492826,1.09651892019575,-0.723291866626584
-1.63600996432973,0.286606880274681,-2.38535613160307,-1.99684674616969,-2.26978987870485,-0.904553446349026,0.991876028604907,0.982356066903373
-0.814742546837368,0.260893689874269,-3.0735396926935,-0.369261532923238,-0.895200990369816,-0.21498466017314,-0.648494111298594,-0.378272764195681
1.16275240795298,0.236010294320557,-3.08633326244305,0.405211480953205,1.37599670237265,-0.200805865338142,-1.43885827648321,-2.63838349483674
1.6902559836938,0.212136059866102,-0.384163118443052,-1.52957547784113,1.8773071578584,-2.90159078425268,0.477077623007076,-3.13153246793498
-0.20962304879685,0.189442662831754,-1.53320390441073,0.579381917815935,0.833766644081139,-1.75116477319955,-1.65354028406734,-2.08278740255399
0.406428023676105,0.168094659149467,-1.9371056961728,-1.55443277282689,-0.852058067368257,-1.34587775635203,0.455959138359084,-0.394727135721284
0.269590459466891,0.148249954278655,-1.78049540159535,-2.57224997547668,-0.0799017745800572,-1.50110282584402,1.44696595177484,-1.16761090204543
0.838694398189379,0.13006013548879,-0.871359731694501,-0.0818232228123905,-0.492983758142114,-2.40885327065942,-1.07260054846684,-0.758196546259576
0.689728443954731,0.113670626504897,-1.42349177916653,-1.13120898901313,-0.856467700119988,-1.85533599810194,-0.0545103617765131,-0.401281471378425
-0.72667043239376,0.0992206309356057,-0.172064182962426,-0.558333001963894,-1.20158955849909,-3.10537836922059,-0.66065447137727,-0.0655753502342851
-1.23279862696215,0.0868428349205044,-2.80405590414122,0.513403405816878,-1.91462657888925,-0.472001422956342,-1.76743623469747,0.635268587433753
0.390073582807001,0.0766628406113517,-2.07724822262158,-0.485319162919905,-2.76986367477584,-1.19742387939053,-0.805326498596466,1.47561991564192
1.65265200683015,0.068798306213607,-0.773403425150045,0.285387796380097,-0.00736835785828527,-2.49988345177661,-1.61398706921673,-1.30435380873071
-0.719477909852393,0.0633577754777232,-1.57490506990599,-0.484835444161911,-0.45608105985233,-1.69699658193521,-0.882812122309089,-0.87559623391244
-0.260123717692134,0.0604391797331176,-2.22691311290388,-1.18873915717841,-0.954606206405188,-1.04360331385186,-0.218783600410549,-0.399370440984844
1.52576789608049,0.060127998955483,-0.803047721353248,0.886800160693213,-0.224257099284185,-2.46608348031704,-2.33473353479172,-1.15421319302847
2.0522504271994,0.0624950924130207,-4.21144077165195,-0.247662180152174,-1.41570141164179,0.943694795067109,-1.24090052240722,0.0107115352153887
-0.0251043430814047,0.0675942123923415,-0.720323243635064,-1.91549896551723,-1.38743182545486,-2.54603750786432,0.386431129395666,-0.0459157883199451
-0.118675016818212,0.0754592306260597,-1.07306653847942,-1.00325425059812,-0.75160137491566,-2.19190898793452,-0.565825242130009,-0.711733927177874
-1.57745679429265,0.0861011291552842,-0.900901583057548,-1.30824656179291,-0.790173694410829,-2.36268871827093,-0.299956216805902,-0.704549769815075
0.354508125060981,0.0995048300406038,-0.149796438239009,-0.44911413492447,-0.211254553189267,-3.11240863800402,-1.19690493554719,-1.31600615966318
1.53384358671922,0.115625964216281,-1.67659402610422,-1.29467267174765,-1.22216453546305,-1.58422582505335,-0.387416507311702,-0.338508911059393
0.126547064497329,0.134387707503383,-1.87800233335385,-0.347180563001278,-1.10918575510342,-1.38143229271827,-1.36877736963996,-0.485480235874924
1.46223664901132,0.155677836569354,-0.991592435715977,-0.4431048416783,0.567454430746495,-2.26645696527069,-1.30405542734311,-2.19637572741977
0.0873291034443384,0.179346192920394,-1.2217007816701,-2.3322276207781,-1.00209394805836,-2.03496339423111,0.556998704465673,-0.661008370230601
-0.193163023607703,0.205202762884646,-0.21862520508746,-0.0428686035186755,0.810366573477135,-3.0366537457283,-1.75683502251573,-2.50722075804718
0.573312977795396,0.233016561804106,-0.689428941954786,-1.27650660042512,-0.963973259616715,-2.56446478377552,-0.543635150088522,-0.765833944973833
0.612751457350857,0.262515557807615,-1.95949608008206,-1.35944404567592,-2.05518827289122,-1.29301242056279,-0.476685989262779,0.293607475046467
0.642224650472151,0.293387833667332,-1.43208554095028,0.174758633558325,-0.52017107403319,-1.81903773460912,-2.02205590354855,-1.27161730306181
0.111021087153668,0.325284145738321,-2.11395420906299,-0.132095253020995,0.140765903074354,-1.13578384141095,-1.72123206728359,-1.96080905530036
1.22955932169994,0.357821992360285,-1.04481022128018,-1.08488881969788,-1.65531244339475,-2.20354260410831,-0.769083141065496,-0.190652327548847
-0.0922986744100764,0.390591231559999,0.741508173093005,-0.778823076289558,-2.95811274947482,-3.98847577339604,-1.07023980560222,1.08892608073497
-1.12771419910126,0.423161197433051,-0.79002458025023,-0.340840585164175,-1.4673818310961,-2.45555779496735,-1.49768157774978,-0.421982101333378
0.139825494389265,0.455089163773789,-1.36047891584892,-2.2307098483037,-1.95161237198398,-1.88371823428321,0.408339337013936,0.0454309473797001
-0.298873969886722,0.485929899740806,-3.79713420533929,1.33339216883606,-1.13015371825654,0.554322280292615,-3.13412479004961,-0.78920815001897
0.97353352136893,0.515245964409893,-0.426161739184879,0.574820668300941,0.326318395479302,-2.81526496077634,-2.34865978635589,-2.2549919510302
0.819690939028288,0.542618306202593,-1.82863857438897,0.345734663291256,-0.867686617011786,-1.4114029004868,-2.08775938951787,-1.06625071069712
-1.70591743406437,0.567656675510808,-2.08057806438214,-2.20249339296226,-0.490490236656287,-1.15807818540818,0.496770878465351,-1.44454224070882
0.320070247953135,0.590009351854357,-1.50902631849493,-1.61914085524712,0.248552184453757,-1.72824470620993,-0.0463134573551355,-2.180453444185
0.687563713709133,0.609371703911727,-2.25374013903102,-1.60567125336802,-2.2703857483348,-0.982145660588389,-0.0161464472791671,0.345833984611213
-1.136600776534,0.625493143458415,-1.33855511021335,-2.55437887249801,-2.53131121313559,-1.8959454643206,0.978908723563506,0.61825226210834
-0.57415885843464,0.638182153368905,-1.34102067836513,0.082271037442984,-1.20925833560053,-1.89209467108337,-1.6093820477234,-0.688305412347537
1.00845813219131,0.647309190554756,-1.52069898225221,0.024340160549961,-0.0358744991247747,-1.71103114211083,-1.50180256914482,-1.84239572568564
0.866294652144531,0.652807402739869,-1.38194808447196,-2.54657072008695,-1.79487274196186,-1.84839681480564,1.1193207392871,-0.0605682392315141
-1.63856723494892,0.654671232437979,-1.92955021317215,-1.8896008121328,-0.56056593136765,-1.29940946102,0.512416405548749,-1.2688250037746
0.335382841819855,0.652953112377903,-2.4850395470816,-0.196731773145984,-1.48484597531962,-0.742534902025083,-1.13121281842232,-0.315633824962886
0.0155108052323082,0.647758557049049,-1.32703471268052,-0.623096269640681,-0.675995550742994,-1.89915451134072,-0.657066935823366,-1.09310804456742
-0.510203283850521,0.639240025547916,-3.05679785022374,1.35645922397778,-0.08497431083537,-0.168006148712038,-2.59087429716943,-1.65071124934022
-1.71094236439981,0.627589963582975,-2.7627983286148,-0.158892603122976,-1.14987196336217,-0.46062044523553,-1.03231609116463,-0.550794893118311
1.27831345420553,0.613033429106598,-2.22978598090001,1.12131157043434,0.371700895496047,-0.992247567864866,-2.27229254974683,-2.03619830871112
-0.75073184153898,0.595820647531298,-2.87936907969007,-0.926792930128671,1.40191192927601,-0.341279243989354,-0.187302029628389,-3.02953911833106
1.22790774130015,0.576220067343444,-0.741774017480913,-1.64271898078337,0.318155968414249,-2.47748908111305,0.561878627523018,-1.90865437971995
-0.987523679723117,0.554511794907275,-2.79047104235998,-0.0682284887398477,-1.15984340839281,-0.427406831148534,-0.98320793841996,-0.393695128832749
-1.06479039999379,0.5309816726749,-1.63647123782594,-1.8220155070182,-0.955713564636009,-1.58002141059712,0.795978857373988,-0.561440626331184
-1.02920161713425,0.505916431523015,-1.0278447889843,-0.569990569005799,-2.24682905255696,-2.1872626343533,-0.434744176071921,0.76510255217304
1.47468466705415,0.479599595625565,-0.789145675703413,0.80240732065467,0.198479647717736,-2.42457652254874,-1.78997905004219,-1.64608706520752
-0.740710060813541,0.452308208189927,-2.91635094046313,-0.0979040894546264,0.346404131834991,-0.295986032703571,-0.876639436203298,-1.76152128039485
-1.13970876786204,0.424310758813753,-1.85843813104385,-1.54328667733154,-0.827770361282099,-1.3525136170374,0.577678664674672,-0.556772591172999
-0.839563359977401,0.395865606031182,-1.47896408522031,-1.52900062002153,-1.55341761840448,-1.73060243777548,0.568308504583605,0.197279105244882
0.190442544867811,0.367220004692558,-2.84168037449019,0.38991136228026,-0.892647677234107,-0.366500923420144,-1.34960979207697,-0.437476430470096
0.59981584586143,0.338609763520689,-0.22666716608822,-0.696292147072548,-0.368975318054415,-2.98012890673666,-0.266218842362846,-0.937712207863672
-0.490896764000963,0.310259327877107,-2.34280972810133,2.16455430136894,-0.96523494113613,-0.8626011196381,-3.13355449527846,-0.320750500819439
-0.773700918815678,0.282382180784978,-1.64057987200935,-0.95665524281578,-1.67819353671567,-1.56344575064462,-0.0223715880845306,0.410048398477748
0.430717038870188,0.255181467019229,-1.00538058772365,-0.285441267715907,-3.8369277542631,-2.19725980984488,-0.707003903039377,2.58366130640731
0.544310371186978,0.228850754760228,-0.43379194296982,-0.405383817286359,-0.629247713455297,-2.76746322951325,-0.603721333763536,-0.612176079865892
-0.743083284934446,0.203574856363564,-2.56399027384294,1.85169726821468,-1.82320795955572,-0.635879673554681,-2.88055096330743,0.590539740835844
-0.667542404903017,0.179530641824448,-0.0820931255602451,-0.0314781750484311,-0.084411012027778,-3.11639159675192,-1.02005705102446,-1.14261831355319
1.0795932305044,0.156887787525378,-2.5745668334974,-0.304006692573795,-0.271420895905779,-0.622532663729307,-0.772984757159063,-0.953096143171074
-0.0330756689876203,0.135809410732262,-1.27130967325528,-0.490174466205467,-0.153676118587646,-1.92440459888597,-0.614886019126538,-1.07144702791943
-0.452803519915301,0.116452546545468,-1.18921199189023,-0.248069361204498,-0.319070929331746,-2.00511705516557,-0.887506067435851,-0.909751634877845
-1.30875471646159,0.0989684287522968,-0.742221735461027,0.437336990035183,0.864641013865647,-2.45072208650932,-1.60569942319463,-2.10021531628558
0.472187520266135,0.0835025395275186,-1.01723234997917,-0.676157045033367,-0.8112162168115,-2.17432624690572,-0.527081353050316,-0.434105893056408
-0.68197157149433,0.0701943955653673,-2.77073442608433,-1.50485672057918,-0.78864703277446,-0.419438945715108,0.264848365842059,-0.46934775853297
-1.60566436529229,0.0591770404704417,-2.05913571557779,-1.1707728724569,-1.48013144183062,-1.1296524311362,-0.10768977572531,0.206625239896243
-1.44203652352982,0.0505762156392492,0.982745836201825,-0.210455209206873,-0.273374060202278,-4.17014875783036,-1.10791880877547,-1.01838087283222
-0.558736324961295,0.0445091850396611,-1.19409231849537,-1.16319530701114,-0.723278095030553,-1.99192537804771,-0.196299384994015,-0.589345618497719
-1.42503636014353,0.0410831939038063,-0.202816832411679,-1.75713906291904,1.05450998890171,-2.98181563904595,0.355585443258054,-2.39048855153152
-1.18671072596648,0.0403935480805937,-3.30888760308422,-1.8328121556163,-0.831891603962661,0.125640356712046,0.388558169917898,-0.529776135890452
1.57330851663836,0.0425213103356154,-1.15677136536086,-0.781539386665039,-1.37874756398355,-2.02509065592586,-0.705731775160314,-0.010772986252842
0.411918524521298,0.0475306228800587,-2.53390806591233,0.136218279268576,-0.0259715655318058,-0.646568730288939,-1.66646954897945,-1.39337450940908
1.55485090324592,0.0554656823850112,0.949285823286441,-1.78288355113981,-1.44041502036339,-4.12837739440226,0.210073007595825,-0.0105168898120104
0.443087966100831,0.0663474150195028,-1.667405574412,-2.11034782576317,-2.77436701772169,-1.51030077161836,0.495812134836861,1.29032400737221
-0.761947469799443,0.0801699246525006,-1.16314819291993,-0.250956606603426,-0.612023379705147,-2.01317292802497,-1.40402884796666,-0.906397364162408
0.166148173242319,0.0968968168499708,-1.02037655534298,-2.21957831054999,-1.17545612707043,-2.15455934051648,0.525884739767701,-0.378326154104671
-0.253994392632191,0.116457532301663,-0.250756711255294,-1.39334316118896,-0.143386595303897,-2.92279395951871,-0.336830126208962,-1.44643384345864
-0.603901948852132,0.138743859615288,0.741034332854928,-2.20190260922976,1.86745435685811,-3.91319977854347,0.4379789914736,-3.49365847963886
-0.148187206718423,0.163606834855563,-0.746979788231296,-1.76989311692603,-0.901744277941603,-2.4238004323718,-0.0245442902462736,-0.760835233560139
-1.29497553114803,0.190854242391867,-3.59466598643934,-0.564193182586584,-0.732771365530276,0.425270990921697,-1.25701793514473,-0.965800699771052
-0.0468214905238765,0.220248971986659,-2.39356157608083,-1.26374063504177,0.505645609036269,-0.774448194351356,-0.580015700158138,-2.23943510436766
-0.94700351057798,0.251508486208763,-3.0088919602375,-1.27218261516636,-1.38101585271256,-0.157732585109228,-0.589430150102663,-0.386809925478528
-1.16213418596898,0.284305637078465,-2.90060474902727,-1.85925460127575,-1.99368033197244,-0.264634571234014,-0.0151077339982225,0.193414081864821
2.23347185678723,0.318271044213796,-2.92898518345206,-0.895766145245787,-1.42309902711033,-0.234868911723765,-0.985877753030943,-0.40759473766311
-0.888157771114794,0.352997186921531,-2.4740548949931,-0.548876157481298,-2.62643670271334,-0.688413975097277,-1.33429177510653,0.767740847674682
-1.07934423000086,0.388044264695528,-2.54893877787289,-1.27057330920484,-2.62612264427602,-0.61214486713203,-0.608157181447871,0.742249892657798
1.88955161754337,0.422947808839659,-0.163268813256228,-2.14507467347227,-0.63122662471171,-2.99642960666324,0.276849102181766,-1.27461942933519
0.826247000142533,0.457227930265659,-1.98362812150336,-0.0051902022106628,-2.60518991089066,-1.17468507333065,-1.84646491009191,0.680922108654166
0.834681964157623,0.490399884817339,-3.02490322607687,0.291817504792885,-0.447306756287132,-0.13202474367169,-2.12095330199622,-1.49152282676738
-0.0627019796431366,0.521985569249753,-0.0796597524944171,0.178218780784759,0.142585911365285,-3.07588299216869,-1.97912083711931,-2.09185721012607
0.0928786994815827,0.551525480845965,-2.43122342299047,0.963363936610305,-2.06069554642736,-0.722934096587179,-2.73066863590472,0.105306359616172
-0.727109430755774,0.578590552226898,-2.12748830376456,-0.465969665111208,-0.329224201863057,-1.02528399072763,-1.26283529939878,-1.62781845988086
-1.80579507444314,0.602793250196787,-1.49633928244679,0.0257120484507609,-0.579773573222311,-1.65504778695996,-1.71167634953286,-1.37438608037787
-1.59301994490124,0.62379739758636,0.507985056211066,-1.60998073595702,-0.282553057599852,-3.65798690053236,-0.0294492813300751,-1.66418705724251
-1.52206589851938,0.641326204772692,-0.852432654338885,-1.44422043751536,-2.43296675011872,-2.29618396489695,-0.14569704467494,0.498109304902158
-0.422234841003167,0.655168104899631,-0.918283418287314,-1.14827621981614,-0.378366476181075,-2.22894797586307,-0.389913636928992,-1.54029124383851
0.914490233076578,0.665180135112897,-1.75839324251396,0.336150113956349,-0.873373424260997,-1.38745292655097,-1.82118657234612,-1.02498331155708
0.504855466611283,0.671288787137453,-3.41561686835491,0.0471027018593854,-0.666899894859978,0.27115592437543,-1.47835356180414,-1.20733508593606
-1.55295055010252,0.673488434892707,0.423853981492436,-1.49907819815725,-0.75552197994391,-3.56692970038646,0.121468322935027,-1.09110880362713
-0.0588402796497898,0.671837562977089,-1.33448020997488,-0.173614473649084,-2.24056182478172,-1.80721028383369,-1.15124000362094,0.424629862712146
-0.314205007699359,0.666453098976607,-2.39712117178264,0.444801335661572,-0.511426986937351,-0.743184096940472,-1.71847475112472,-1.27113933220044
0.17441441452084,0.657503366766641,-2.50863744067353,0.623205813517398,0.666624310437895,-0.630282602964128,-1.84789598316569,-2.41361578863521
1.62737536478838,0.645200135425197,0.172393523619004,-1.30159051788555,-1.0720203070013,-3.30992834217121,0.123137003842735,-0.637664181487875
-1.293795891352,0.629790214984291,-3.48955249343933,-0.0536830843543172,-0.0915886595530545,0.353402899972579,-1.0817487437629,-1.57954294339605
0.389823947169128,0.611547062114667,-0.0227031175314838,-0.0776791648271717,-0.222965205819717,-3.11206125084982,-1.01833181116858,-1.40885341890841
-0.274219761926517,0.590762793930326,-0.62430978736401,1.34816413275747,-2.0131894567991,-2.50906935593184,-2.40865931091954,0.420967342226523
-1.49208995711022,0.567740872507574,-2.35964351163641,0.0591191912605542,-0.513849521956315,-0.772350406573987,-1.0882298010302,-1.03895214260771
-0.50522265907967,0.542789670680041,-1.84481931587083,1.31250806645265,-1.52920739524115,-1.28578937725412,-2.31451920754661,0.0152139750146332
0.223748124190493,0.516217051060216,-1.47369018120228,-0.392244900196406,-0.663440130283909,-1.6555332868372,-0.587040659299218,-0.812764801399284
0.124586189747678,0.488326005229977,-1.82246848977779,-0.772795453985496,-1.72773176838017,-1.30536975317624,-0.188170232700902,0.287920449380169
1.53783854688279,0.459411321763655,0.0346420626902024,-0.0398355712017694,-0.293033681883951,-3.16109508055878,-0.907199327690104,-1.1121190190851
0.906689621838434,0.429757213961761,-0.131242835394492,-1.5418347038094,0.0665817506760508,-2.99382495738864,0.604398108268993,-1.43911453655108
0.0981434371446134,0.399635802126942,-1.07342676355961,-0.387219965802385,0.540594079591216,-2.05025580413807,-0.54486228755154,-1.88281256555072
0.661530608406686,0.369306326355197,-1.45688475563353,-0.236687477620552,-1.41137723125425,-1.66541258697869,-0.694171313438547,0.0969368328255401
-0.922557454469383,0.339014957614433,-2.20413194382143,-3.50908959232622,-0.695791044540238,-0.916780173705335,2.57545453822573,-0.593602940836547
0.631256596065278,0.308995076799259,-2.04923324191386,0.32269436849815,-2.51776528401978,-1.07029365052745,-1.26296167037198,1.25052399960321
0.284467036274656,0.279467899067048,-1.98805057776523,-0.537025207554583,-0.847906504418131,-1.13009108959063,-0.413578434852702,-0.400206484450363
-1.71740280043458,0.250643332573114,-0.821777018690925,0.429042890795661,0.173179655133584,-2.29497942357948,-1.3935302996672,-1.40529040367998
1.53654934624195,0.222720974148492,-2.70703840512002,0.0375328423422285,-1.76202473062504,-0.408332812064934,-1.01929235192857,0.542715172725559
-0.470080029086354,0.195891158118063,-2.96755442734495,1.03733057294385,0.141736963011505,-0.146431564754546,-2.03959038247214,-1.3514970788955
-1.20760361789451,0.170335987103664,-2.556957487925,-0.231832835597605,-0.812408036099878,-0.55564327908905,-0.793994782956052,-0.391083024079476
1.80449871605362,0.146230284627436,-2.95099906243598,0.658877610759646,-1.03822898517672,-0.160216479492612,-1.71117898236647,-0.162282011146451
0.462542866041182,0.123742418259945,-1.59514586578402,0.125325054698013,-1.38220939492302,-1.51468445105912,-1.2068426458511,0.181399135552288
0.074397517265505,0.103034948493674,-1.49068262218148,-0.617886019906641,-0.478974818917183,-1.61776246957621,-0.495423204216987,-0.725387542108293
0.714906594998518,0.0842650639674893,-3.85638362306441,1.1168965375338,-0.67611593502765,0.749323756392173,-2.26439997998541,-0.535009154778715
3.11206242359023,0.0675847687713697,-1.95086720695272,0.835390867544388,-1.29689188806106,-1.15480743463406,-2.01930987486328,0.0758506398920745
-0.0695982622052077,0.0531407857919758,-1.61819444414835,0.0967186107669278,2.42714809500165,-1.48609497235297,-1.31908190209515,-3.66118711225678
0.665135860980676,0.0410741395409874,-1.21048899785118,-1.99716202536809,-1.05162315360004,-1.89241519356469,0.734532987057085,-0.198408792700983
-1.8978250240776,0.0315193922061791,-0.274183389460407,0.882967807961613,-1.73292868952467,-2.82733557687001,-2.18745879518836,0.464010100597858
-1.68208355450563,0.0246035025208518,-2.97041433152862,-1.67726805389787,-0.283042390150887,-0.129719409716347,0.329565583401599,-1.0075394201295
-0.324987999244009,0.0204442799771276,-2.5717275797962,0.522929068790586,-0.403214577219724,-0.527020936363314,-1.91492118101123,-0.911673221197463
-0.697571019510572,0.0191484144578858,-0.846910370142475,-0.782851991133268,-1.61965958229175,-2.25045292093158,-0.654208782993744,0.277974755515272
-1.03815198429239,0.0208090695885509,-0.394902656026596,0.546490862132297,0.0899338973249791,-2.70107540996201,-2.02906977737826,-1.4607357246551
0.659911068506041,0.0255030406615164,-3.46846962550377,-2.09279676088995,-1.17459240237768,0.373876784600618,0.564612208897341,-0.227454444496349
-1.72681198141253,0.0332874951528402,-0.958343542660308,-2.06822562356603,-0.979703861025481,-2.13486407315739,0.494743598161935,-0.455501612143781
-0.867596428599597,0.0441963361593358,-1.97849781725616,1.11420634849366,1.93277327296966,-1.11332457347609,-2.7322481476981,-3.40281260560939
1.76143310857256,0.0582362567978051,0.12559577469057,1.22370919456858,-1.91808593950453,-3.21603294033736,-2.88511071743152,0.411801163202777
0.220119590512231,0.075382586497164,-3.83056699664307,-0.568060371063601,0.524823450642518,0.741515056081733,-1.13500822295623,-2.06847533542947
-0.614472301822611,0.0955750673373088,-0.817309124237022,0.0524881604666076,-0.0210255651401211,-2.27035759123886,-1.79501260074551,-1.56079837027549
-1.92524398107882,0.118713738485521,-0.708850321853944,-1.73824663318194,-2.81337760804783,-2.37743116853648,-0.0409840737933302,1.1929201253706
2.61914042239374,0.144655146752073,-1.58147468095617,-0.540027109139365,0.931888441981694,-1.50342158434881,-1.27261037194441,-2.59107164826165
-0.0341052803634181,0.173209131105183,-1.17697569443794,-1.59538107372104,0.266824820449336,-1.90653534578158,-0.246812509656209,-1.96443248830762
1.23140398329188,0.204136479649134,-0.879139459555758,-2.02194051621158,-3.22866915334752,-2.20298635557831,0.15458160103691,1.49335302158256
-0.60873832144164,0.237147763980856,-3.00096483399696,-2.53145860540149,-0.0133207648947361,-0.0797757560516583,0.643839956308603,-1.75855579812654
-1.69158991369621,0.271903591548566,-1.36498753491644,-0.622172860520019,0.79963036014086,-1.71436783004673,-1.28032593828484,-2.60647517113233
0.274996637962113,0.308016587458179,-1.86265356222726,-0.979175615046094,-0.615271830941918,-1.21531657765045,-0.932407161654263,-1.22449920899953
0.320889334543595,0.345055311750478,-0.868184396233193,0.00469778217981631,-3.13067205083658,-2.20840051855906,-1.91922601962957,1.26046468765917
1.51524462357206,0.382550221060227,-3.90526795216298,0.651410861434962,0.121755635605193,0.830068262456183,-2.56249420394891,-2.0194721741805
-0.0387038625220473,0.420001682909537,-0.667401035172497,-0.28851221322213,-0.636958316605213,-2.40641342944885,-1.61258929797546,-1.28492318593312
0.950902087161834,0.456889916500284,-1.58997540821255,-2.12546884212056,-1.09918758437825,-1.48245383132335,0.240915164778749,-0.843127870241184
0.470289683749804,0.492686578055448,-0.987348842173643,-1.57297707494367,-2.32047975761321,-2.0836951722768,-0.288560027792554,0.361807641625768
1.54161024879761,0.526867572981576,0.125069153235355,-0.742662400855996,-2.57681494675118,-3.19472794260034,-1.08961755061406,0.606159206823106
0.773579184698365,0.558926534092386,-1.23723414101372,0.384278531990545,-3.26496036884631,-1.83103942326581,-2.18141949398742,1.2869299718088
-0.0995358632703271,0.58838831561306,-2.41075062681825,-0.446762808431035,0.542802022751185,-0.656137712375826,-1.30984109407802,-2.52343008076285
-1.2338547362757,0.614821803397303,-0.932014024662969,-1.13304869565445,-0.736041230124986,-2.13348908944566,-0.578218107427638,-1.24231379122987
-0.560830417461731,0.637851349430386,-1.21195211123874,-1.09420209751714,-0.44041199824524,-1.85216577778444,-0.567624266993814,-1.53078430815407
0.688217409606639,0.657166213661296,-1.00722643890182,-0.97971908670287,-0.461693305423794,-2.0555062250359,-0.629339183767624,-1.49752441568085
0.366482151174715,0.67252751672656,-2.21576077030288,-0.814433226111844,-0.284824629784308,-0.845586668549385,-0.739361216003745,-1.65774081025183
-1.10124886763101,0.683772384867102,-0.106935352132337,0.591172767234812,-0.724706698702649,-2.95302686163448,-2.08807125472762,-1.19675636788811
0.320248145518635,0.690815170925358,-0.64885668671855,-0.365437486791467,0.0240915173242513,-2.40972030196281,-1.07380322849633,-1.92029782164583
0.198387379925824,0.693645819467378,-1.65830306493267,0.25779430693891,-1.60407655098095,-1.39888869866323,-1.6394683709671,-0.263078935577142
-0.674169313421055,0.692325645490288,-0.0212944320622319,-0.373026215982333,-2.39261322892217,-3.03451210644822,-0.951985954204808,0.557886892218876
0.283643436775972,0.686980952789886,-0.682140253632436,-2.01323668561343,0.0196847846107303,-2.37228105979256,0.743226125024487,-1.8190642005019
1.25819919669021,0.67779500911003,-0.782196943760186,0.0112974835869158,-1.23641776723371,-2.27083914457936,-1.22864916726872,-0.5251909914064
-2.31022467676853,0.66499895120194,-1.82433298725423,-0.251663125577183,-1.13298590677534,-1.22731787599986,-0.915971042923208,-0.588944303552079
0.0425680139395272,0.648862192089852,-4.08455929777595,0.0588343131338407,-2.44406746270733,1.03429365960731,-1.18020069746427,0.763197506776211
0.586121832842774,0.629682857110375,-2.01146638269663,0.858648846612418,-1.97533864934215,-1.03741403038656,-1.93761293960668,0.336384974413541
-0.233169628367492,0.607778694866404,-1.18570540233982,-2.2968618516444,-0.553991632290719,-1.86178978565791,1.25611009082866,-1.04270504824323
-0.334629709286284,0.583478809146905,-1.6814850505599,-0.764672502871892,-2.5097585779547,-1.36462491235237,-0.242294435936729,0.955163266298677
-1.62171306332062,0.557116449620318,-1.57450730341506,0.877426002893788,-2.41269764115948,-1.47021743441177,-1.85519303376938,0.899577889840809
-1.10049417034327,0.529022995428022,-1.29633487332212,0.486952115184862,-0.922792462774479,-1.74700463941925,-1.44018985643851,-0.549915891892823
1.06606665093448,0.499523173797738,-0.810120797127453,-0.214494042128723,-1.16264342270276,-2.23183349052846,-0.718908498872725,-0.271120066512155
2.2622064756566,0.468931465284094,-1.37537294608663,1.52898719922912,-1.57274984069592,-1.66519611648383,-2.44721972442001,0.17610103752173
-0.160902255060631,0.437549608997281,-1.61829910212239,-0.455001297687106,0.0931282408691527,-1.42088473536262,-0.452654832614282,-1.45481604597646
0.68913016512967,0.405665106600249,-1.49972373172462,-0.808770127216749,-1.01534320436731,-1.53807488067494,-0.0927982356646388,-0.31382042157949
0.729293514976788,0.373550538184305,-2.66578749146652,0.450911741065015,-1.28065052263423,-0.370625895847581,-1.35075091390158,-0.0186692152632391
-0.48065224170593,0.341463539961184,-2.90148763175166,-0.544214950224792,-0.34402991600719,-0.133540530476986,-0.358105829570785,-0.928331526864982
0.0714335218744953,0.30964729985147,-0.97741316585141,-0.789220233953234,1.10186149293428,-2.05622977129179,-0.119633606556977,-2.35031943904888
-0.723476217654253,0.278331427386218,-0.386481834906329,-0.464418842638972,1.12933098279697,-2.64577587715141,-0.454853561570781,-2.3570758133092
-2.79460604604124,0.247733071938371,-2.45091751282259,-0.0108930662439181,-0.199763262510119,-0.579954974149702,-0.922514595054597,-1.01056349911834
-0.55968257014041,0.218058180871831,-2.10303713241458,1.16187391929334,-1.08441873871895,-0.926450129472252,-2.1129644513412,-0.111861535386513
-0.836755150348094,0.189502806144177,-1.40649474075588,-0.506354290961645,0.277277545954439,-1.6216072960455,-0.465798878630588,-1.46293405701291
-0.756234449530062,0.162254383894712,-1.2424744225256,-2.39885178063883,-0.806921644056969,-1.78424238919033,1.40242230540448,-0.371562166903977
0.839429015014625,0.136492922621677,-0.462563067459598,0.182478361216124,0.0230711678116403,-2.56276851917088,-1.20623306599411,-1.19784121916873
-0.237447146782541,0.112392044809407,-1.89623933640127,1.35222545881115,0.00121994316476515,-1.12770702514375,-2.40618972982004,-1.1757246207704
0.33337894421792,0.0901198439414128,-2.50094687666939,-1.7163065304096,0.080506114866484,-0.521614259790177,0.629414633379392,-1.25816649606346
0.367929597070284,0.0698395115137615,-2.14378558696348,0.367949176719209,-0.875479766396689,-0.87739032441063,-1.49031633468647,-0.308714620054855
-0.0925237794851624,0.051709696795412,-1.43194477755209,1.01576026009902,-0.466402851332414,-1.58784590873657,-2.17597277400107,-0.727646466973636
0.366666819398578,0.0358845653727584,-1.07849968956711,-0.897662437725279,-1.53418119257538,-1.93990577163609,-0.302577511313305,0.327027548027341
-0.71200662095241,0.0225135200250768,-0.598873720257324,-0.902099296437261,-1.16341410831923,-2.41814651586043,-0.340148018625314,-0.0600075921620558
0.283479951362132,0.0117405484174035,-2.0451818712701,-2.60260940172233,1.69533131192888,-0.970453139762197,1.31659492820121,-2.93808461661084
0.00979299018261279,0.0037031669728063,0.212717184671096,-0.225409024664384,-1.53127737081825,-3.22696697061794,-1.10589033198808,0.266244376484502
-1.83040132813217,-0.00146907461919634,-2.72688107709502,-1.34582353440606,1.22716431348814,-0.285983483766373,-0.03201054303922,-2.51729322674816
0.452336534291704,-0.00365656472807388,-1.33664001662317,-1.38467935953545,-0.475530129739315,-1.67483931915277,-0.0406418673378628,-0.842361258721333
-0.0358852458349545,-0.00275208833997182,-1.40041900228496,-1.42160810377217,-0.515499439793593,-1.60967510840553,-0.0518224360503992,-0.832651827237166
0.911101658242375,0.00133621472175696,0.402006273825691,-1.23690565806084,-1.1284468892936,-3.41071515943072,-0.284890465525858,-0.252271194124938
-0.271314563634217,0.00868139578836679,-0.942356200580991,-0.0180140543775945,-1.99620957766606,-2.06496745993859,-1.55200041583779,0.580831434578287
-0.2240464972306,0.0193337769152886,-2.17941888304789,-0.288113841048582,0.26300804276879,-0.826519552386233,-1.32952965968159,-1.71490067161791
-1.05150245930745,0.0333166218536533,-2.59107890773743,-1.22364974724803,-0.699616424047234,-0.413474302611242,-0.44055316078052,-0.790379429125885
-0.675887120129251,0.0506214918596235,-1.14686455206421,-0.801614480164493,-2.20791646536874,-1.85630343319901,-0.907561594694213,0.678522668158943
-1.96442653712328,0.0712034216195632,-2.7996194512323,0.451673033561362,-0.621482768497601,-0.20216330894547,-2.20368687178095,-0.948280324908017
0.774753818644046,0.0949760953830623,-1.84522204505652,-0.871766240055575,-2.16111349349941,-1.15517549003579,-0.92037408884056,0.550362877961056
0.551451632737251,0.12180725551531,-2.51540999189471,-1.83923037526408,0.854933323851592,-0.483602318112151,0.0102692425856186,-2.50690719176827
-0.288588416649931,0.15151463023048,-1.87969024219203,-0.25063302712324,0.775341324143719,-1.11793684272938,-1.61124085485741,-2.46836368477983
-0.127667831820648,0.183862680564879,-1.83073029788367,-0.757050290492346,0.357356259014398,-1.16551156195228,-1.13323085977532,-2.0908163494643
0.946278330407837,0.218560521633712,-1.48121261055362,0.703629564577228,-0.743449076739766,-1.51364402419688,-2.61723520471024,-1.02938022592193
-0.0956935601056143,0.255261372166138,-0.8299965040901,-0.262314363422417,-0.224670173252477,-2.16347490557494,-1.6689929613171,-1.58598547506164
-0.537427035402026,0.293563862179163,-2.20206769523948,-1.43148184471761,-0.411602018807871,-0.790018489340109,-0.5114201389235,-1.43485275654046
-0.153923240852639,0.333015484661695,-2.49645668478412,-1.47432173516333,-0.850818132629912,-0.494244274710019,-0.473658662183528,-1.02892218854534
0.473742239648561,0.373118384396563,-2.32518490351917,-2.11444475300577,-1.60382228639374,-0.664130830889517,0.168217436915442,-0.306210922611588
0.481119441111935,0.413337529242489,-0.902391289056721,-2.07155777975429,-1.27636241655594,-2.08553922026651,0.134118649102187,-0.660509611470141
0.847466064422574,0.453111194806325,-0.708465834508561,-0.0786945086970959,-0.661641767470027,-2.27807944972922,-1.84284456149265,-1.29818242595969
1.89094023716588,0.491863545850682,-0.865991569556863,-2.44397911948313,0.223752841677987,-2.11916848959546,0.545390310943835,-2.20225035781356
1.17204299333726,0.529018808174281,-3.4233168558838,-1.85827359231894,-0.875239785786489,0.439542021816931,-0.0105218097644411,-1.11731187607215
-0.29341813471821,0.564016430908575,-3.6836236106282,-0.582935929282574,-0.674677655596555,0.701234001646782,-1.24957685351494,-1.32703131966194
-0.802434736710634,0.596326526739284,-2.29234075052771,-0.136832943095298,-2.08494799299939,-0.688663633368253,-1.65340421489491,0.0791838927831201
-1.23240804482121,0.625464737942309,-1.81975546020557,-0.662306723599181,-1.6322246235451,-1.15986369860494,-1.08028948730074,-0.372367200401632
-0.457562378029338,0.6510056964221,-3.2259211398524,-1.77413682457662,-1.47466004731602,0.24768720612734,0.083804063325023,-0.523492695546367
1.41863180824041,0.672594342269085,0.280863018611717,-0.556336740333768,-1.30740407945503,-3.25771172725132,-1.07794656411966,-0.679092271730092
-0.168604130803376,0.689954469642761,-0.654350611518914,1.84178353677834,-1.73434305700334,-2.32111287203523,-3.41713614286325,-0.235418228364522
-0.484022086658406,0.702894061866198,-4.46736888369235,-1.84061470874521,-1.75226973780836,1.49329062522366,0.32612882182128,-0.195902924830021
0.117969824629629,0.711307212091175,-2.17868825445156,0.301299421453084,-1.78092013858789,-0.794004778931682,-1.75393966177979,-0.141116500820322
-0.962411693213608,0.715172686662259,-1.50291407824699,-1.5860336154386,-1.12228699725274,-1.4683937300508,0.195276790983682,-0.769445437152111
-1.01355574887652,0.714549447887966,-2.58970320216806,-1.2652818903357,-0.487890510184345,-0.380219381044272,-0.064453441354297,-1.36981174212035
0.881328710347059,0.709569599559578,-1.89279203028562,-1.02156810923404,-1.55965907916523,-1.07574532784126,-0.248843903171718,-0.260780540586132
-0.274723029307267,0.700429282886529,-1.60285089669372,-0.891088505280136,-1.65445771618727,-1.3643012363477,-0.322453577712759,-0.126018937928
0.354468865102262,0.687378305844259,-2.46654434209373,0.0585175841443172,-0.966873456989069,-0.499222565862247,-1.21830464675162,-0.771497486566078
1.37404754502543,0.670709170763296,-1.33193099200978,0.0291899102316197,-1.72635516263892,-1.63245069086073,-1.138897012489,0.0316625678831831
0.00407357606625489,0.650746103048261,-2.66015299506426,-0.725592842864833,-0.34827828160664,-0.302843462720803,-0.338165349760355,-1.30173367402693
0.138186056479401,0.627834639665721,-2.7356973178747,0.157042959604527,0.825666680556389,-0.225913914824912,-1.17933669210805,-2.43055514785537
1.7484049807307,0.602332183582085,-2.18781094954754,-0.591558194833268,-0.750892413089982,-0.772415058066621,-0.394011286411734,-0.808968509979088
0.803133381018168,0.574599798853553,-0.986302913992105,-1.11029561554885,-1.37299464878905,-1.9725378685366,0.156544221015147,-0.142444685794686
0.697182499093206,0.544995404438761,-2.28784044712326,-0.335419643622411,-0.470179728141526,-0.669615110319992,-0.59150584247619,-1.00191881517031
1.8678349793518,0.51386841506798,0.116690859770889,0.926974919683472,0.395632709155262,-3.07276119212869,-1.83208374428853,-1.82590628999868
1.69388991770039,0.481555785672277,-2.2319831343218,-0.71191232168461,-0.691158819566451,-0.722701972950545,-0.176348616316612,-0.69919785055465
0.211444994330761,0.448379336092595,-1.05301534362965,-0.474188674315637,0.460642939793945,-1.90028453855724,-0.402106378876692,-1.8133386734251
-0.465955801048038,0.414644197850408,-1.25416485097389,0.0905786841078643,-1.70524980230032,-1.69774980612755,-0.95966737261057,0.387655583628733
-0.924083491090255,0.380638207360549,-1.17746063060986,1.19258773382102,-0.391385556192114,-1.77306880140612,-2.05908100436677,-0.893926472574099
-1.02704727977533,0.34663205367957,-3.41955845824456,-1.47784318640658,-0.145945304174021,0.470414251314028,0.6095006713293,-1.11012203055612
-1.02373802253234,0.312880002910499,-2.27332615309113,0.195911502776087,-1.65881820074078,-0.674432828753947,-1.07037096184886,0.428779160470677
-2.00246619966507,0.279621035193606,-3.20721539984192,-1.46028086945603,-0.675628689999057,0.260841643082295,0.57561878352647,-0.531741000121328
-0.552710956614354,0.247080250772367,0.400970997357738,-0.330552713476666,-0.700294585306938,-3.34595952903191,-0.568214863813853,-0.487874046297849
-1.23200718253356,0.215470423772627,-2.62344072727893,-0.0454970382322674,-2.45877472079167,-0.320162579309788,-0.871098209631472,1.2862594616925
-0.804445438261188,0.184993601351272,-1.12311408231195,0.324450556294303,-1.59243289886246,-1.81910399919131,-1.262418813638,0.431970701161192
1.18486195878849,0.155842666965301,-1.91529073198419,-1.29430911836945,-1.85039302032704,-1.02554212443362,0.331594909361578,0.698354714945701
0.0892200471882941,0.128202802324266,-0.193155262184225,-1.31691904495127,-1.33450101063984,-2.74629236914813,0.326254291947926,0.187249610363688
-1.62640762352514,0.102252791202455,-1.28643620390507,0.318499801815438,-0.22805385603877,-1.65162620234184,-1.34015411280227,-0.918036778955863
-0.25846996548967,0.0781661201556028,-1.29164578086968,0.708759450135768,-0.575344676649032,-1.64503140029177,-1.76427748535662,-0.57318378795529
-0.760015014746218,0.0561118378276033,-1.3173075959369,0.14890256993746,0.0994535752112672,-1.6179843601391,-1.24099167775156,-1.25397574773884
0.129343237289666,0.0362551343021572,-1.82366376033962,-0.699021370259709,-0.64255919284728,-1.11024297065092,-0.432174112168908,-0.521455736121471
-0.178040500321347,0.0187576040210981,-1.10946439704095,0.203364866100996,-0.205589329449614,-1.82305710886414,-1.3760210287621,-0.971347041658374
-1.97981679022445,0.00377715873426078,0.0117129978392652,0.189305119037827,-0.354289734498311,-2.9428492786589,-1.40558223962205,-0.838912977077702
-1.10068217428624,-0.00853245000877406,-0.803899151386519,0.613066421082461,-1.56762327107024,-2.12585190434766,-1.87491337777349,0.354906886730621
0.206336893451795,-0.0180225450092719,-1.42808533453069,-0.85755544709014,-1.59978315468068,-1.50028049611803,-0.45157694717321,0.364417915580146
0.70546966679874,-0.0245509056507609,-0.590539253471304,0.570612403928117,-1.01945932244493,-2.33644135209197,-1.9284861557193,-0.241562007902039
-0.416197848450117,-0.0279836581099781,-0.376841081132479,-1.5621050517543,-1.34465018245867,-2.54875429934534,0.154324517906285,0.055110840423222
2.85733214451548,-0.0281977090601512,-2.31107498497722,-2.39999852154539,0.774169008323718,-0.613135170415153,0.941471213751531,-2.0949237097703
0.0877765636567068,-0.0250837465260304,-2.36102375686568,0.126228755628706,-1.89864938062571,-0.561801173441235,-1.63597882402894,0.544167926692875
-0.551754944538631,-0.0185498174347374,-1.79284259023685,-0.0515906257712339,0.187413915814635,-1.12859711498461,-1.50945269858585,-1.57792390231406
0.956742870223722,-0.00852547008786015,-0.199644228864827,-0.486623773751427,0.439595572618191,-2.72041025127118,-1.12533439995764,-1.86820027908344
0.216745871199397,0.00503357928664098,-2.10634047492018,-2.59907529032885,-1.95086281035423,-0.812328780130372,0.937073625183592,0.482361008674834
-0.240414742427962,0.0221403340894828,-0.801447696233533,0.637118092651171,-2.82520051737058,-2.11583633373157,-2.34775585670074,1.31529328739466
-0.227237940214375,0.0427710827623019,-1.79127555459566,-3.01193063533786,-2.8533138528124,-1.12462325028398,1.25464038481868,1.30081874646478
1.3741591904695,0.0668598186225796,-2.74406739874428,-2.48681713220193,-1.9567349564263,-0.170446181049911,0.685469267609693,0.360828281419946
0.225996302881955,0.0942927485544092,-1.03556217758233,-1.65285146580449,1.08549418152739,-1.87756617712641,-0.189320508870284,-2.72524424921824
-1.07248559975274,0.124903184200899,-1.62347559815329,-1.6294626316479,-2.03729351058755,-1.28826753147,-0.249644340267525,0.3536924541804
-1.34685534248038,0.158467164510522,-0.966449654488985,-1.83009279281495,-0.871744980582975,-1.94390825004885,-0.0814006879661867,-0.855260024431167
-0.579017414519575,0.194700190894606,-1.2477924740077,-1.59113156208097,0.202822707606323,-1.66118020544468,-0.347552740481176,-1.97230290200622
-0.321472618445229,0.233255522733983,-2.30633090963952,-1.20319054852744,-0.491427113055213,-0.601256544727409,-0.756872347276957,-1.3190955917576
-0.534092726843269,0.273724456744386,-0.20861068523191,-0.625956247222987,-0.0308604392947728,-2.69759154404956,-1.34910763848923,-1.81875251803434
0.779211758044901,0.315638873424849,-2.95813756698485,-0.923796976004113,-1.09316801715527,0.0533205627888354,-1.05939775914185,-0.79305583524501
-1.01916291220672,0.358476427159312,0.325786858794831,0.374739181137762,-1.35032900036814,-3.2292186379054,-2.3587969506796,-0.569501503058362
-0.728030018631759,0.401668538915618,-1.18558011631658,-3.36793029436667,-0.674231737609254,-1.71646643770853,1.39055894576037,-1.27568965799651
0.024999279942924,0.444611161884542,-0.997265345808921,-2.12871941387502,-1.56359127307064,-1.90339598313074,0.165730607031929,-0.412419378130068
-0.18090509787887,0.486678110273155,-2.05850128042022,-1.14065735361491,-0.72720196753912,-0.840774823433989,-0.800256421823329,-1.27044899886066
0.865661242977991,0.527236523214717,-0.484600878156439,-0.534060026243507,0.234307759775229,-2.41329000061231,-1.37725053459369,-2.24875446373051
-0.501809470977506,0.565663813048729,0.343041541134849,-1.02409700834135,-3.02002568221999,-3.23954719481815,-0.85041145374826,0.99395915476013
-2.60862040048486,0.601365290444234,-0.766474031714405,-0.42327949866393,0.884764207805604,-2.12864639688344,-1.40771978683273,-2.91701914952466
-0.46655405427054,0.633791497359806,-0.678688138167528,-0.643913061521848,-1.58209680743591,-2.21504706534486,-1.13751460207176,-0.450745266307184
0.716949236279408,0.66245425818905,-2.04244798307397,0.79208515529003,-1.71818534593161,-0.849901995352968,-2.51865955239369,-0.3095657518123
-1.76498752990789,0.686940495905827,-0.999402976534824,-0.400901897317425,-1.11709838198202,-1.89156177680666,-1.26643163295638,-0.899904424259918
-0.0119073717338159,0.706923005299506,-3.05749972667178,-0.757737506079597,-1.29959768884274,0.167920198415748,-0.846946922227963,-0.701119312992589
-0.833272074316153,0.722167592383958,-1.19722489044255,-1.97524162903833,-2.56124151212115,-1.69096941272803,0.435581152517434,0.582130957875306
0.295659319824081,0.732536262499116,-0.0880021252963237,-1.18072963890201,-0.940888199772407,-2.7988069527888,-0.292586650134779,-1.01160398204972
-0.539498203083604,0.73798644413121,-1.85371897219831,-0.293641190187629,-0.698691647734705,-1.03170488080136,-1.11305418274395,-1.2225625649665
-0.214383439908231,0.738566522498879,-1.91348731588618,0.245456013378047,0.930435841009406,-0.970551312028037,-1.58625609774721,-2.81629760718027
0.218479276685514,0.734408206690561,-1.48991817856577,0.578337664103753,-1.0749890500378,-1.39273522426299,-1.85490309314386,-0.771850882898731
-0.988724148399961,0.725716433546696,-2.43746495511131,0.628388298975865,-1.76275310858067,-0.443803222632,-1.84322616373532,-0.0420065165535669
1.57502040584199,0.712757613030161,-2.07956551583307,-0.821345301586761,-1.38552867926517,-0.800317436824781,-0.33501449644527,-0.37469412311504
-0.113113778865691,0.695847037795352,-1.37140894043286,-2.22447549840425,-3.1893382726492,-1.50708878713954,1.12271550359846,1.47549051167086
0.123070512662582,0.675336226412053,-2.18382631366009,-0.0404210881328305,-2.28196353876455,-0.69328618882686,-1.0111286065335,0.615708430401911
1.30434706971681,0.651600856377524,-2.04906078014683,-1.18905115117846,0.553197283704775,-0.826666497254667,0.182927294976058,-2.17125222428919
0.40893862333938,0.62502980140292,-1.37795493556236,-3.50351294051262,0.534828963777418,-1.49638711675368,2.53774620281363,-2.10466458131502
-1.65931825699783,0.596015622160847,-0.4038188948907,-1.18312440771015,-1.65026044635945,-2.46913793233989,0.252463575850166,0.128106045541697
-0.431521380509457,0.564946710235485,-2.93307029389163,-1.00632696942502,-0.159661723328567,0.061498691746495,0.105428797862512,-1.31586835683612
1.41381739402306,0.532201134568967,-0.0104812820801612,-0.132627891334669,-1.40257391132321,-2.85970509497952,-0.743865135985252,-0.0278636887357796
-0.378550644882954,0.49814213582876,-1.12258155475308,1.35390652323875,0.568590603952276,-1.74621959722115,-2.2113016698674,-1.9558952012645
0.566008038858504,0.463115135024653,-0.632982705810766,-0.470730258231227,-1.52857862373975,-2.23443322107801,-0.37277257444166,0.182068929997329
0.78484196367762,0.427446049486928,-2.56240294721675,-3.03508162446254,0.739646586963909,-0.303627754586574,2.20040641737825,-2.04802889306208
0.289188069269475,0.391440715813969,-1.04859639075236,2.44009964186074,0.466153892790154,-1.81604908596551,-3.27084303256701,-1.73935763426528
-0.0623372260581017,0.355385185993522,-0.769433613210618,-0.970925789338576,1.15135830631428,-2.0938266384218,0.13940557249815,-2.3925676200769
-0.545156769907296,0.319546682092491,-1.35005527051384,-0.604268836918739,-1.32139419589823,-1.51181975603312,-0.232539534460405,0.108802980413199
0.688768756555092,0.284175021549524,-2.08942142031157,-0.578932623766322,-0.162874235264281,-0.771068381149934,-0.267474294400412,-1.02462766317705
-0.274059835341974,0.249504342022196,-1.88230882651859,-0.509166231568396,-0.404717797174544,-0.976795749857467,-0.350950009688285,-0.761339955709023
-1.44683978031274,0.215754988297728,0.838229463316893,-0.192968721951806,-1.36544822731257,-3.69594881460749,-0.684772758870528,0.217105346820241
-0.953787808075601,0.183135446390264,-1.08267935431912,0.388570284856455,-0.995249043460453,-1.77365477188603,-1.28766486682004,-0.139163758539961
-0.506546740813424,0.151844235440543,-1.81147516987472,0.0472456798627101,-0.530264734797963,-1.04347373124497,-0.971240768622445,-0.594033227602426
0.614970573790387,0.122071686159219,-2.19322611242221,1.44419011261194,-1.11623569595919,-0.66033756361203,-2.39645993546006,-0.00177122931069296
-0.352124557436961,0.0940015499195094,-1.23246012041557,0.0972223156870682,0.554690514061533,-1.61971833053322,-1.08097389724773,-1.67021968828365
-2.55537091614488,0.0678123930189297,-0.0483470347606318,-0.838184360829224,1.0544734646767,-2.8024461911027,-0.180092622719571,-2.1713109246958
-2.03732126149849,0.0436787372248234,-2.19964147388332,-0.107264889758442,-1.7055157585125,-0.649766526894554,-0.948418689208064,0.583626106760196
-0.90811778172558,0.02177191076619,-2.18927691879735,-0.461275586133657,-1.84022086963324,-0.658745856895078,-0.634530745254478,0.709590803469885
2.21419204366064,0.0022605742556516,0.339755594971635,-0.961131674416965,0.141959213901449,-3.18639314557861,-0.177341896265892,-1.28494947664739
1.67353350331387,-0.0146891158027006,-1.05405469037963,-0.75541839805771,-0.40284181586852,-1.79119763514189,-0.42808411408817,-0.756047487476062
-0.0675290082574514,-0.0289137457113869,0.450442554902377,-2.55771666293535,-0.0899802292934977,-3.29430965533844,1.32702222767601,-1.08825325765319
-0.116573812848303,-0.0402533298180278,-0.376318500363108,-1.91123358320645,-1.43478844175925,-2.4661633749875,0.631403956961759,0.23387286436925
-0.718437558890872,-0.0485524891069429,-1.30887640336443,0.193078042862329,1.05312093792501,-1.53222024690073,-1.52374024348796,-2.27993449114985
0.0775432193497601,-0.0536621699599908,-1.15423930982549,-0.193729958924557,-2.10454858140068,-1.68547211535421,-1.18918497953979,0.848759661179271
-0.340227692633477,-0.0554419508809721,-1.77038780836984,-0.97844878473959,0.364886746480173,-1.06793839172441,-0.457825512928768,-1.65257138342388
0.414444890752166,-0.0537629760343101,-0.243744742914489,0.657546926502181,-1.73612703041224,-2.59319623209431,-2.14793273029754,0.41380430842708
-0.211489137574995,-0.0485115471763077,-1.15852065284655,-1.78930984331425,0.28109840742705,-1.6770350970768,0.244459800551383,-1.64060002674512
-1.60471276117136,-0.0395933683120265,-4.03232778414379,-1.62075157133714,-0.555122020091398,1.1981572593059,0.0215320277939335,-0.843871421749533
-1.07917113249234,-0.0269384615390702,-0.599998346519675,-1.21244388030306,-0.212000615940297,-2.23278695323276,-0.440552993653507,-1.2285405756645
0.460087416817851,-0.0105066730102711,-1.25218381491964,1.28518394024377,-1.47643486979885,-1.57921625974734,-2.99081824064915,-0.00742125713213437
0.197775096786118,0.00970633075088691,-0.888021347103794,0.323550381097375,-1.97239529354914,-1.94199350247773,-2.08008576602931,0.443779846833226
-1.38196576330267,0.0336627267481226,-2.0233659167636,-1.07492803449646,-0.85791725232382,-0.805263707732477,-0.730130864457595,-0.716543230057779
1.40894642269184,0.0612760705349803,-1.85460133260873,-0.939969467132008,0.628385431142196,-0.972643066801893,-0.91055610443653,-2.24938109212875
0.809245440016205,0.0924050428122651,-4.08069234786914,-0.826783594282171,-0.216409186328682,1.25483317354397,-1.06544409959677,-1.45137923151613
1.36184407797762,0.126847732685911,-2.14218264947766,-1.62718892404739,-2.19613277784894,-0.682291299762052,-0.302253076959919,0.481762449233469
-0.359588442007593,0.164336902829529,-2.85591220712576,-3.1193913763367,-0.292716114362403,0.0328234829714995,1.15794548770525,-1.467523593051
-1.60645013904602,0.204536715782527,-1.07815155017161,-3.47070152216025,0.462835091512082,-1.7435519488972,1.48316473789738,-2.26770097013851
0.804834170798652,0.247041439229599,0.215028036334344,-3.32430378315687,-1.74825350896326,-3.0353463103177,1.31724951454096,-0.0994417660264656
0.822942496433347,0.291376605038143,-1.89032597463784,-0.918653075232133,-2.02576141978624,-0.928607074260063,-1.1007511998682,0.137601967966749
0.0504688386746714,0.33700303393158,-1.93330241317249,-1.03077255471536,-1.74692322870708,-0.884245410639958,-0.993311886441982,-0.178761791810295
0.42505725101524,0.383323996258879,-1.13138566514006,-0.651034976032245,-0.872559528826589,-1.68477693358694,-1.36967422631677,-1.08714578662484
-1.32119682113574,0.429695731295012,-1.93879777183012,-1.61578503779875,-0.598231682094521,-0.875979601811415,-0.393248285842336,-1.39144195198313
1.09247650502783,0.475441133800651,-1.2878654508457,-0.369126968139057,0.272885944283945,-1.52552669771038,-1.61984511344049,-2.28796350699425
-0.0130529135574962,0.519866241494578,-2.92634733600603,-0.61953671568562,-0.788272637100465,0.114340412535394,-1.34107975161914,-1.24718120124605
0.432468113425402,0.562278911782621,-1.85412782065271,-1.78035909871317,-0.690196927288084,-0.956493877732468,-0.143882836342225,-1.36020616268936
1.2102789250949,0.602008796709597,-2.75128615725442,-1.46472112124969,-1.11738740023071,-0.0579503160453059,-0.415588395575642,-0.942216311391994
-0.071579447786436,0.638427538413236,-2.94576040614677,0.124733555255173,-1.52427940550941,0.137909157932499,-1.95419216870184,-0.538544678627201
-0.115599251526876,0.670968001733411,-2.59599069739095,-2.7197649300216,0.0411174718519458,-0.210475325737872,0.947273550720204,-2.10104986929786
1.00666368578346,0.699141363319483,-2.71503448915778,-0.5533651883686,-1.0423955699849,-0.0900463088855892,-1.15698409460906,-1.00850785395035
0.801078892604422,0.722551011284189,-1.19174872533518,-0.973958800981446,-1.22476545514466,-1.61194684762274,-0.670124294570596,-0.811056312284193
0.479146125820237,0.740902452044303,-3.5657647561229,-0.134412130010923,-0.0380246123677474,0.763454408250446,-1.44040596148518,-1.97685671767526
0.89696935803811,0.754008441762098,-0.639132234089873,-2.45914939707992,-1.16894986809609,-2.16179288869713,0.955433011262591,-0.819430851712835
-1.68211574826427,0.761789701742617,-0.774233439080823,0.63082094280017,-1.60468404540239,-2.02530645862073,-2.06276030599341,-0.352031232192015
-0.133084068138275,0.764271084047042,-0.943173273537462,0.087276641736148,0.777885669224565,-1.85498139907864,-1.44788859356795,-2.6982515162998
-1.06709922736251,0.761573726141965,-0.232094241662318,-1.09586449368143,0.67267304784569,-2.56467520586833,-0.194926314320955,-2.55255799194521
0.42197775879559,0.75390404132833,-2.41670926243117,-1.2738445097572,-1.32863540673964,-0.37867496001402,0.0504064816803309,-0.507245658783504
0.0821101380147615,0.741540529804933,-1.04956250980427,-0.352816809758599,-1.22049594568126,-1.74443648755547,-0.806584678471256,-0.568506134468185
1.05802090945064,0.724819376041943,-2.20243408559561,-1.08418845293825,-0.636299866458137,-0.590179686678674,-0.0152136597103483,-1.10361859737037
1.61074322973702,0.704119716460756,-0.823448462821068,-0.676868881072121,-1.9757731142463,-1.96778008436776,-0.3671591223559,0.286466013471759
0.809570986317509,0.679849563057388,-0.89574026951085,0.183547614774643,1.78185991873752,-1.89410305259253,-1.17728226804262,-3.41969630746956
-0.334120543681784,0.652432850354244,0.277152934776154,0.146304490419267,0.376962860453045,-3.06561103179408,-1.09515518879587,-1.96311591167177
2.65952897933917,0.622298181956139,0.400011728420976,-1.06726547997579,-0.701470704977995,-3.18708460035345,0.157677692314616,-0.83340037787888
-0.69090044053307,0.589869519403606,-2.21480662727973,1.30501805237813,-2.34067897894467,-0.570881019567283,-2.18107143096086,0.856116001991798
0.453638912788903,0.555558888157841,-0.913962477111225,-1.2310119066121,0.562355396800144,-1.87033994465034,0.382746542645012,-1.99810866206462
0.982258945711745,0.519761045966811,-0.645156975198439,-0.0302671247585511,-1.03547640486842,-2.13776022147767,-0.795900336705678,-0.353437892166883
0.981380886846118,0.48284995452147,-2.29080331922692,0.709738855650519,0.278763313888444,-0.490728652363736,-1.51938333006571,-1.62322738732921
1.56880884811227,0.445176825120088,-2.19359454452577,0.478674568752525,-0.236387729166584,-0.586552201979436,-1.27721129620982,-1.06637815838759
-1.89436800221975,0.407069474389113,-2.62659254893402,2.00194220057201,-0.0916852444809344,-0.152168972485733,-2.79459537413532,-1.17244423644263
2.98770394958187,0.368832719385078,-1.03307995691628,0.177736026015385,-1.12076353364606,-1.74429633941801,-0.969518872101425,-0.108049876480537
0.64329989313175,0.330749554284685,-1.61955478315183,-0.557976099813452,-1.65373030184799,-1.15643628809701,-0.237728382051303,0.456701982195928
-0.841147534118105,0.293082876847558,-1.88184750448216,0.0804830196195743,0.873476149192986,-0.892758341681232,-0.884677283579535,-2.04241698379182
0.894955699136066,0.256077565644316,-3.03708680405346,-1.19552799318572,0.44556657028601,0.263866182975524,0.378496268678624,-1.59024438397645
-0.258391020038906,0.219962743827935,-2.93127448721253,-0.175762491953313,1.10269008709359,0.15943909122005,-0.658241419717642,-2.22702082295666
1.08411381756461,0.184954098454158,-2.12609169587347,-2.0535638441236,-0.995179082165881,-0.644358475033555,1.19865588076346,-0.112780946531093
0.159505335727091,0.151256154166107,-2.77516283791762,-1.28005656303259,0.300463765047695,0.00609789209605038,0.400504308495094,-1.39606294798866
-0.30815307030431,0.119064425568067,-1.54713335699777,-0.102295661023359,-0.0969379191738664,-1.22054636373836,-0.805460628182984,-0.99032061329302
-0.266763368146247,0.0885673797289098,-1.2849064903472,-1.03862891242991,-0.775677143977674,-1.48138800530346,0.0992794900505054,-0.307251435776311
-1.01365481126307,0.0599481800624034,0.0133573853372488,-2.25407105847249,-1.81348420897937,-2.77826665590246,1.27990233955575,0.730901370392519
0.566937267386927,0.0333861662853263,-2.0686120612585,1.91076282694687,-0.734592602400421,-0.694911984221261,-2.9228187902959,-0.351587524177579
-0.727123434697974,0.00905803385804919,-1.81019456330693,-1.09500365438021,-0.255989109444805,-0.951944257087377,0.0421497185572079,-0.837677165179672
-1.31402001098521,-0.0128613149541991,-2.28675004246568,-1.50596987953573,0.635719345482521,-0.474003552843177,0.409567790484321,-1.74069457954517
-0.57119265292845,-0.0321982850439671,-3.27385819863173,-1.68775408414563,0.559326047989306,0.514489828408334,0.545222357394142,-1.6793556394464
0.796703425104641,-0.0487805075763794,-1.87608646714122,-1.43394230850798,-0.0680520079636566,-0.881896677996722,0.242881552366149,-1.07068848383386
-0.991446753501056,-0.0624372098562681,-0.378691194450372,-1.30397315361637,0.746373608234344,-2.37790672560212,0.0621850438160796,-1.90738059373037
-2.84650394093699,-0.0730000870178417,-1.63017368784205,-0.910803945817289,-0.467746878497361,-1.12503900712498,-0.383683992024063,-0.718967946526597
1.67375441776087,-0.0803047316317919,-1.04352163835016,-0.153316481834798,0.257445039607532,-1.71030583153143,-1.19558720824324,-1.47317978445454
-0.636002126117173,-0.0841926796085851,-1.54189053322085,-0.795411698620412,0.466088161470613,-1.21055171157528,-0.609330535690883,-1.71400843108718
1.4278235701608,-0.0845141297377057,-2.64102149407391,-1.42529727127246,-0.9372696057789,-0.110035525636772,-0.0363709213462061,-0.345835503357602
1.40217384669986,-0.0811313876561935,-3.7708071273277,-1.73334170970116,-1.99668231687259,1.02113533270248,0.214042988631324,0.675582102217516
1.74024622774262,-0.0739230715299435,-1.27397467340686,-0.623218824067303,-0.860171138983447,-1.47431189613291,-0.953980184099807,-0.501519451966476
-1.80294657852765,-0.0627890941753824,-1.05308357131873,0.0239439414203753,0.18609209497964,-1.69381777313559,-1.65882276227398,-1.59072407712379
1.15852742865806,-0.0476564030101668,-1.25580912299591,-1.61090165094822,-0.294695699707924,-1.48970699637296,-0.0808888289198915,-1.15495187650457
-0.69102960798066,-0.0284854135815349,-0.919707334852701,-0.85573819840673,-1.10489647568177,-1.82442355943071,-0.891590494188093,-0.391528427320112
-1.40974414475984,-0.00527701367277892,0.782273305739874,-1.35102062755079,-1.16343372117687,-3.52501897493783,-0.44981207600754,-0.381179410685797
0.311399286611644,0.0219200565260909,-2.56964012413186,-1.36769910180436,-2.10480198826911,-0.171720319980643,-0.483892128903271,0.510980982749959
0.994870187447856,0.0530017249594053,-1.44659894636325,-1.28282219976807,-1.60885525774417,-1.2933762726638,-0.616028428871334,-0.0347604157359113
-1.01400970349351,0.0878013744977125,-0.540207115136703,-0.887581497731406,-0.867025530000544,-2.19838287880489,-1.05424514874482,-0.826497177087804
0.979440028680299,0.126083349860535,-1.59325885310095,-0.614960830450521,-0.00126130967482341,-1.14394591575519,-1.36475918734998,-1.74176627473118
0.450840130768216,0.16753771667183,-1.76645596574304,-0.56877163361315,1.36751285289006,-0.969363578027651,-1.44296429189119,-3.15909177407271
-1.93882894451369,0.211776860109792,-1.7541440461732,-1.59161697934621,-0.61012400848351,-0.980290272512035,-0.445490144617475,-1.22846968033877
0.657517656491042,0.258334529175725,-2.943552019066,-1.85822911482724,0.178315896869694,0.210502925466218,-0.196891066496455,-2.06178049384169
1.17342609045934,0.306667898984895,-1.23421796796499,0.196626311929878,-0.686102727508726,-1.49744590054934,-2.26177025528234,-1.23946699622929
0.283570356802744,0.356163134823014,-0.305608196212166,-1.43558952239639,-1.29067660891438,-2.42467044721671,-0.631069423182053,-0.673607746634815
-1.52338204902849,0.406144758186965,-1.41926277455506,-2.09776958906147,-1.25499286126461,-1.30963064378836,0.0384834495803268,-0.744001971046086
0.285280303190652,0.455888901033873,-2.52179511189088,-1.95658551913163,-2.09641018944412,-0.205713081367085,-0.0862276332216861,0.0672961237813445
-0.0285654198654313,0.504640138124703,-0.440592725274916,-0.775951509801531,-2.3231555364876,-2.2855302428976,-1.241264409968,0.269057429589719
0.315020417162172,0.551631548508775,-2.00275597064779,-0.559070734702164,-1.10572640483432,-0.721981772439276,-1.42360312627181,-0.96773679384812
0.555132440118124,0.596106971175982,-0.581331087363845,-0.0666560226140179,0.464132115841182,-2.14202143063776,-1.87292080414034,-2.55093449237593
-1.69349051853591,0.637344298235296,-2.092470086321,-1.44212367773911,-1.39285188888415,-0.629497206595157,-0.446398980535185,-0.700948839029549
1.43750219258595,0.674678496481193,-1.95012182777563,-1.53920504756599,-1.29534347977649,-0.770460240055067,-0.291099792416192,-0.798904944303003
0.748582600445376,0.707522849805922,-0.431019226095881,0.47227103690325,-0.252182640439779,-2.28817761664937,-2.23816089727692,-1.83586786134436
0.699827629654078,0.735387077542661,-1.00543215646287,-1.84200214560733,-1.02927364628779,-1.71237946119692,0.145615544395927,-1.04595930556813
0.319667016983763,0.757891188116906,-2.09337864612682,-0.240479959710359,-0.710287724925495,-0.623047746447524,-1.38252867688572,-1.34565680075198
-1.87371520672035,0.774774197282789,-1.51187664809407,-1.65893055864734,0.867738935347722,-1.20316451939482,0.111898634738721,-2.89819296493259
-1.61774909333048,0.785897333455813,-2.61458285791787,-1.66528820608468,-1.59812396464891,-0.0990730844855605,0.19553745317021,-0.401019205829545
-1.0457005045058,0.791241744561543,-1.37841227440845,1.77068102816075,-0.0560823473933811,-1.33385844290953,-3.16311595411954,-1.90641307875148
1.15050802100474,0.790901210019203,0.578022977490601,-1.60607736968297,-2.21848791189185,-3.28890846972313,0.289786754112168,0.297406368826564
-0.97663727176876,0.785070716659449,-1.2889308745869,-0.573853724919369,-0.118457437565909,-1.42056939256017,-0.668573477471648,-1.75708510396904
-1.06918178571369,0.774031937736996,-2.24009851783112,-1.36395002698506,0.187225172945497,-0.468016524230496,0.192118719497376,-2.01379630387615
0.469850314303547,0.758136836705618,0.732358570981063,-1.34223618371098,-2.44677703449205,-3.43908838795723,0.236887091488745,0.671884473293358
1.62686550633027,0.73779058163176,0.159181147448772,0.715985174852747,1.09056217102145,-2.86452573933948,-1.75966189191908,-2.81180800135927
-0.504380660346818,0.713434823238211,-1.16545615079015,-0.221132142970562,-0.0552222830465967,-1.53850321601511,-0.766226437958663,-1.61114382520199
-1.52433744805208,0.685532214241787,-1.64435968464348,1.49399884952608,-1.79180710062187,-1.05821445707632,-2.43079104810716,0.180838097961027
0.735060571079433,0.654552783901889,0.145259391622981,-1.89578363188079,-0.89327567510219,-2.84644830825733,1.00354515533367,-0.662461486403309
0.505792676951109,0.62096256174117,-2.43027385779945,-1.0381059046975,0.248835833897642,-0.269529833749451,0.184269992567003,-1.75014530795509
-0.354294211630675,0.585214609045308,-1.50741640262522,-0.862258581581593,0.351579112435731,-1.19100206383822,0.0406412817093134,-1.79985209855716
2.680652915498,0.547742404960475,-1.94827861706779,-0.71144965779228,0.285037633510595,-0.748754624310201,-0.0840779657824922,-1.68219507614129
0.980766655366149,0.508955431017163,-1.49282068935052,-2.03153350473359,-1.75978447632926,-1.20282732694201,1.25609149287112,0.411352186261781
-0.762213477821798,0.4692366880078,0.0211821060960908,-0.427425137382776,-0.974156572480348,-2.71544489730318,-0.333757709797274,-0.328349285456339
0.346277473855076,0.428941812924388,-1.98682659338186,-0.913416741354984,-0.460658293041696,-0.70605097273977,0.160881320974272,-0.799068082538654
0.963252927809005,0.388399474439237,-1.13843212111143,0.13050837187411,0.733249368251476,-1.55306021992475,-0.879770055739661,-1.95363384483149
0.071578970287581,0.347912723114312,-1.84095268523688,-1.21581201273435,-0.770509689817527,-0.849154430713847,0.464700135157465,-0.414207132413966
0.0350390229392935,0.307761038831888,-2.79733566801867,0.350096323561938,-0.352791384092437,0.108613777153398,-1.10793027427725,-0.800119147496073
1.29107332139083,0.268202760592459,-0.912335264432728,-0.893558742000142,-0.0108712720104602,-1.77500140134709,0.124377874110064,-1.11423676189803
-0.411934933787062,0.229477796961126,-0.665049827182223,-0.0170801122534325,1.42384956177087,-2.02090161351214,-0.767835705604136,-2.52526174809364
-0.548292051238212,0.191810395874255,-2.39514243879528,-1.06240186359266,-0.112844546835939,-0.289423776813628,0.257586278958032,-0.969046792801905
-1.56812973541099,0.155411862280435,-2.23565213752121,-0.96277350572614,-0.7075637622813,-0.44752885300225,0.134101224016677,-0.359020422874885
0.944830120526201,0.120483149014429,0.173029357133381,-2.17584914849423,-1.47079584102091,-2.85482512257138,1.31955551604949,0.415291583229526
1.21249460741741,0.0872172445306598,-2.22469039462337,0.691628994453202,-1.98497977836957,-0.455720145729175,-1.57913090648832,0.93633583262242
-0.293081611087389,0.0558013291190621,-2.36325369457134,-1.4336735860851,0.854319995648487,-0.315771620695752,0.511541674217496,-1.90029796561754
1.58655417458016,0.0264186560756153,-1.41408126371164,-1.83566084470296,-0.867146493544636,-1.26355882647,0.875632899463496,-0.180319765201876
-1.23943668024675,-0.00074987450668589,-1.72029932622001,0.732701750083982,-0.832852977300714,-0.955955538876175,-1.73374177512346,-0.220203200988761
-0.16234000673928,-0.0255244716856814,-0.912554998993527,-1.57526542225769,-0.0533377183158896,-1.76231464101721,0.530246059741621,-1.00934637698181
1.04583851262923,-0.0477255713566271,-0.508788244376215,-0.516705875840868,-2.05115467885134,-2.16469617054907,-0.575107414129972,0.974878397767677
-0.217378869200579,-0.0671733520958112,-0.65650442918387,-0.543670837653958,0.924597172621986,-2.01559476065596,-0.597588834301637,-2.01834632762754
-0.587482635573902,-0.0836876930558111,-0.79097225977328,-1.37315341174507,-1.07632058639631,-1.8797417049811,0.179972522870136,-0.0386882928734091
1.33590805456038,-0.0970886260889638,-1.6505501760411,-1.24156059112862,-1.60612022495366,-1.01877856362782,-0.00581688484090426,0.466169898281582
-0.670142882450937,-0.107197343044945,-1.7384127728055,-0.908249303997971,-0.266124139536219,-0.929530741777971,-0.395372210462749,-0.902331309077157
-0.386405860284994,-0.113837826097978,-2.8200546117204,-0.697230647298838,0.555775807015666,0.153496322222381,-0.664419247263534,-1.75616688701292
-1.09032284479864,-0.116839173532608,-0.473829449988383,-2.40274328159761,-1.44644539078477,-2.19134361442418,0.981585677373785,0.210839161700547
0.229890873332112,-0.116038693352453,-1.24772920163467,-1.03157990966856,-0.214546613016768,-1.41605863769244,-0.450211332504242,-1.05938230135692
-0.997412115654784,-0.11128583078729,-2.70575597439974,1.2074022466533,-1.51823908046054,0.043353360158082,-2.7505452550517,0.203076451412316
1.08152026393249,-0.102446980814192,-2.34749773739343,-1.8435503078597,2.08517468799307,-0.313519651762773,0.238804819817931,-3.44425722437977
0.893720723543296,-0.0894112108637138,-0.77620109234627,-1.79927753218793,0.467014864592155,-1.88343107172448,0.133209919724018,-1.87244639192048
1.95624392033466,-0.0720968795580753,-1.54259023675097,-1.9991508386972,-1.53946337822956,-1.11565670223432,0.272638589744447,0.0855470743627155
-0.505827158089016,-0.0504590826110581,-1.13479345353962,-2.6681194684638,-0.832410067200796,-1.52206826036022,0.882703537636293,-0.671793621071205
-0.181883800080768,-0.0244977857311049,-1.34969863833984,-0.714204393135201,-0.93654768670784,-1.30577785047455,-1.12784688963054,-0.619369709937203
1.38455935180648,0.00573358286077102,-0.940738220918485,-1.43285432446232,-2.45725570889384,-1.71335304281045,-0.46277838484898,0.848620155932532
0.0414644277667458,0.0401194065565513,-1.86699632277102,-1.71329621852007,-0.734739389193834,-0.785709715872459,-0.232029663080673,-0.927149861759655
-0.478105108943814,0.0784734790372008,-2.21847055547467,0.846658551961304,-2.31132962192802,-0.432850258083354,-2.83692005197086,0.596167107001305
-0.42108366961337,0.120531443651431,-0.509250678012148,-0.459253669201886,-2.09103439544238,-2.14068491046042,-1.57029989531498,0.32314042425467
-0.578810450274313,0.165944747643752,-1.68310769878406,-0.569398959107024,0.694829460226539,-0.965442664603054,-1.49292330041774,-2.51431004588496
0.725243202992354,0.21427681305441,-0.819639968927726,-0.45462306016287,-0.587851297696959,-1.82752516937394,-1.63309807849692,-1.28143243903979
0.580812312182268,0.265002167679992,-0.744604073150063,0.689794330554839,-0.0993261327507471,-1.90117584006615,-2.79476229192351,-1.8173117150425
-0.711871640271996,0.317509219506882,-1.43091198829354,0.63511028414944,-1.25986380242914,-1.21348269983722,-2.74848831109311,-0.700997851407139
-0.357415012831944,0.371107237755713,-2.54399228223128,-0.946082959100512,-1.24315727210157,-0.099017180814023,-1.16631546794825,-0.758114774560744
-0.451697985746665,0.42503788660779,-1.05293597917073,-0.565969641391373,-0.64059519932139,-1.58868825878912,-1.53567156052139,-1.39660504130819
1.12141399951612,0.47849134953919,-0.332259561386569,-0.0226458442111377,-0.305953631798218,-2.30797945148783,-2.05826724112388,-1.76205616728616
-0.91237070238226,0.530626708989842,-2.49868132204009,-3.17606455902125,-0.969398679667915,-0.140172465748858,1.125825171138,-1.12371716281886
-0.282910856138015,0.580595832730157,-0.688663889815819,-1.67661708745857,-2.52482838275089,-1.94880467288767,-0.333262592303394,0.412823816111476
-0.0260439010395655,0.627569617256018,-1.5252937882944,-1.50671238412614,0.455157359730438,-1.11078954932364,-0.453620926611885,-2.57940940837951
1.02039743986119,0.670765101495784,0.347175484716282,-2.49393981454223,1.62546954810085,-2.98187359724887,0.591606359814769,-3.75501078570744
0.142381123403834,0.709471748705354,-0.739785287989236,-1.54878436343385,-1.2951956984555,-1.89352759945789,-0.288044873809216,-0.832480338774899
0.938393359258167,0.743075143076462,-2.96341200955878,0.559831356865996,-0.589040083517351,0.331484347197104,-2.32478786868756,-1.52955141520792
0.523571193924393,0.771076482999502,-0.975897312746829,-2.08662746142199,-0.40077441669405,-1.65464512452939,0.398628584257142,-1.70158493710125
1.68588979943744,0.793106559408147,-1.26411913972631,-0.540458648354056,-0.129669098878111,-1.36503807246446,-1.06688272246878,-1.94951929944605
0.424699291169887,0.808933410868275,-3.69911110192618,-1.09554247122251,-0.171481944017222,1.07133911482087,-0.428877560699871,-1.87793767782713
-0.0833217144339456,0.818463343796017,-1.01202303320645,-0.199144141756758,-1.84854950652311,-1.61436372881341,-1.24152658851254,-0.164966799486625
-1.32634455504533,0.821735578834386,-0.135481198184128,-2.93164309492458,-2.19584830203424,-2.48952033875028,1.57416241753108,0.223798626593999
-0.0908072099421962,0.818911358307848,0.180891094888749,0.886469464460378,-0.749417352107716,-2.8045074067377,-2.16261502704297,-1.17626364279698
-0.0291575169745028,0.810258666478827,-0.53853015914405,-1.62805810967508,-1.8288710559407,-2.08370092761945,0.430223498475052,-0.0462701253914003
-0.444900031805842,0.796133971868638,-2.21329496169373,-0.281581879940398,-0.738554912700023,-0.407550899984316,-0.841983116638433,-1.08265419094095
-0.620328943172398,0.776962462556843,-2.34691816320721,-0.0710349351710709,-0.0223693788755318,-0.27254247338538,-0.983151201701782,-1.74232035706928
-0.837570185173266,0.753218161413096,-1.93654255712095,0.171741485266448,-0.109726770794233,-0.681532854386188,-1.16211505865175,-1.59666646182851
-0.425711964206007,0.725405098573128,-1.45468247408186,-1.97414282868879,-1.78635802583832,-1.16200771233983,1.04151137988132,0.139242208435345
0.750487535972408,0.694040440234457,-0.28352097495165,-0.675544918334293,-0.173569203004097,-2.33178398638458,-0.205757208915044,-1.41405395906651
0.31959335845445,0.659640163474883,-1.60279773614828,-1.06503946736623,0.220539087484366,-1.0111220001025,0.228458229050435,-1.74917577933756
0.602682798085889,0.622707576007807,-3.42291583317869,-0.909203290583512,0.939704312756879,0.810381322013364,0.110666918438629,-2.41052734287891
-0.673296653481816,0.583724708154871,-1.4043420298727,-0.899057014468827,-0.733589929006925,-1.20680725620718,0.131929287804404,-0.681196642137372
1.0374745680639,0.543146438168864,-1.24917247879589,-0.530707698799162,-0.966002320756518,-1.36059158219853,-0.211521669583289,-0.395062722060008
1.07969023968973,0.501396957405814,-0.435313796043242,0.404285539365034,-1.31957303315093,-2.17306503986572,-1.12793520286806,0.00944536956134778
-0.744743466601037,0.458868371705646,-0.711893591636707,0.518515507136698,-0.362624165419253,-1.89510001918681,-1.22966582927822,-0.899751537222658
0.366834442731399,0.415920904111491,0.032310024329111,0.427019849640759,-0.617751438850532,-2.63791841006717,-1.13148311616525,-0.600393446301723
-0.880551282705991,0.372884307238516,-1.14304374464691,0.18871446952119,-0.472478201080492,-1.4611794160057,-0.892019488232177,-0.705231028781552
0.0449543268327768,0.330060159631973,-2.31314068820697,0.713425106972729,-0.70144958401221,-0.289697247360182,-1.42081361595696,-0.439836346599674
1.01249588022673,0.287724728292786,-0.505934362224834,0.292786946248262,1.21727184383698,-2.09551834825687,-1.00921927138215,-2.32631274950129
0.650241159349542,0.246132143040491,-1.14067154663901,0.157628774564334,-0.457022570433898,-1.45939593875724,-0.887796315876036,-0.624072108577437
-0.462244861208122,0.205517685034987,-2.39778177648542,0.580437261417067,-0.438492328005329,-0.200900483825376,-1.32877959645247,-0.619035984463154
-0.686331682247696,0.166101042001372,-0.771875550271591,-0.858457663084708,0.254275242575002,-1.82542148495375,0.0877330279325875,-1.29266440228537
-1.16916750350988,0.128089425393073,-0.640749346685885,0.943145200286374,0.0181111069197282,-1.955162463454,-1.74024825816876,-1.04180736973419
2.58725545223905,0.0916804792353484,0.00223477751276824,-0.769460819306521,0.362365421769042,-2.5967613625672,-0.0578255583207111,-1.37581068050929
1.21702552072314,0.0570649171138613,-2.22886518737394,-0.693240510738231,-1.46490505060749,-0.364276172595037,-0.167861154453824,0.457292389136301
-0.576487400808761,0.0244288831815041,-2.11076397255132,-1.11610815858656,1.04205794721684,-0.480992162332202,0.21771668912765,-2.04821746002968
0.294741023540097,-0.0060440018524075,-1.55181974327276,-2.04587882489911,1.35436556711824,-1.03855116652532,1.10686876028782,-2.36339989297974
-0.17637055701292,-0.0341709338851808,-4.21425352897496,0.430654590446824,-0.368539661077145,1.62526784426235,-1.41347348089463,-0.647635633929012
-0.457392350354214,-0.0597685726592385,-2.69200316629857,-0.34174304951592,0.654221192830372,0.104402706671411,-0.687938278496263,-1.68173295513861
0.348399016924213,-0.0826520718283752,-1.21977669872197,-0.0130349651127228,-0.216397337390365,-1.36643853581974,-1.06642193668384,-0.826567620798901
-0.554982349105502,-0.102634530273639,-3.250038486401,-3.42127587732945,-1.56795812380919,0.665208476944747,2.28928091868837,0.505510105125893
0.291731124113082,-0.119526912448898,-1.77057228937069,-0.74037889692895,1.51170153143937,-0.812872495000112,-0.446748995906359,-2.59756682703039
1.79691153597569,-0.133138497410819,-2.61725830579545,-0.850090819549237,-1.5745431459625,0.0351987465101034,-0.39457316716765,0.461432162879978
1.38259182733369,-0.143277928324938,-0.492613232634339,-0.569032517510721,0.164455707375672,-2.08806110156556,-0.735347434988228,-1.30852279593819
-0.681306324674314,-0.149754944463122,-1.04821201025099,-1.22316582560629,-1.10305489645046,-1.53107709886346,-0.142847462885901,-0.0755458873984483
-2.43540429953524,-0.152382885336095,-1.49027716542707,-0.850079200884923,-3.23428128168361,-1.08762671860192,-0.579175402868,2.01772009779657
0.609587169856897,-0.150982059156969,-2.77836028828957,-1.65356834505977,-1.42087626952014,0.201841629346034,0.159828225970544,0.163100654725839
-1.70099206684616,-0.14538406331041,-0.0261288858970015,0.321832405245003,0.0746956424896308,-2.54900454796108,-1.8808770241018,-1.37674109564258
0.556033668620237,-0.135437129967599,-1.24486930505679,-0.856339149332591,-0.00840072277525672,-1.32887890371584,-0.768336056237347,-1.34074092150202
0.934764701858902,-0.121012542467516,-0.265240451424241,-0.240223714513099,-0.479687441187838,-2.30712253226293,-1.44984258007877,-0.919112598163074
-0.127953071012191,-0.102012124418147,-2.27827311444847,-0.976376242286196,0.81706857313909,-0.292704644153248,-0.778200131080823,-2.26778530293545
0.383395428400978,-0.0783767408136835,-1.37028942085904,-0.919400385900865,-3.27720669173822,-1.19930311265722,-0.898086744418402,1.77266309062284
0.385014061807719,-0.0500956668651252,-0.705239347237249,0.189521318267589,-0.385243414526768,-1.86296796119357,-2.06752693909793,-1.17464096140762
0.163418208062505,-0.0172165758411919,0.0291330671503187,-1.67397706731329,-1.6002378472727,-2.59595515049568,-0.26129309856976,-0.0160536163097146
-0.170414608244496,0.0201442234688782,-0.635397824027495,-0.891163268269101,-0.0178670730965151,-1.93003903423241,-1.09719738422385,-1.65539690147451
1.20788947322755,0.0617918302784922,0.251609938446445,-1.79081509644825,-1.01584053971478,-2.8156615716209,-0.245498754156811,-0.714406775267166
0.599677373960981,0.107443687486264,-1.14279555465578,-0.649566902100937,-2.26282178900447,-1.41987085343322,-1.42857716921196,0.476187053478778
1.34723982308787,0.156722214810613,-1.81788228878564,-1.2013471066994,-1.41092347811678,-0.743398894217906,-0.911522243766549,-0.430847787603969
0.910436017578496,0.209149992221225,-0.466253221197283,-0.0475415530833174,-1.93806290360566,-2.09364273672081,-2.09200127703535,0.0431025360948914
-1.64142581535723,0.26414840295319,-1.85538218260657,-1.08413513186255,0.242989645211428,-0.703128550226066,-1.07315346743562,-2.18846323625921
-1.98446209196371,0.321040582613193,-0.80092962768031,-0.786024332131899,0.440298471405482,-1.75619588006688,-1.3793162947011,-2.43286181023557
1.06197995015535,0.37905937563299,1.82447534187312,-1.01182793549726,1.0503904942735,-4.38021562453485,-1.15125494779843,-3.08586918031222
0.687015414836564,0.437360734660841,-2.57477063578828,0.244162729387328,-3.26539573397381,0.0204155782119977,-2.39425092783208,1.19191177490547
0.0244749738118748,0.495042614085769,-1.10585988118905,-1.84776690451016,-0.242914688999231,-1.44710995130177,-0.278386114093856,-1.86296483612109
0.290026410950143,0.551168941024837,-2.65520704602466,0.736338476372539,-3.30076383777302,0.103622438619289,-2.82766353409274,1.16873986174424
-0.0499128321586899,0.604797727690598,-1.97327746991083,-0.590931406971373,-1.70419157774914,-0.576921912409088,-1.45498957612395,-0.447165073944948
0.780876678639558,0.655011887916622,-0.0518548222213779,0.327724668106935,-1.92417160485117,-2.49695933501309,-2.31825643258021,-0.239247659870023
-1.46167503351264,0.700950905616951,-0.67330479360101,-0.296368874564149,-1.34318468601249,-1.874124138548,-1.62964527863136,-0.824690607287925
1.22270928130119,0.741841249513438,-1.15472545264712,0.818251201369757,-0.449081185283426,-1.39131825441644,-2.67171907411321,-1.71544464562038
-0.0159822232495787,0.777023390311481,-0.324855668747796,-2.54362012393188,0.445858432296532,-2.21980281323031,0.769420745411027,-2.59917916258191
-0.905338654115716,0.805973480004674,-1.92914160942541,-2.65559614580169,-4.37485607215043,-0.614131647467244,0.965921823331561,2.24049191820762
0.296378505197118,0.828318171202745,-0.582411771311952,-0.0957309267522541,0.843017428673153,-1.95947626049525,-1.50573095542057,-2.95093142993403
-1.23963431780991,0.843841715247855,-2.0100672406464,-1.17069264620854,-0.520352187998054,-0.530435566075349,-0.340482339533762,-1.55402297461555
1.11122814733687,0.852485114433186,-1.46898217145364,-1.82642755151441,-1.06484797959407,-1.07013541018265,0.406016913595139,-0.969438975928085
0.992377712244169,0.854337816943233,-4.71429459159507,-1.42030125599218,0.0880409829297848,2.17656223504423,0.0896067954601559,-2.0763465132051
-1.42277703316736,0.849623127680106,-2.21400735294143,-2.46383704129727,-3.254482674913,-0.322339778523957,1.22040417496493,1.31730028585435
-1.1184565501327,0.838678860389186,-2.37924607043858,-0.601166476439778,-0.56922059705207,-0.155715835941346,-0.558708925579556,-1.31251975222742
2.08062288243508,0.821935014670534,-1.53357423348756,-0.617597266977092,-0.747889879885305,-1.00000244780692,-0.463491404705606,-1.07495849333563
0.159351315038843,0.799890270141752,0.0366361380906819,0.292565036517659,-1.30645958191073,-2.5688275942997,-1.30050716783273,-0.454937056521444
-0.435252463514353,0.7730889338478,0.110743379213974,-1.35253178655457,-0.0677922853440635,-2.64154961033754,0.41142673050984,-1.6304807929716
-1.64474401553898,0.742099656764605,0.0584716637830545,1.65903503569269,-1.14290857410395,-2.58789266982117,-2.54008824436777,-0.491433797685152
0.309140628203846,0.707496875808216,-0.259152784927324,0.950470493775565,-1.1091342227616,-2.26888299602534,-1.77855375284324,-0.461293869676054
-1.212583261404,0.669845539564668,-1.24735140454869,0.31018826862662,-0.0100547338276876,-1.27929915131852,-1.0925210476754,-1.49724369454983
-0.77550910569775,0.629689329504168,-0.819767116009549,0.34252206632012,-2.39410219948763,-1.70549821477221,-1.08632573359683,0.948446579106739
1.26716087197711,0.587542279611943,-1.87600287298805,-1.20029517703808,-0.00745953188362336,-0.647877232708256,0.487908137781563,-1.37866948040488
0.361612190930267,0.543883521299922,-1.03292543855405,-0.957519021810464,0.0602139474442145,-1.4895694420568,0.269630952580891,-1.38948541507708
-0.360290856149627,0.499154611123799,-2.0532196914862,-0.00865557057824368,0.889361538271807,-0.467889964039198,-0.661393715216579,-2.16492017640758
0.807920851300084,0.453759147845645,-1.23308591818911,0.160132755273529,-0.55455253170962,-1.28663851225084,-0.818704486859809,-0.67083827669235
-0.27867331024111,0.408064025036561,0.573464966057011,-0.58777266357616,0.668984521244961,-3.0918041714115,-0.0653606118089838,-1.84808116829881
2.1473765980016,0.362401859005496,-1.2679178160211,-0.790320528201152,-1.26443503721691,-1.24903616424793,0.136916658135517,0.127496657660226
1.07759417076075,0.317074224663526,1.49124108470464,0.402978529178562,-0.518897211327443,-4.00680983988822,-1.06203628534934,-0.580220736082217
-0.284385050934944,0.272355384478159,-0.315424906464012,-0.975434485092932,-2.31575805678446,-2.19875862363412,0.305651892893159,1.24997429248767
2.36591389949757,0.228496165971735,-1.59217775880558,-0.139199723493736,-1.52232486368475,-0.920620546207095,-0.546086346443824,0.485287264380553
-0.635455120258109,0.185727851772766,-0.204292455726235,-0.339286765426671,-0.38922332938303,-2.30712062420099,-0.36601332522235,-0.623718077578499
1.48244269596254,0.144265952372366,-2.54642991100047,-1.65869692005993,0.210155359032531,0.0364020561586997,0.929114146159609,-1.20367922687513
-0.105950259862261,0.104313748308265,-1.1123961165858,-0.679813032827436,-0.202287938059721,-1.39624651317052,-0.0781056674705086,-0.776498458461048
-1.23181910496488,0.0660655368926127,-0.156339736396969,1.41691924196877,-0.635143978063371,-2.35091766827389,-2.20703691836771,-0.333564543381059
1.95283845916617,0.0297095645914323,-0.0702765080298644,-0.709873781897811,-0.137316772346995,-2.43559567155554,-0.116138453701527,-0.82593578093982
1.17182922501794,-0.00456937438414661,-0.77716107339825,-0.644929297668217,-0.829940425651275,-1.7273258811017,-0.220524791450565,-0.132427053312911
1.39068573431205,-0.0365876837767758,-0.837706529933512,1.21290843028173,1.22897004061245,-1.66539519948099,-2.12121812267196,-2.19496209619123
1.29334679779071,-0.0661610652936086,-3.69865081844451,-2.10956504666327,-0.116055075762486,1.19693431411547,1.1551099923924,-0.858002015283269
2.24300947026657,-0.0931029875941399,-1.4313983030635,-0.640434868704706,-2.07148912831057,-1.06893297618009,-0.363335014663651,1.08500221554565
-1.72081778846782,-0.117223548419082,-1.44980895796496,0.406568801619118,0.838007508294751,-1.04913709619317,-1.46269994174161,-1.84120754309501
1.28734607456244,-0.138328766022087,0.0392711139161537,-1.70470676256254,-0.417096487780083,-2.53683194298884,0.59330071626676,-0.607012550866008
2.78457738213535,-0.156220350577345,-2.36959803027762,1.18508012689338,-1.8097568427525,-0.126577573709614,-2.35452472299577,0.760637156106267
-1.64814137900579,-0.170696021867342,-0.2452452334498,0.942548086282286,0.0395185185244459,-2.24954514545198,-2.17261970345755,-1.11764780860649
-1.09448656503802,-0.181550455440416,-0.932165844546766,-1.3680684724928,-0.918663282014556,-1.56123930926956,0.0749900264467476,-0.192361075773874
0.317221680516906,-0.18857695425596,-0.618037927216043,-0.657819855025343,-0.186959026703198,-1.87398200151483,-0.700394458142746,-0.960718530516722
0.722842984380178,-0.191569954969263,-1.0430610229137,0.365376537683827,-0.0113554343504924,-1.44757368073172,-1.79055411574129,-1.17658859502578
0.395834577027316,-0.190328485207478,-1.92665422481932,0.5199389335633,-1.75763580935883,-0.562595253740647,-2.01354595020963,0.52597869590135
0.434494192517231,-0.184660689712555,0.284857374731672,-0.528478709387167,0.0081228343052393,-2.77272162820618,-1.03459473297404,-1.28674639164991
0.357077900874722,-0.174389530410488,-1.17528102332933,-1.16465338682573,-1.44050145192527,-1.31119800505973,-0.468418649112637,0.111883132607661
3.08959210314318,-0.15935973762723,-3.33913134784556,0.453238009918195,-1.25952100018799,0.854037544541961,-2.15625385536219,-0.121858094828625
-2.2090092404391,-0.139446032340041,-2.27348952247603,-2.06330989631147,-1.39944845407099,-0.21021905574212,0.291078833173135,-0.0371523173410248
-1.01974248469462,-0.114562640859904,-1.94026762431049,-0.326323927871145,-0.17013057317714,-0.542055728822202,-1.51363085448951,-1.3237994402091
1.26314332022408,-0.0846739324471917,-2.47067638631212,-1.42906659082548,-0.303808056951784,-0.0102617417351198,-0.476269425516108,-1.2491522442654
0.175147760658753,-0.0498059387354892,-2.01200068270629,-2.84375719085098,-1.59591528764606,-0.4675522202555,0.876316380985274,-0.017312476425517
1.40623254206318,-0.0100583805074838,0.425038138455368,-4.15484796716457,-2.57082732340682,-2.9032058163317,2.12958566828736,0.896619112367507
-0.331029182307471,0.0343833476008972,-1.30852434316345,-2.0691942567869,-2.2249759063458,-1.16825810962743,-0.0085424951799955,0.489660004907525
0.877520855768762,0.083237030514373,-1.07371654761975,0.415077615072177,-1.05987677803348,-1.40168068008568,-2.5388432467935,-0.73602764035758
-0.44474378082093,0.13611416216319,-1.30239611421036,-0.251033611999907,-1.00509229192734,-1.17161588840961,-1.91121075843684,-0.850177908919155
0.043009099531604,0.192513212265436,-1.74100216596667,-2.00272209108861,0.0906981657597233,-0.73162461156785,-0.189375577841463,-2.00335737493271
-1.94540603579327,0.251816734701183,-1.89169455407191,-1.39583595330503,0.509771969524073,-0.579546998377159,-0.816484527802336,-2.47704904572215
-1.10687537795147,0.313293427899458,0.297657726201092,-0.514104643353116,-0.735553205513358,-2.76751405356471,-1.70791855776888,-1.28274972623205
-0.256750369718252,0.376106059077713,1.37120803751052,-2.12763078947545,-1.54954515829059,-3.83967913978868,-0.0928481028890453,-0.515361744395682
0.754329790735057,0.43932585229828,0.292746087939306,0.0937155496944979,-2.86416878161678,-2.75983196513201,-2.3008853196166,0.757897761404175
0.474376308020217,0.501953468608867,-1.31481332003076,-1.78263834538835,-2.56712700444463,-1.1508873320765,-0.399190919319147,0.425514154330225
-0.790030465038423,0.562946395686732,-2.4574797845185,-1.29134824840068,-0.00696299082099672,-0.00683564250329782,-0.853128014106337,-2.16324811401343
-0.238683570609667,0.621251495970246,-2.35061184177094,-1.05901989778517,-0.248502796820423,-0.112318360165411,-1.03641780171701,-1.94292906649064
0.615012426910319,0.6758410157842,-0.821959650904509,0.925229299512857,-0.254810023267953,-1.63958532594639,-2.96058587845333,-1.9499439135045
0.0893859388070275,0.725749887151341,-0.655993064278744,-1.21412349549597,-1.59616811422773,-1.8041666874867,-0.751059909731225,-0.613623702466207
0.477936161536833,0.770111725215945,-0.990474902264769,0.585540710457596,-0.000821141013947146,-1.46829962441522,-2.47169023628937,-2.20549327524428
-1.98760478871581,0.808190705629746,-1.32097362711767,0.126842660613831,-0.986854030275502,-1.13641567447687,-1.92656788167303,-1.2074043818135
1.20239739403761,0.83940709830846,-0.569142461237932,-1.00379040609833,-3.26889711348691,-1.88686161527115,-0.703773310433929,1.09516207864707
1.07719412827132,0.863354517008581,-1.29938536780494,-2.12088163420868,-1.09847707499733,-1.15523348361868,0.509446454472366,-1.04655251475793
-1.02692670525042,0.87980780231975,0.565879422644665,-0.559869839562005,-1.49668273512125,-3.01911304898284,-0.953285940992926,-0.611910837198651
-0.0133678160870394,0.888721246003906,-2.92008301627556,-0.970698270781025,0.0235185732732055,0.468234615022842,-0.443819059291668,-2.08854850139985
0.0491243884904528,0.890217926502764,-1.08176853519031,-0.279644827500939,-1.75448854280921,-1.36869464097696,-1.03757750844401,-0.260583874064976
0.911195768726914,0.884571522134723,-2.04650320765189,2.42302451874902,-1.87677985647517,-0.402574743429924,-3.6458530232385,-0.0827805348667737
-0.0547220377179033,0.872182858550364,-1.62729774186184,0.335096877836027,-1.42821325937111,-0.820394984134521,-1.4678029163555,-0.471197593499065
-1.10496090497575,0.853552891274521,-1.70116000752122,0.64971836928808,-0.323914035083084,-0.745147493389683,-1.69772745197089,-1.51167510316347
0.344317895455262,0.829254750108735,-1.9826007555426,-0.419290931507148,-1.08058631180352,-0.462321520282851,-0.550370611161915,-0.688493882134636
1.07272941492545,0.799906765246537,-0.928015046707702,-2.1948846929527,0.137201247059824,-1.5155220040323,1.29652859826551,-1.83806305806139
0.540536583954068,0.766147927400513,-3.18750114737416,-0.747737515674878,0.0687904601752467,0.745349321719613,-0.0868269460702825,-1.70067136979786
-1.74007652119382,0.728617020402883,-0.125917375079286,0.647811260312022,1.32180247646746,-2.31484922548981,-1.42636822722941,-2.88483632496667
0.681927426548546,0.687935713713247,-0.615330537052688,-0.455024629626836,-1.74654574056153,-1.82405083843095,-0.275402717070064,0.251394874524003
-0.97466871949836,0.644695939572594,-1.23872523495751,-1.95746572653056,-2.50298772933146,-1.19927091544068,1.26734447052311,1.07400283052332
0.773280258911135,0.599451361074142,-2.66409008092697,-0.0832800610365252,-2.20677256390379,0.227479155614234,-0.574186054096705,0.841567927505697
-1.7742228741368,0.552712441219474,-0.857998138613548,-0.922759331597959,-0.977336090924755,-1.57722756161373,0.290559110411297,-0.327055392951914
0.527393749076163,0.50494452678289,-0.912162564260792,-1.49241173876375,-1.00415027092004,-1.52167791088103,0.878412120853173,-0.242889502482312
-0.783277490993022,0.456568324006175,-2.55818942588454,0.258366343188688,0.0492478352139695,0.125734175828165,-0.860868318147144,-1.24280752730217
0.428378064737919,0.407962150154259,-0.564190363004715,0.536746338829687,-2.22213367362784,-1.8668796619662,-1.1340732690238,1.07785136205269
0.219642637831862,0.359465403287172,-1.12374205472795,-0.248316825081819,-2.31809261816545,-1.30594274515751,-0.349775898363571,1.21862649658904
-0.519935854952863,0.311382781873429,-1.62185679589092,-0.789960420978765,-0.859694421333068,-0.806442778909088,0.185531228846256,-0.199610106017173
-0.00704950526314223,0.26398887924167,-2.06994092612001,1.293442095091,-1.20425841313964,-0.356973423594546,-1.90942947158874,0.18032456974265
0.11734586706408,0.21753287047079,-1.59250762471954,-0.905007836120946,-0.158397392687197,-0.833021499909563,0.272561757747359,-0.835043995547176
-0.101108715978452,0.172243090772326,0.127614431304089,-1.8796435316311,0.143237523138726,-2.55175833084774,1.22612776633823,-1.11111088822497
0.177717668464849,0.128331372942731,-1.93412978949485,-1.06379105654085,-1.10303190433426,-0.488628884963351,0.384850840358832,0.155789619094107
-0.581815887023045,0.0859970645265583,2.07274075061776,1.45886720267759,-1.12547270558809,-4.4941141999905,-2.1673634844179,0.19393894995117
0.288562879785101,0.0454306840736433,-1.30725872093338,-2.23947002696215,-0.168516609936459,-1.11272950335391,1.4974779355854,-0.75219589725733
-0.941079210124346,0.00681720155340805,-3.27508572331379,0.983744272421496,0.120640185550242,0.856482724111956,-1.76300826057576,-1.03536777058655
0.247655204354754,-0.0296610574022542,-1.18203716700643,1.97714308066093,0.790652811367198,-1.23518060710995,-2.79731550020083,-1.70416946802303
-0.682501166231841,-0.0638218782492157,-1.66094285902258,-0.298019760669816,-0.486921395144711,-0.754889690008352,-0.566577198843189,-0.430088024635969
0.455874574161516,-0.0954809918499868,-1.91958688569389,-0.438748665894957,-0.350547650948232,-0.494860438251588,-0.473681923936502,-0.574582458735085
0.34640499881725,-0.124450280401142,-0.963333760127733,0.682301616098522,-1.11999181588063,-1.44972833873229,-1.64587494329409,0.182192698784414
-0.25015917761388,-0.150536370909727,-1.27086665270904,-1.74227877182582,-0.23537298547698,-1.14081022106552,0.724353521558603,-0.71956074881564
-0.618622196935134,-0.173539647478596,-2.11995946956737,-1.94651143175692,-0.229563306508905,-0.290332179121746,0.87113247446662,-0.746884743147835
-0.195437741146764,-0.193253731541857,-1.02364536843239,-1.99712234370497,-0.672821850538781,-1.38526105517127,0.861310871054157,-0.329430161118411
0.0575050339843937,-0.209465498830785,-1.69530998548047,-0.278905472305015,-0.615651242232691,-0.712211213037735,-0.920170148142369,-0.416598440754533
-0.779966419218805,-0.221955722255131,-1.01862214372024,-0.0766093870777786,0.16597095914016,-1.38751382971251,-1.18838150952775,-1.23230766544695
0.148330848314089,-0.23050045145151,-1.40340174484695,-0.468209122163126,-0.769891379161295,-1.00134900350035,-0.865124777526833,-0.334505625792571
2.15926075821252,-0.234873257149135,-2.19322845846663,-1.72458825629307,-1.02268115372364,-0.210137064795217,0.320759828355634,-0.123617596246461
-0.891478398648409,-0.234848478359391,-0.212930617673171,-1.54159134196598,0.0355696635033032,-2.18904968050322,0.0654559336274642,-1.2274592969429
0.387979911744673,-0.230205614745366,-0.483415562834334,-0.525788997905889,-0.773406701307273,-1.91717951025661,-1.02405393265348,-0.467584828073408
0.612033798019746,-0.220735046765674,-3.54770311345225,-1.31195161444982,1.76804946799256,1.14849326544676,-0.312505106849838,-3.06144405583575
0.928628219707909,-0.206245183154365,-1.12444716143851,-0.371382421204132,-1.17500426475962,-1.27337746148153,-1.32800914534859,-0.173846657950946
0.362753888838824,-0.18657113200654,-0.697684413979264,-1.42511569661491,0.373226868476923,-1.69875498385532,-0.348848607193794,-1.78029493136851
-1.09095888994656,-0.161584933952989,-2.00193503878721,-2.70304212440214,-1.23674132601446,-0.393119133961911,0.855652973242423,-0.230961065379641
-0.242537836013556,-0.131207291902375,-2.87006362490298,-1.89680610792437,-0.758733704029025,0.476394677239307,-0.0219701742263715,-0.771619171185273
0.663429094332918,-0.095420604721028,-0.973560290243455,-0.358888773207012,-1.98091435178738,-1.41872343233476,-1.62824589189746,0.386358889679487
0.0272370390849572,-0.0542829470576248,-1.49930759382168,-0.615727813663935,-0.98270692830681,-0.891590903671088,-1.43565243009087,-0.677071669349394
0.708106523431241,-0.00794243903967174,0.607644753627206,-0.261063664750131,-1.55588862338126,-2.99715802603452,-1.84928684642648,-0.169531764920744
-1.20123179447677,0.0433487667962857,-1.59766328302908,0.388683898883017,-1.95365562619284,-0.790464764292781,-2.55151025157157,0.162847645428656
1.70408686638448,0.0992218741910736,-1.35527321068359,1.36800337045595,-2.89098647012057,-1.03146961155281,-3.57556513925836,1.03578671442291
0.475307404809134,0.15918150933678,-0.345597487584809,-0.693825618778072,-3.1192427042174,-2.03976010956614,-1.54949639164557,1.20145160955937
-0.231513848918274,0.222599665870155,0.310198779171819,0.904953894099322,0.982986126288627,-2.69417115123732,-3.17388260315008,-2.96071005871778
0.406171231532127,0.288714993723713,-1.30950552244272,-0.400967636022414,-2.92580373951514,-1.07308162453732,-1.88234372065059,0.89170310294013
0.502974550045117,0.356638737302769,-1.42726598127057,-2.03434241711089,-2.79785369418447,-0.953935940624022,-0.251220393888765,0.711851319525333
-0.617206208608222,0.425368271702564,-1.5579631933956,-0.342245403869889,-2.05546837389358,-0.821853503413535,-1.93275009624895,-0.0770434181922202
0.799174725003655,0.493808748462833,-3.04349409436064,-1.52022090468313,-1.81420926325579,0.665062622636957,-0.730973334947513,-0.358530126515991
-1.54576724489797,0.560802666519546,-1.38772958181169,-0.455773083290917,-0.571895977740161,-0.989316664826544,-1.75828811620309,-1.63395670787977
0.33284899193612,0.625166384465483,0.0501172791272835,-3.46744383116569,0.979853962656774,-2.42577830068006,1.30359545745653,-3.21096075594325
1.42669188610045,0.685731736574318,-0.405387907387768,-0.106926156319654,-0.523794567020922,-1.96888788907955,-1.99424725327856,-1.7240801354775
-0.978988868971116,0.741390157716013,-1.69069364106125,-0.86988921932919,-2.55389914033714,-0.68219693032062,-1.15712651545515,0.298223816962833
-1.37830486746588,0.791136174908067,-0.725863155597341,-0.0364760347567861,-0.840873626365848,-1.64564219069907,-1.90621552979991,-1.4133236698977
0.426870385051648,0.834106915100154,-0.0244137189774081,0.0361059481196481,-2.77873997150265,-2.34570640223355,-1.88591432327866,0.535423257606192
-0.998397347635435,0.869614472623226,-0.836277119487649,-2.32032464065813,0.101545733646379,-1.53245777663786,0.570123100993855,-2.32465299147493
0.812199794821524,0.897168583873824,-1.42965316759136,-2.98197209228911,-1.85681422042601,-0.937696503448697,1.33611437606986,-0.33702756983301
-1.44811146315717,0.916487995162147,-1.37628367200215,-0.999556514524672,-1.64438979137745,-0.98968077395245,-0.539274439814276,-0.511595316300726
1.06349012407027,0.927500045442023,-2.9324634179875,-2.69736457705248,-2.04572090556499,0.567884197118353,1.26620646571725,-0.0644573657575038
-1.48937924469723,0.930329142812765,-2.76713467412512,-1.76550440979576,-0.356172526535103,0.403940678341425,0.440724426677927,-1.70104306253711
0.485129857719237,0.925275878614435,-2.29498009481286,-2.34789188173097,-2.30731839182359,-0.0668286758853844,1.12641800497328,0.30930245588482
-0.0602537764231098,0.912789146253741,-1.21834399358313,-1.3376519545397,-1.12119774524115,-1.14207955202966,0.214850968866345,-0.812392561422494
1.46104909794218,0.893434080497061,0.392436361591481,-1.84121880140334,0.0906820412822818,-2.75147468211882,0.811147514399709,-1.95568978863778
-0.199423255056944,0.86785864156156,-0.14063405964568,0.467917802160396,-1.28211701971239,-2.2170190357962,-1.41224370905998,-0.511244687757239
-0.70970933847518,0.836761291920659,-1.15533155334076,-0.648345283424251,0.700933599886074,-1.20093631701567,-0.217990693405671,-2.42067224567226
1.15849591505729,0.800861773111689,-1.74237102832751,0.459614040869029,-0.0670789057211193,-0.612511616943463,-1.25622926157975,-1.57811135132264
0.309287360295892,0.760876272644458,-2.37062037793924,0.139032561562432,-1.51285118958882,0.0171229577537244,-0.874475809711892,-0.0578591299699833
1.03102515140168,0.717497706293601,-2.97084924472093,0.668141381524717,-0.716733815593385,0.618737049620864,-1.35103745798473,-0.78048284697229
-2.15578873876338,0.671381254167802,-2.02396741488242,-0.985454230342903,-0.228766817386501,-0.326759555132188,0.346573573308772,-1.19677157845623
-1.11168306329888,0.623134807318982,0.293400973166698,-1.86839263378117,-0.144998678585054,-2.64274271809586,1.26522208493088,-1.2114094462962
-0.233918864092076,0.573313772248804,-0.649635413473353,0.139373026651814,-1.36078539068578,-1.69832110637035,-0.714813481152988,0.0703266829839279
0.234557684874839,0.52241947683462,-0.756159778456369,-0.804304919723951,0.317805415500267,-1.59041151630188,0.249006992737583,-1.546029309969
1.38593903389955,0.470900344338745,-2.26708590001412,-0.581664496927631,-0.630006665651537,-0.0781001696586758,0.039353218798122,-0.540135435619509
-0.925992030077782,0.419155081658436,-0.420542206099852,-1.76919442337479,0.193769010157617,-1.92325863848749,1.23316132395942,-1.31033160234235
0.0428821707259093,0.36753719692669,-3.31650435349116,-0.0675514630465611,-0.142001358380012,0.974088733989271,-0.46846780011472,-0.925751994458303
-0.428366327215785,0.316360284047095,-0.984221116945052,1.73644865169573,0.338268317801314,-1.35680927747139,-2.27829223218393,-1.36217833104522
-0.280240870719344,0.265903624739585,-1.86826231127749,-1.88990184252527,1.87591253358281,-0.471382858053495,1.33679334550186,-2.86107780518252
-0.00367452585721795,0.216417811871781,-0.860639469372896,0.0969482825642214,-1.35726398526636,-1.47762047487263,-0.666400456607161,0.405665594027891
-0.318261173359674,0.168130146035704,-1.54123105487421,-0.836262889147328,-0.357038670616692,-0.795643664285869,0.245710292413678,-0.566205696614888
-0.917817266027253,0.12124967766228,-1.91824382461553,1.38021409707749,-0.958167484385523,-0.417245669459096,-1.99634326584894,0.0580649616026243
1.89963007905652,0.0759718347471752,-1.5933101898619,-1.25019857347412,0.807387608727536,-0.740794079127272,0.604256317495927,-1.68953196526555
1.08032153665076,0.0324825749176247,0.0184411140777827,0.457788589926226,0.510849901834012,-2.3511601579815,-1.13757951859042,-1.38017035341254
-0.52603045113535,-0.00903786539370742,-1.83886325144816,-0.622253721570915,-0.983720391250485,-0.492470567370103,-0.0952559390653877,0.122153910925891
0.296615991394292,-0.0484116781241515,-1.38103742609286,-0.981324639621821,-1.24404495666822,-0.948911167639948,0.222360905664068,0.385236773525592
0.0795273510901426,-0.0854605895268211,-1.9174036396287,1.20675042998213,-0.239310515596215,-0.411159729018652,-2.01079428136049,-0.621654818356418
-0.277698498933103,-0.120003340464562,-0.633332075039515,-0.219952233646994,1.30746818068034,-1.69384606852239,-0.632707807123101,-2.17542288775533
0.978149040752595,-0.151853537751707,-0.319231681747079,-0.988691954826173,0.0152875758225577,-2.00656123672937,0.083957035621714,-0.894979658218976
-0.451170903925919,-0.180817872912144,0.136147189656749,-1.24958103608449,0.575872907587337,-2.46055488304775,0.289384669082553,-1.47196620259637
1.28324215949837,-0.206694729103808,-1.28458958611944,-0.627472476564007,-1.81045821427413,-1.0384328821861,-0.391497146038277,0.893383844862027
0.0700624492514872,-0.229273215425039,-1.00143761941917,0.387089865954287,0.155512081312458,-1.32019962380092,-1.46805865414268,-1.09806284076513
1.31845684098437,-0.248332691680996,-0.453130593691451,0.322470202977026,-0.356860818912388,-1.86712142444318,-1.46855793046138,-0.615574895169384
-1.25798655794152,-0.26364287108094,-0.0941604710001902,-0.327846433368332,-1.72168781688489,-2.22470632204899,-0.886343908262824,0.715050028830757
-0.953248658046417,-0.274964619516984,-4.14818954410435,-1.41339383153088,-1.0365586360943,1.83070797614062,0.128293604726226,-0.00849887007976446
0.712931871271264,-0.282051581053931,0.291191432632873,-0.245421816982656,0.444199239929411,-2.60728777551115,-1.11316795472216,-1.53178245224039
-0.690361900386212,-0.284652808970547,-0.144878115858354,1.55777205935565,1.30256066172014,-2.16983300193447,-2.99214083628688,-2.4366467572245
-1.76074749927088,-0.282516550523221,-0.443651565729323,0.424941219563155,-0.700656937538906,-1.86967432697804,-1.93701405015274,-0.483757549335525
-0.515820278646059,-0.275395435906137,-0.998694113040123,0.0656043292929657,-1.02567041549799,-1.31324655458179,-1.65685601454991,-0.212716995661215
-0.801505756171373,-0.263053225527661,-2.98804111601315,0.039635653582539,-2.14860525952999,0.67748567347669,-1.71099376295236,0.852817725697457
-0.744854083342781,-0.24527328954823,-1.65369127145515,-2.08554837266237,-1.17886028030994,-0.65547894599586,0.33381056625648,-0.177493360624941
0.779348061046834,-0.22186895611618,-1.05192760757386,0.0453232170102227,-1.57578378966476,-1.25585738479169,-1.87694439018904,0.156010948853051
1.13597008375193,-0.192695772620525,-0.276104926980612,1.01684582489804,1.78781358448482,-2.03029484029949,-2.92696369120965,-3.27348635049956
0.562063183077735,-0.157665605997161,-1.34494265971993,-2.15184726327664,-1.59069449090087,-0.960071882474718,0.165631938820252,0.037080352487787
1.38692052117201,-0.1167623409787,-0.549442572853202,-0.500487310356863,-1.06448496552953,-1.75418674425599,-1.55829522857501,-0.55859919208291
-0.859496767913013,-0.0700587194007327,-1.59683758073448,0.666955225083646,-0.0901829201295832,-0.70540651128926,-2.79353567263845,-1.60330835460131
-1.20150845562507,-0.0177336034816461,-2.47332499896532,0.693333689135861,0.363045216692204,0.172466132027036,-2.88161391495446,-2.1272072058654
0.796389488377437,0.0399113184806608,-2.89141541364245,-0.988270562106459,-1.69916224820327,0.591941771789618,-1.25422002100681,-0.135178123190178
-0.221446193076415,0.10243676813671,-2.18271359252464,-1.13517674531824,-2.06044141291995,-0.115374824242738,-1.15261863037099,0.157250143899993
-1.53827447343618,0.169254533619876,-1.58286715576258,-0.509859062456555,-1.59530370949777,-0.713836035919346,-1.81294134954106,-0.37450388306381
0.772544881401302,0.239621271326748,-2.31824152806223,-0.511737378075009,-1.05455455924097,0.0229235614657546,-1.8344521191371,-0.978667920381504
0.0977103348521094,0.312639266320276,-1.55949360001134,-0.287031290066325,0.483061856411954,-0.73443914149968,-2.06975647085999,-2.57548862155544
-2.80358421570195,0.387265658378012,-0.69813073276231,-0.176905719218267,0.0509661575341758,-1.59441678366326,-2.1767232801029,-2.19735804024912
0.27581043755138,0.462331294692939,-0.875212330596453,0.240073185253532,-1.24573369256054,-1.41594996074366,-2.57609576594934,-0.94836411100542
-0.505770437837072,0.536569607994193,-1.12733306542716,-1.46617442052035,-1.59793719237822,-1.16244400082749,-0.837440280895179,-0.636628060387434
0.0378410105100458,0.608655008672376,-2.7784628180724,-0.75027338095425,-2.31504963604167,0.490070976903192,-1.50616471411943,0.0481587673909369
2.37748237600291,0.67724917964915,-1.66191829256505,-2.17325895425267,-2.53151545441105,-0.6250883235187,-0.0216854866083278,0.24123199567195
-0.0278095278950541,0.741052586705097,-1.05699947285371,-0.61131597655438,-2.326425893529,-1.22862191814459,-1.50869862207074,0.0223267792565398
-0.483017230617963,0.798857600317571,-2.0001017145407,-0.034568478983383,-0.95845937942921,-0.284134451372146,-1.998375029831,-1.34941333786274
0.442728298468127,0.849599074395187,-2.21071520859199,-1.44781604507769,-1.65608178343393,-0.072135732235401,-0.487582903764284,-0.645261610685087
1.37866263186851,0.892398166099425,-0.43911384842801,-0.783911093721355,0.398745890406945,-1.84235186731393,-1.04544496972093,-2.68321765248537
0.4928842843753,0.926595681176666,-2.63065694043067,-0.679637577837102,-1.07191447010703,0.350576449774187,-1.0373746886789,-1.18553290621517
0.364836118971633,0.951772242080912,-0.55746056288524,-1.17902010768689,-1.82280530759526,-1.72123470268579,-0.4216692005912,-0.397880247638197
0.10102928138822,0.967753959392012,-2.05249184016966,-1.29969498588542,-1.82834134477221,-0.224818200315916,-0.18303566407658,-0.34647230905006
0.154985910673148,0.974603807997007,-1.80012845850999,-1.23442541864789,0.290904036515805,-0.475796356890136,-0.130976996687767,-2.41155175853941
-0.658394151457502,0.972600405545819,-0.296687327837475,-1.79522720498372,-1.68333782003321,-1.9778522624772,0.544421098341659,-0.375823551776515
-1.25328647773622,0.962206938204805,-1.63597084781553,-1.75284020578941,0.237568293621595,-0.637183517413691,0.612032360246638,-2.2290173478972
0.696479149663132,0.9440336400029,-1.96773552743021,-0.925361832254882,-1.81218203540578,-0.304033612713555,-0.111626964348012,-0.106504332641318
-0.206856933941972,0.918797541940044,-1.71309619793352,-0.00962642589813084,0.23958865127547,-0.557287717124789,-0.930990831340586,-2.08167862883256
-0.452483635633397,0.887282712784215,0.180230330954833,0.533562462812119,-1.40299614586679,-2.44922902092769,-1.38620441948976,-0.359883418093805
-0.151372954847666,0.850303821065296,-2.13291152541207,-0.549952065780415,-1.98003083613878,-0.134701939475331,-0.223751231398392,0.297787176751436
0.837825549201013,0.808674842422911,-1.07177471633221,-1.3605226602995,-1.73298935920349,-1.19445352346974,0.656363729676323,0.131678578966028
1.19439755946131,0.763184043408964,0.550741219443036,0.354384210957037,-0.906264729258494,-2.81558423415953,-0.998503434530282,-0.614861890831388
-1.35805326726334,0.714575499572529,-2.29055600376036,-0.0470230421084059,-0.430980234043094,0.0270982141293137,-0.546465416092105,-1.01165734741236
0.0482680395015626,0.663536874535736,-0.381128806746971,-0.168490066577514,0.103358006520685,-1.88094375779862,-0.383517899698024,-1.47003844091949
-1.10945670661668,0.610692716216021,-3.4784562708202,1.86701391002152,-1.66448097001789,1.21776893136007,-2.38631213006577,0.370503409839039
2.07355298144138,0.556602322972106,-1.5964184068516,-0.296270660460544,-1.25682876030145,-0.662883707523086,-0.198627003602302,0.0316917506587531
1.31550007189479,0.5017611348016,-0.343720888029471,0.47497709206273,0.62545535702493,-1.91419600125976,-0.953273983169695,-1.78611183889032
-0.507418099652434,0.446604655975777,-0.313732622480074,-0.328261755449018,-0.662990071811747,-1.9427990417237,-0.140705676342947,-0.437940234724287
-0.59720493916286,0.391514024520627,-2.64210462843222,0.93949715924188,-1.28850296366282,0.386958189313895,-1.40588213857262,0.242244412644167
1.10009594661904,0.336822498523798,-2.0052314615155,-1.56691039381492,-1.99233945862062,-0.248529752517365,1.09686313803299,0.995482001592918
0.725126807020406,0.282822310173005,-1.91603856157379,0.405636493433239,-1.67025627481807,-0.336337427373627,-0.885123494440816,0.717385732805239
-0.717962747319994,0.229771457902046,-1.39840503346312,1.12836301388049,-0.132242092948188,-0.852585730398838,-1.62264366863997,-0.782137692617944
-0.698469118552384,0.17790018989633,-1.39112359372496,1.08877820779648,-0.377333292922137,-0.858481945051549,-1.6028316356458,-0.504083196466419
-2.11296595781057,0.127417007979058,-1.95116838434618,-1.04610552260808,1.70556353240111,-0.297051929344877,0.507624135188906,-2.55953500659351
1.27808873196195,0.0785141173922428,-1.98128082438616,-1.69261914865354,-0.689542950575614,-0.265554264219443,1.12532803483047,-0.142461446345039
-0.653557402397187,0.0313723216086427,-1.48414033213549,-2.23815410738015,0.0561188411697324,-0.761309531384655,1.63789653545351,-0.871570897856361
1.24548363490435,-0.0138346510396343,-2.0199465208585,0.33341039553345,-1.25987859327179,-0.224118117576197,-0.970610816484573,0.455643025473222
0.931236462316343,-0.0569363227490661,-0.242257294877458,0.861706953550849,2.13133040160066,-2.00042211847178,-1.53968618543464,-2.9295968007813
1.17624882025403,-0.0977620918185408,-1.14305621315699,-0.677642771753927,-2.13446990476118,-1.0982379751068,-0.0448450874886052,1.33701862434114
0.753406342412004,-0.136138261438763,-2.47945049887072,-2.47458639114722,-0.239344293905189,0.239541535692385,1.70393827547948,-0.562351725763461
-0.756032164926171,-0.171885467735775,-1.06891512441798,-0.00356410304612348,-0.327691617835177,-1.1696086136749,-0.818838703175795,-0.483216545606621
-2.6493367627524,-0.20481642262765,-0.495342896333116,-0.496341323730517,2.42054938931674,-1.74179561667431,-0.381366950435581,-3.24554811017805
1.29439385842485,-0.234734005917827,-1.24188222290632,-0.94877013235488,-0.249258525644425,-0.993871065015652,0.0122437425168628,-0.594624344308835
-0.622348763517381,-0.261429728457144,-0.354807494551975,1.04910483604194,-1.40760351801354,-1.87956056828454,-2.04792078703493,0.540123840179437
-0.789830020029342,-0.284682600916133,-2.92599987989575,-2.07679201802678,0.650622311850881,0.693017042144686,1.0122685671036,-1.54633320830117
0.808554565561071,-0.304258476152339,-1.75757551181046,-0.50888156231722,-0.200764797698361,-0.474022100855153,-0.624691597126131,-0.727734055533601
-2.58246483562343,-0.319909976659742,-0.350377650702513,-0.778965237841919,-3.02663993906103,-1.87983473687764,-0.426891206973605,2.06087650795694
-0.606373815732448,-0.33137713500056,-0.0889501290289794,-0.689510977025323,-1.45075153643207,-2.13987703346572,-0.59170932767108,0.443333395954531
-0.106975630344046,-0.338388907181022,-0.308183510409256,0.654997009401164,-0.531830830230301,-1.91925842699999,-2.01445214279919,-0.521534487964309
1.22390549659208,-0.340665788504265,-1.30970379103993,-1.26406172715294,0.147496871370882,-0.916352921283866,-0.176220028954637,-1.25098726429194
1.00753326308357,-0.337923736943012,-3.21900788652412,-1.22480933933948,-0.676912112287835,0.994336399285772,-0.298528601042597,-0.480743169660368
0.162819319452716,-0.329879653069996,-3.35285533109764,-1.11870799682925,-1.60876268839631,1.12956906894475,-0.489456688046513,0.393071728124827
-0.729443724573462,-0.316258679674372,-1.67588158682296,-0.798831907499521,-0.25034494636156,-0.546019450244478,-0.895360836568015,-1.02704432085567
0.420795578223599,-0.296803561552433,-0.527158280257737,-0.789067965992616,-1.30555392460152,-1.69335753172425,-0.991662090758716,-0.0369401626315166
-2.09742043402571,-0.271286263441677,2.70617272273424,-0.757452637252644,0.119931950642068,-4.92530330963077,-1.10949833594281,-1.53062405894566
-0.723977051919422,-0.239521959479436,-2.38660414341134,-1.49218285140995,-1.06883755759184,0.168858781600266,-0.459705572716165,-0.412765893978157
2.10578623834935,-0.201385371362462,-2.03346282860816,-1.94401276028408,-0.338748966434469,-0.182897308117463,-0.0904176615180602,-1.21602360789774
0.000647465774851309,-0.156829235174337,-1.03843200582348,-1.15226690163345,-1.14217806537718,-1.17654290581669,-0.961055597061607,-0.48748190647605
0.12320138495745,-0.105904390122937,-0.685247463898791,0.335705278865823,-0.721741561118037,-1.52834222265592,-2.52288293489333,-0.983893732248887
1.12765246828469,-0.0487808157476238,-2.30814306897741,-0.65625807699843,-0.704282171373866,0.0959386075081505,-1.59823826213201,-1.07769064035031
0.445563821064052,0.014231849579282,-1.44597372316369,0.802433160544458,0.854336834674753,-0.764845513220122,-3.11612988706772,-2.71218676530669
-0.329633043548444,0.0826656393485031,-0.99286440775345,-1.0471208900418,0.608479424568095,-1.2165696035449,-1.31603638337838,-2.54082918294288
0.277823895031392,0.155879459116658,-2.06658694319013,-0.746708622967909,0.680514126599598,-0.141461843022775,-1.65456315309111,-2.68498283753539
0.109665287094813,0.233050324315141,-1.92882188620946,-0.883081640825673,-1.14833233373074,-0.277841674917991,-1.54343440172278,-0.924797635597115
0.457042089783591,0.313172960290993,-0.865668855864179,-0.708235256199594,-0.783564478806435,-1.33960948017782,-1.72928863372974,-1.35363885976737
-0.0838541450189151,0.39506978822068,-0.484953504875449,-1.05050942314686,-0.621374372405299,-1.71893960608109,-1.38265930482153,-1.57415735762237
0.409122659953646,0.477412840070824,-0.635794871424888,-1.67607864217492,-0.42932064993605,-1.5667130144462,-0.736566632900452,-1.81764330696511
-0.759258622282931,0.558758222715037,-1.63609543342385,-1.87459670792655,-1.26065880460341,-0.565027227361787,-0.500947914960574,-1.02973408316763
1.31166895924277,0.637592533598149,-1.46109053678806,-2.47304284377238,-2.22904032672438,-0.738646898912119,0.151127751095026,-0.095757002231319
2.15905424164866,0.712389189149277,-0.295649306355649,-1.79055041687806,-1.22806529160224,-1.90270290425908,-0.461751021420655,-1.12122004816975
0.59207874087962,0.781671188400744,-1.51312962741512,-0.457023174764796,0.180288881097136,-0.683837358114154,-1.71073295099024,-2.54342504150112
-0.0954610832246118,0.844075629743148,1.40099178113857,-3.64064367080592,-0.902385020112008,-3.59657354158239,1.5708249777692,-1.46345262038365
0.385774183273539,0.89841459111627,-0.719149572326117,0.267710533522119,-1.13828031036612,-1.47504696303225,-2.22817289494338,-1.21883578023093
-0.406686643758433,0.943726961100212,-1.11050394136149,-0.860439271461061,-0.36208665957464,-1.08230736891142,-0.981571433246965,-1.97486921949176
-1.0263510459715,0.97931654959559,-2.63122940793979,-1.14944931954643,-2.96795085644046,0.439803322752335,-0.567581385719112,0.662344006455623
1.8680164768958,1.00477323527561,-0.816943980553179,-1.23025119883438,-0.788232467299553,-1.37309687954883,-0.357960120541647,-1.47534619503086
-0.836669197562852,1.01997580248311,0.972122696684931,-0.816716863733147,-1.54426479665466,-3.16077833170148,-0.641521374493062,-0.667357517973614
1.74023140909038,1.02507716201875,-1.14375128277914,-2.25052528791605,-0.163782137312862,-1.04351912715196,0.920849685662578,-1.98691812237734
0.764401195677219,1.02047444448576,-1.17496882649949,-0.34700436586017,-0.0311655981385863,-1.01091635834615,-0.857859562387059,-2.05078183149732
0.886412942340251,1.00676808233905,-1.74483036650168,-0.701231985879165,-1.13019584916973,-0.439669593258513,-0.384609723768469,-0.876430520571528
1.01528959258112,0.984714132547977,-0.187845608818716,-0.750693076375888,-1.7386685001869,-1.99526912585602,-0.223600140809612,-0.18741099299036
0.775301399014666,0.955174723951486,-1.52518397635288,0.824689296411341,0.310394535185244,-0.656545533236405,-1.69621355972086,-2.15207642519876
1.17605625097248,0.919070621551046,-0.65611096494647,-1.22903624726663,-0.695215335002528,-1.52423331955736,0.450573425673613,-1.05958197612207
-0.0638702811064271,0.87733908142285,-0.799114814147944,-1.0788016335536,-3.12535170840325,-1.37984424527043,0.383120614997338,1.45861196573459
-0.235477043989254,0.830898998595636,-0.704302269395198,0.438466948824652,0.13064227954862,-1.47327156493773,-1.06189944550461,-1.7093840813657
0.299043833647256,0.780624239822708,-3.93250583021972,1.33083318380597,-1.63965712427947,1.75631722097225,-1.89253305777998,0.1477263102589
2.25896054503838,0.727325189422196,-2.09470558286619,0.672479675013182,0.919420050491296,-0.0800978012958236,-1.18272655832586,-2.32673257749365
-1.93253286766258,0.671737716023471,-1.98439722168266,-0.0217623122131875,-0.257917186894206,-0.189020937393906,-0.446908664724833,-1.06784484870344
1.26957460796807,0.614518555082334,1.22492190113709,-0.295774154608544,-0.197320939776982,-3.3969548351282,-0.140678710869956,-1.05070017944401
1.7248523823369,0.556245611114748,-1.5060735751052,-0.738810745648124,-1.60087893602323,-0.664574133800454,0.325809853241835,0.426178087389173
0.037086504986835,0.497421938938423,-1.62542004583483,-0.379296227030009,-0.855101502573725,-0.543842437985368,-0.0183926693788037,-0.251186875864008
-0.479985736622239,0.43848215233525,-2.03661560198902,-0.320563287940012,1.09712464514671,-0.131261656745734,-0.069323821116289,-2.1402814311838
-0.774168897028165,0.379800251291752,-1.31810345488062,0.289348697221674,-0.863378124415257,-0.848388578768674,-0.678334943339946,-0.122198800226484
-0.219099010669895,0.321697994212115,-1.34726249337266,-0.983540902375683,-3.00889198990513,-0.817844315191184,0.589125544602022,2.07516164927692
-0.0922955786186078,0.264453352874315,-1.53819811092072,0.884349927215667,-2.11922253131547,-0.625523472557672,-1.29000388682617,1.2314998888706
-0.255344104580241,0.208308560554667,-1.77298604633296,-1.10922546539118,-0.480363172156269,-0.38935031205997,0.686985921979097,-0.36723341715176
-0.877189397392927,0.153477540080127,-0.372660948267192,-1.07885847712919,0.569590509923209,-1.78829018504029,0.635087211804275,-1.38293503301626
-1.4606953786362,0.100152616212173,-0.0780902148525766,0.486850466670974,0.533207061443674,-2.08147569336945,-0.956761041783814,-1.31812691645529
-0.252760876092325,0.0485104778111277,-0.818334360150901,-0.406846410099084,-1.72901992267869,-1.33984632298567,-0.0935330635168966,0.966772535063866
-0.789561353343488,-0.00128257929498361,-2.41394395698206,-2.4823656818499,0.530188392510337,0.257148498930936,1.94740868980392,-1.27542075329
-0.4883221171664,-0.0490660564461084,-1.27709972332141,-0.575352535632531,-2.10036350383651,-0.878310509644263,0.00187815513003381,1.36659531451787
-1.52894241461502,-0.0946812283696162,-0.748844477491943,0.224944093881765,-0.722953553518113,-1.40518053038827,-0.840753426739867,-0.00478933784621155
-0.227025083556782,-0.137967606175481,-1.5125842613049,-1.77233258606055,0.5304856641054,-0.640055521489861,1.11045307290907,-1.25752990791872
1.22266943089472,-0.17875981301091,-1.9201331049379,0.410071498205439,0.549415608605097,-0.231121452771403,-1.1217070395581,-1.28097932969383
-0.944249820529846,-0.216884812200722,-0.828073459463997,-0.0774720888804273,-0.596652803385532,-1.32179587315986,-0.687581434290207,-0.144546476891927
-2.17748275932493,-0.252159447039983,-0.579641785237233,-1.22068721409492,-0.0294451708024274,-1.56884232230117,0.398560071062328,-0.726411883839434
-0.241191238280011,-0.284388274370258,-0.532553469706047,0.380720213673432,-0.191488986771755,-1.6145454127469,-1.26357950039037,-0.583963024503379
-0.254783840214358,-0.313361699946786,-2.02584093307442,-0.192591722101713,-0.769078350827145,-0.119872724293072,-0.754661397327148,-0.0308292662875821
0.493424878296073,-0.33885444854403,-2.71073745155067,0.472488402722428,-1.0814593735295,0.566409019268625,-1.48779092634417,0.252304820663572
-0.478955828175383,-0.36062444959937,-2.09570377483498,0.0212954359929773,0.952021938304472,-0.0472394323616063,-1.10827718905278,-1.81515039638773
1.23688950053824,-0.378412235085593,0.0608509319367456,2.81903642912516,-0.308387541162362,-2.20240891404788,-3.98127063067425,-0.593379193607682
1.3054610955503,-0.391940976798445,-1.50162796474469,0.664129170926602,-1.28709031608534,-0.63854479228099,-1.90508937506362,0.342085887322692
-0.788308259500332,-0.400917365297592,-0.438989754138829,-2.42924530229071,-0.165767693035796,-1.6997977778014,1.10624153377862,-0.827001420202544
0.293121979251785,-0.405033554308014,0.52326851773301,-2.77443719591302,-0.201623007402567,-2.66067082458778,1.36629896013197,-0.843351758225899
-0.559884483226958,-0.403970431364643,-0.981631152489248,-0.492564375602733,-1.15545193852073,-1.15438592928007,-1.00348659591253,0.0539372987989131
0.111749810059325,-0.397402519756819,-0.349345807453889,-0.86436270844264,0.807413667072069,-1.78528604922998,-0.72196460103427,-1.96966679699656
-0.59480461519752,-0.385004845461372,-0.138800945004521,1.19820681918903,-0.417020573256909,-1.99444568659389,-2.87664096137391,-0.809996086113683
-0.689300102137987,-0.366462108818703,-1.04691740770317,-0.246563742952693,-1.68910300859508,-1.08494399880978,-1.52514003818634,0.39351932854298
0.118800326220566,-0.341480480441357,-0.126326536051042,0.422004112034627,0.62292542458804,-2.00414964537646,-2.28732309227024,-1.99059936906307
-1.15536328220999,-0.309802277786876,-2.5685658271375,-1.56227477434128,-2.28148314113176,0.439474870795452,-0.396025553720051,0.838545834883495
1.17117356809514,-0.271223657587412,0.260078918279741,-0.236735250095954,-1.34376085753633,-2.38778464953634,-1.81276230210663,-0.177181572558134
1.2037125437819,-0.225615264707259,-1.42167880009117,0.897371892673723,0.309458223952449,-0.70464170607997,-3.03495850323721,-1.91062416374863
2.61999941830839,-0.172945501553561,-1.78397534444208,-1.73202537537225,-0.404784980063154,-0.340959936643615,-0.489049332598419,-1.27819771379943
2.01032884192123,-0.113305691532578,0.332750591596613,-1.80265132074619,1.40427513472948,-2.45630064759685,-0.49566428638386,-3.16993321210191
-0.626357446271,-0.04693596477948,-2.16706654463945,-0.987801926989571,0.209675470683049,0.0449017137246654,-1.37973551896654,-2.0580188082941
-0.66260977637343,0.0257498065025451,-1.38669488388224,0.265346783579386,-0.415670742109634,-0.734084721947086,-2.69223174224647,-1.51440437122643
-1.1218562873535,0.10414226893231,0.177505035763688,-1.85054233074004,0.182837591006856,-2.29689941650756,-0.623935006596291,-2.19261798397448
1.49464385231598,0.187420710591359,-1.52573840071945,-0.762267655502537,-2.22552660106377,-0.592270754938974,-1.74621404376428,0.139238519313041
0.701597271270923,0.274546003418482,-2.42678574089492,-0.708470712321601,-0.36146078261936,0.310161810321952,-1.81872978160496,-1.79688736898651
-0.68719992114096,0.364265282687652,-1.36373641340366,-0.921870522140501,-1.18994046462838,-0.751502292083853,-1.6072985754787,-1.03471849025766
0.867528172426997,0.45513083828927,-1.75008277669095,-1.91296239405892,-2.40110107145231,-0.36377070371111,-0.6002952661811,0.117198349641787
-0.305465614950599,0.54553474408465,-1.08241899756553,-1.99881470967046,-0.101384966082549,-1.03004925775108,-0.479954464322212,-2.23340352869507
1.09479563515876,0.633759303191713,-2.56043383238062,-0.770021704296024,-1.04747770188635,0.449350802149468,-1.65550251972087,-1.32862317576495
0.853774793664162,0.718041555303836,-0.111343823305035,-2.44407731807081,-1.68299533132503,-1.99835398184067,0.0901549291420658,-0.723756732567168
-0.771312459935103,0.796648099406813,-1.7366330739423,-0.826842400518253,-0.482840977889189,-0.371679506117947,-1.43812876173533,-1.94299283219816
-0.452014951992447,0.867954668879029,-0.667676856198292,-0.813538566811845,-1.70084654561353,-1.4392504987765,-1.34673715184673,-0.73181893116891
-0.690609506828089,0.930523625501254,-2.32710928799198,-1.61606727162309,-0.646144653003827,0.221567158102636,-0.425919443123535,-1.78068945731806
-0.684735912938409,0.983172140935961,-1.40366756487371,-0.72530769922606,-3.19287218387771,-0.700489339930174,-1.18740039919347,0.784649306378088
-0.0567581642633152,1.02502449409113,-0.23885400527055,-0.289309647472514,-1.78757778552768,-1.86391767444788,-1.48606220261919,-0.589447217885096
-2.03812319790004,1.05554356944164,0.237136463550102,-3.46550132040761,-1.20205831335131,-2.33852291818308,1.83241059492376,-1.13168328919558
-0.0245665304755883,1.07453911009675,-1.51522153798602,-0.270208444004119,-0.795923592792331,-0.584779691561506,-1.21879425620714,-1.48323972237046
-0.386952369396895,1.08215309120726,-0.708555679379701,-0.428521972438299,-0.668201116936981,-1.39006032508237,-0.917599555752032,-1.54613607679951
1.2515673146756,1.07882501398097,-0.162762881776692,0.32182091745766,-0.865169408139564,-1.93446789759993,-1.52902725854471,-1.27535219702752
0.922275881603977,1.06524213718715,-0.9509368183062,-3.09660162156476,-2.39274447504031,-1.14490873598497,2.02194173953615,0.333611559087065
0.623245193553424,1.04228066892375,-0.516546701383858,-1.37818124236724,-1.60160269158105,-1.57791362782185,0.427720393096153,-0.370085460757539
-1.65315542032499,1.01094402026547,-0.529204927974541,-0.177443677184927,1.03981082891325,-1.56387017614572,-0.658687862172113,-2.91955859469596
1.18242900747127,0.972303804760071,1.41921713256214,-0.813632000921616,-2.20332612346754,-3.51090701159695,0.0808940751371643,0.418463822466301
0.956628005503145,0.927447236725965,-0.204135349212423,-0.0362051736822763,-3.72369495342228,-1.88616930473693,-0.604711457370899,2.03516954009169
1.48981425271657,0.877434334267311,-1.43206583500866,0.688219046250144,0.330366307285404,-0.656853593855242,-1.24914125892294,-1.92250199617961
0.445639499466584,0.823265531246377,0.762762824184843,-0.0526417248156124,-0.642234716608032,-2.85029702796329,-0.440044897812484,-0.854733056487266
-0.573274723859653,0.765859872714528,-0.805234924496252,1.30686061598114,-1.18763106351662,-1.28091405419674,-1.74274498064495,-0.216521979359423
0.04474912026947,0.706042756478384,-0.808095197656137,-0.802710726102964,-0.441584031972586,-1.2766685559514,0.412713189183052,-0.873085195165364
0.822920822975922,0.644541365420115,-2.13519471175667,-0.499918664101427,-0.266138474475831,0.0518161832345851,0.145541978105233,-0.96319911174475
-1.58535102527271,0.581986379371137,-0.87201552764388,-0.83386737553145,-2.07033320809068,-1.20997777579275,0.505572758039441,0.921506486279313
-1.36449591981123,0.518918087069976,-0.250588797637703,-0.902082859079227,0.918073509891924,-1.83001928071347,0.591091304477501,-1.99173490336997
1.36504991842681,0.455795076089991,-0.580870186780176,-1.19959987212732,-0.164683530436493,-1.49835266648555,0.897888368680463,-0.839551175947297
-1.14800240269834,0.393004433881528,-1.81435715164564,0.329443730785124,-1.78468318345685,-0.263480476534626,-0.629173758253892,0.843860540943624
2.2613767897154,0.330872406631522,-0.0496370597213607,0.143720967091147,0.768369353072462,-2.02681534337346,-0.448095301511102,-1.65196910152588
2.83920604954886,0.269674825181015,-1.2157843488239,-0.59581783169037,-0.0718476338879377,-0.859282829185468,0.280781406877766,-0.760807502912262
0.469087802787016,0.20964684084525,-1.53359356695887,-1.69101517072574,0.110620460324727,-0.540088385965043,1.35983433650564,-0.898628499801389
-0.241725696587156,0.15099174371126,0.312602392182635,-1.40997224566019,-1.04655026309029,-2.38489912002109,1.05762411195183,0.2969278359845
-0.152439833232026,0.0938887738419868,2.18172766412833,-1.19353304545541,-1.160227282232,-4.25263916688133,0.815378231342281,0.442806783845883
0.225570742089669,0.0384999320211844,-1.6119623465044,-1.49662150209219,1.00119392337413,-0.457563931163154,1.08833092584074,-1.69248861672596
-0.204840306806971,-0.0150241354128559,-0.973922673067553,-1.60822728540594,0.700029599113642,-1.09421837951454,1.16571341951598,-1.37114774430495
1.10891333674351,-0.066539063665919,0.127264455909506,-1.62948348867939,-0.29600475847121,-2.19402028340615,1.1488373467228,-0.360748846061223
0.466918719657986,-0.115902379702607,-0.878177927084005,-0.847102484169111,0.549782500349711,-1.18719267532718,0.324537194157037,-1.19784334400326
0.939643328550107,-0.162969671477521,-0.421501291162604,-0.510996867107811,-0.0830892388781216,-1.64248408616313,-0.0572016149333424,-0.561813376806792
-1.35182335463709,-0.207591203937298,-1.2255034722305,-0.340337511562939,0.887953508575815,-0.837096680009785,-0.277177155596437,-1.53510276877065
-0.182128456403964,-0.249608887238131,-0.114053062866621,-0.00093464948534383,1.10894948601181,-1.94716186428821,-0.669582136364295,-1.76363153269346
1.73075059069271,-0.288853525500831,-1.35042602672836,0.2982504907206,-0.878385426130479,-0.709403675341017,-1.02548421230397,0.210990076565029
-0.937169947865157,-0.325142299347881,-0.289675179584043,0.307721370902628,-1.05722701508547,-1.76876929739988,-1.09543331161078,0.372029279945754
-0.268431697072178,-0.358276463144884,-1.02775097866116,-1.78466598661272,-0.141025134702386,-1.02930827323731,0.932659268896352,-0.566986890234334
0.257989768557893,-0.388039268542725,-0.745104859734118,1.19667939692429,1.19479018607749,-1.3105691670789,-2.11685220609866,-1.93056456067793
-0.679910385311982,-0.414194150831326,0.669602205371318,-0.102833416703722,0.976580802602394,-2.72389100709888,-0.889420992993363,-1.74501322704064
0.540606609940621,-0.436483266066705,-0.433211433808014,-1.02368640694949,-0.371400502745717,-1.61969214283409,-0.0445877828955991,-0.434541974800918
-1.01296887212366,-0.454626496716918,-2.41486083265796,-1.38565757070939,-1.4495687530551,0.363342481101301,0.23743633872933,0.601303047839467
0.315474004431538,-0.468321088049863,-0.0600770094110181,-0.0536852327392333,0.901436716235298,-1.99005611706018,-1.17835245896979,-1.79680007850866
-1.27389626934555,-0.477242133107768,-1.3422130125388,-0.26730813185762,1.26223613279906,-0.706534888846947,-1.0522959127039,-2.20942707853043
1.72220788043052,-0.481044177915301,-1.27430289051406,-1.42049163515717,0.132970882047164,-0.773059785786232,0.00976879158596555,-1.13666212363096
0.140906757697765,-0.479364274833983,-1.9490470550169,-2.16746509913994,-0.946507391620019,-0.0969303961979422,0.662364080861366,-0.11827881637961
0.501605974196261,-0.471826867274452,0.00281383739143615,0.122404324651268,1.26590269066592,-2.04740606352082,-1.72473522056416,-2.39627034730492
0.536188206723532,-0.458050935908528,0.565170873220655,-2.76581866724784,-2.44439484583698,-2.60837787426459,1.06394833636173,1.2441081174608
0.405429042387696,-0.437659864997946,-0.7482769980823,0.0455051236616583,-1.8389873306005,-1.29354477787618,-1.84852772292464,0.564645115143925
0.370568619551784,-0.410294484022659,-1.1171662563646,-0.699651503795125,-0.184536076656153,-0.92327029450843,-1.20526555021441,-1.16773178895124
1.74186021602667,-0.375629686622583,-1.71677731172382,-1.4112361132885,-0.522800722037016,-0.322274014063754,-0.595255828299826,-0.910918197298082
-0.500784126025809,-0.33339490448702,-0.701746811309482,-1.09040284618958,-2.22838357581876,-1.33591928939264,-1.0160783893354,0.710125293121825
-0.711020107452913,-0.283398494842436,-0.833765032001003,-1.97969793482569,-0.0133970928861215,-1.20251584361566,-0.223709879379585,-1.59194583186311
1.58186273834931,-0.225555764651088,-0.284390729125404,-3.12723298924521,-1.77497938927419,-1.75050492140581,0.831647248644587,0.0806680822083322
0.962765444548662,-0.159919887820652,1.41308378932443,-1.82612085448372,-0.841616365332899,-3.44659421477019,-0.555013849849689,-0.942756524999396
0.574633786612117,-0.0867143752278896,-1.19138106589424,-1.69780117269523,-0.947728609806728,-0.840744134466065,-0.760208328553484,-0.92687232270842
-0.596953540820638,-0.00636510200662381,-0.852953859071039,-0.984935856333312,-2.11137029443136,-1.17778611620381,-1.53911249904244,0.14744000931706
1.1315574809506,0.0804710499221128,1.46009422401072,-1.13143907750099,-0.772840041672272,-3.48944897420011,-1.44560156384951,-1.27832151944549
-0.194826082613894,0.172884225109606,-0.100687198647525,-1.56971118445211,-0.78179597275714,-1.92728232645642,-1.04510377741054,-1.35317727769266
0.68652453837743,0.269700310617197,-0.929062578309181,-0.21493410537734,-0.266580874911242,-1.09752172170931,-2.42041215494753,-1.94736234829438
1.30979257421143,0.369484261778171,-1.07514940034917,-2.15638723195855,-0.220922532136802,-0.950049674583867,-0.480490131572793,-2.06565806508474
-0.138136371348083,0.470561571448954,0.428074213033363,-1.80750228457183,-0.626361833496211,-2.45188806288095,-0.810544908831765,-1.72500622484089
0.902545117841549,0.571060110158278,-1.59759907328802,-0.327511771740612,-0.432083096976112,-0.424829551474106,-2.25050344364656,-1.97473071480825
-1.44497111232858,0.668972643460532,-1.85113724901184,-1.1047269129182,-2.45683139263629,-0.169906150664836,-1.41184249346939,0.00532020067175432
-1.2169172320488,0.762237794892851,-1.08021942620866,-2.18798435767272,-2.22509535998357,-0.939438748382566,-0.246219835452391,-0.259107317406344
0.200918733914462,0.84883445334544,-0.776136099962617,-1.60610940219823,-1.3481332673713,-1.24213684954315,-0.72604657524611,-1.15571070328486
1.35284373926829,0.926882076292208,-0.541536119836775,-3.94834878019323,-0.770979981631246,-1.47535160458354,1.73596148495085,-1.73868306768374
-0.28423426390498,0.994737601253699,-1.83411380343379,-0.473802124852148,-0.751799083881316,-0.181388695901069,-1.60371398087866,-1.74940981585273
1.03017971541278,1.05107921008735,-1.18723561601676,1.42097022283376,-0.593783796533012,-0.826881658232648,-3.35166366630452,-1.88460133714781
0.00138741059783708,1.09496825850561,-0.0364703617708033,-1.49622801036118,-1.51129935601424,-1.97626168739315,-0.279211505859356,-0.930165515550078
-0.226782487856258,1.1258832003914,-2.493249619575,-0.982904828016943,-0.549074584771457,0.481902795496501,-0.6325491288776,-1.84201044285023
0.984938780833658,1.14372288005529,-1.11370089097382,0.29675777379831,-1.83115817978192,-0.89626070801923,-1.75117696490195,-0.497062021034297
-0.147418364294834,1.14878041588496,-0.924528628698215,-1.14574539911095,0.266959207535382,-1.08404774520938,-0.150070558014722,-2.52109760210916
0.446666670457132,1.14169258458927,-1.25539906644572,-0.102844242775874,-0.181067867295475,-0.751792082376421,-1.03992402673052,-1.98927481478057
1.35517126379532,1.12337181361672,-2.10508674121997,0.500947239666821,-0.465365733498535,0.0992808174832795,-1.49887529574182,-1.61313809061558
0.443529292747669,1.09492912244353,-2.03734626511131,-0.840579444108598,-1.26500965657057,0.0329255664600772,-0.0228265188493582,-0.715379758715986
-1.95207840804272,1.05759628004795,-3.53905773313125,-2.56378315514337,-1.15340611446112,1.53602225956547,1.82303589699075,-0.724388621684854
-1.34176409710472,1.01265389996282,-2.16088467316887,-0.641307981941517,-1.18263495149363,0.159234424688545,0.0103598780725337,-0.589845012602685
0.42525045589203,0.961370392747804,0.653605784804824,1.57103545327569,-1.00588936856296,-2.6538708081997,-2.10553850756148,-0.660227492148105
-0.495172281668959,0.904954347652359,-0.682744818424127,-0.542545388630958,-0.869439644885858,-1.31613497988529,0.0910714569591813,-0.690807279299094
-0.29626563928687,0.844521075350128,-1.16242713746702,2.00701137673477,-0.453354516703416,-0.835067435756946,-2.38858152528669,-1.00289710043372
-0.0700759971331148,0.781072304748846,-0.290125638692707,0.595404572330289,-1.20514502361203,-1.70598370944581,-0.919636701822062,-0.150189235012869
-0.776414444781047,0.715487340875178,-1.1416505328487,1.02372069952215,-3.02464780612514,-0.853073590204356,-1.30243172715723,1.7661352778662
-0.481983033476076,0.64852305522316,-1.3057402159858,0.20490204762505,-0.952378615425604,-0.68759868198181,-0.449042426742593,-0.214241163761391
1.12664530237943,0.580820349263586,-0.906381640169995,1.99544380398074,-1.6475727599091,-1.08557203271216,-2.21504086706119,0.567259390759485
2.10088060366652,0.512914847676304,-1.31623723963644,-0.355363945044712,2.86101355432213,-0.674331208160264,0.151213325473434,-3.86110172232579
1.69842234882608,0.44524970876686,-0.436636784844959,0.727790806395457,-0.90604654563926,-1.55254643786629,-0.924692264968701,-0.0202467543759671
0.126246041856678,0.378189401536766,-1.07682401587485,0.858427673517638,-1.09440340594829,-0.91097398175094,-1.05543588107107,0.235252400119236
-0.427986733244224,0.312033194756122,0.470123046710051,-0.877571174353074,-0.200852304925324,-2.45653581925039,0.673865010359381,-0.597923758601457
-1.16124369100312,0.247027710012725,-1.51589153885348,-1.0758128169527,0.811047997316024,-0.469136008601409,0.8594944001018,-1.55624288077986
-0.247700934074129,0.183378237784025,0.159003347255498,0.0625884071963423,-1.3799021743723,-2.14264566962493,-0.296849453429463,0.681538468776863
0.0912117589844803,0.121258562997818,-1.60977442920157,-0.448352818060144,0.0579625152980789,-0.372482668082407,0.191309329316724,-0.716147798245041
0.145965033965909,0.0608194885885289,0.273423656788795,-0.971504532619265,0.0563684499200811,-2.25429552898732,0.687238491061743,-0.680892350321384
0.491139254698267,0.00219605021617069,-1.22496661947998,0.0447028269749416,-0.299683693412396,-0.754520027633096,-0.360317787598113,-0.297534863173961
-1.92140214492867,-0.0544864247148396,-1.53645794682346,-0.603017646819358,-1.3753830016855,-0.441643475204156,0.252161752627661,0.799288722774538
1.17311792707416,-0.109107192570644,0.766942377049405,1.16732659356634,-1.04014554378512,-2.74365857399157,-1.55715302464104,0.479173983933137
0.548095598165616,-0.161545714961676,-2.33228458052813,-2.25067892661224,-0.00957038013278788,0.356953608671418,1.81825070619407,-0.542103713047333
1.82471158109221,-0.211677867892706,-2.04511159478245,1.29884215585953,-2.35752474840497,0.0711658480111963,-1.77746101243517,1.80948983538409
-0.622506720847585,-0.259372586468526,0.572694318345991,1.49344545853366,-1.16915272567638,-2.5452548400318,-2.02184917062996,0.619251657461457
-1.34180724627994,-0.304488821124359,-0.149378115443392,-0.585220732079982,-0.0130864134466279,-1.82179718115696,0.00339295410221063,-0.544050563316053
0.156508200405887,-0.346872709653388,0.370771804236893,-1.18965649646148,0.400976726368391,-2.34056187575179,0.550689006342416,-0.97060331059143
1.73509420263592,-0.386354896995149,-0.538636924238927,-1.937338393423,0.641215122419811,-1.42976792219052,1.23741594021937,-1.22848955553346
-0.447520031706867,-0.422747963840271,-0.60417100452075,-1.55384048983604,-0.474676530535165,-1.36284861682324,0.789033572103724,-0.135329199705872
-0.376677948058859,-0.455843955376249,-1.55768317573129,-0.276421433743366,0.346962149416939,-0.40795122052725,-0.557319385482222,-0.984727616693209
2.21744597886397,-0.485412033469838,-2.11768021836572,-0.0844068343754598,-0.418687041450825,0.153431047192637,-0.822433319557557,-0.251829591278988
1.08217839106748,-0.51119631192165,-2.4100710002792,-0.103481747735201,-1.7995044543099,0.447207054191569,-0.880724696084898,1.09126695426031
0.440706447744268,-0.532913972043296,-3.08981654274421,-0.581516604672544,-1.75238147557448,1.12833782174204,-0.484398416031568,1.00146346243499
0.165524123068338,-0.550253814416022,-1.95209784347011,0.392310121809278,0.557969247646561,-0.00799565244661427,-1.54431195406256,-1.35652438798373
2.25520388682344,-0.562875447567111,-0.971741863408248,1.72654001479651,-1.32138738803357,-0.98696640742302,-2.96898854309925,0.470240216184396
1.0772670898902,-0.570409377997463,-0.107542082559749,-0.22433599427013,-0.832299953547957,-1.84978096318607,-1.11282961725488,-0.0763869132681378
1.48893182070463,-0.572458331969994,0.65176888047853,-0.192009278920768,-0.287484127380379,-2.60770670113889,-1.24396423288067,-0.683669209279744
-0.430594639487951,-0.568600322073335,0.00215386769675419,-1.9796596081668,-0.317870218139683,-1.95670646327166,0.441078196529242,-0.720632256884628
-1.811222287627,-0.558393793358489,-1.37071154902782,-0.0781116700925012,-0.411428089540311,-0.582455821461632,-1.56645259122387,-0.699227918072151
0.152425630025806,-0.54138553172141,0.380693312198021,-1.09435028788978,-0.099718292265,-2.33247545760202,-0.658987895867181,-1.08777070979356
-0.210898516093681,-0.517121969217638,-0.761608662027126,-0.855338137807007,0.0426717151056248,-1.18878825829142,-1.00879688854335,-1.31148756539778
-1.99229865351722,-0.485164501986004,-3.41924963340812,-1.94789817391164,-0.0288707989818483,1.47023793817503,-0.0280791398576646,-1.32550405478859
-0.624724015722063,-0.44510941521766,-3.00095229102167,-0.454348833823652,-1.39685673611052,1.05332582087403,-1.63330652840911,-0.0469549629489693
-1.36821704362636,-0.396612882962458,-0.0743736459057254,0.384275419656791,-1.63096519270867,-1.87186759915646,-2.58198434031241,0.0943029263827968
-1.02270087736864,-0.339421224675379,-1.35750208477326,-0.392721241053395,-1.46664313953273,-0.58735393520347,-1.91169517205618,-0.165692345248377
-0.428148883034831,-0.27340616350833,0.408164358716987,-0.597758819860446,-1.1959681754749,-2.35163515360827,-1.80803667653848,-0.534129070998604
0.90982121427188,-0.19860419954714,-0.231376705184939,-0.304354945418599,-0.213862716964979,-1.71070886462089,-2.19526419313209,-1.61519400224994
-0.931428354706353,-0.115258380068364,-1.96217034226405,-0.878810274712264,0.709866147892725,0.021469997543678,-1.70464130999918,-2.63802288503212
0.641040771077782,-0.0238597517790395,-0.639527019582272,-3.16760358326034,-1.57836331007343,-1.29978810005265,0.512895381678086,-0.447806932190598
-0.792442014886811,0.0748152945230342,-3.36729924091895,-2.20092920970839,-1.53039067583575,1.42936934636949,-0.509812843810136,-0.591314260980588
-0.568559293035604,0.179676568875302,-2.12661048513693,-2.07325746199562,-1.22845500669845,0.190065815672914,-0.675700515134357,-0.984763295825201
-0.214567737269376,0.289305978691523,-1.61114443999243,-1.88184595526695,0.893601784551542,-0.324015004386131,-0.885105858136566,-3.19264664397758
0.57158429977261,0.401963324867163,-0.953692424454059,-0.354706873786952,0.218284734591953,-0.980081794839047,-2.40796158171886,-2.59572162982345
-0.149805786888692,0.515616756928522,-1.23298676709301,-1.71283653313728,-1.36700153917658,-0.699402227114641,-1.02173135403886,-1.07961731517715
-0.531815354358611,0.628000787476884,-0.520711957061336,-1.6900096665969,0.328753529117264,-1.41029181206086,-0.991774478352803,-2.83360768570474
-0.392678486676047,0.736701824507867,-1.28044669864697,-0.204249060225138,-0.444784768557587,-0.649171845389779,-2.40001005405029,-2.10573676396415
-0.530706149773835,0.83926741639863,-0.0949240646307437,-0.039036441783149,-1.65963353501895,-1.83330925432055,-2.46379587200254,-0.922562695068304
-1.33586149079218,0.933331381554657,-1.53924430160978,-2.23939363447499,-0.976939877537563,-0.387603792256054,-0.139876528323519,-1.62179008382257
-1.15499132136032,1.01674351331539,-1.49430308075811,-1.34806854840662,-0.0362545554089526,-0.431159788022275,-0.888155393005295,-2.56306799626387
1.11674807670911,1.08769047399152,-0.326771927069281,-0.582353741413225,-2.16918752183475,-1.59730571662565,-1.49476047035246,-0.414390688891996
0.0214668322669126,1.14479449634959,-1.79849260810813,-0.606606296789507,-1.4786073110983,-0.124199810501352,-1.29934320299745,-1.07293301192224
-0.162716065300359,1.18717884271145,0.523221822689523,-1.6097346472975,-0.99919950463873,-2.44452901621355,-0.117361925688039,-1.50450110463124
0.534433912509107,1.21449331054979,-0.495129699118019,-1.51005988069393,-0.258474146260848,-1.42479226932055,-0.034966760223254,-2.18250703490144
1.38521992004926,1.22689857515221,-0.417251630970549,-0.587364032023994,-0.809734401369245,-1.50128511238257,-0.776700685285376,-1.55495656454649
1.49093015796073,1.22501368296866,-0.915541627834605,1.43738851065279,-2.35913837234971,-1.00160989043306,-2.62555617911421,0.0826776629262629
0.597589484903561,1.20983544364025,-1.59342382718662,0.708539241174412,-0.430896204608029,-0.322342465995595,-1.72928995697583,-1.74726661918918
-0.841621942024771,1.18264103735185,-0.671537572425255,-0.347855126858753,-1.21726781495348,-1.2428434956715,-0.516718725436105,-0.854555613340878
-0.856628409495247,1.14488552376894,-0.971196258664856,0.0735616272735051,-0.53417048792852,-0.941799584346447,-0.795252353316073,-1.42536342770517
-0.633411374321245,1.09810532346923,-0.435601613836547,0.573044183154834,-0.215453713609219,-1.4760090040893,-1.16649861084175,-1.62791527405773
0.197972274960901,1.04383373031071,-2.29429093956765,1.22553675268122,0.0258635408344384,0.384065546727258,-1.70610619328325,-1.75117862491768
-0.0801408036728443,0.983535124178772,-2.14540565010727,-0.24681815166313,0.522443135180082,0.23656548235233,-0.136357988176577,-2.12965680076213
-0.0990767988917282,0.918557953113853,-1.26233613727976,-1.15090430133429,-1.1176949860383,-0.645118805389726,0.849950845511038,-0.373024883038025
0.357860973126905,0.850106236907638,-0.564750817181201,-1.4654253316965,0.509352029595611,-1.34131890040283,1.23219787677477,-1.88662863116896
0.356787959206836,0.779226795914824,-0.839341201607253,-0.766430174473135,0.532615400759427,-1.06534329089133,0.587354051672994,-1.80071798670721
-1.51650897609572,0.706809038999861,-2.25153283962762,0.0543223668436646,-0.936781377529675,0.348233572214494,-0.191745929835948,-0.227410926785485
-1.508629220535,0.633593654475968,-0.154918747120885,-0.0905916871751486,-1.550209788806,-1.74699529520679,-0.0165283343836254,0.483884469768765
-1.98502021894674,0.560187007540049,1.37471615951184,1.82790258637525,1.32494268365728,-3.27524497675406,-1.9149086823176,-2.30002513496521
1.85005737181059,0.487078471142021,-1.87104612190815,1.20235137821359,-2.09912200916592,-0.0280974702486181,-1.27831305184039,1.20825558403277
-0.513678455853187,0.414658691401345,-0.599816639481175,-0.419541957430494,-1.54712461990464,-1.29794172759014,0.346600974045474,0.7331995256764
0.454592899845016,0.343237373521833,-1.26924647289457,-0.469062829485359,-1.16887190680973,-0.627126669091286,0.392067904636268,0.424496305145338
0.838061732683835,0.273059452351209,-1.42818591879514,1.03478106398814,-2.07515131728925,-0.466801998105269,-1.12206609231215,1.39292352085312
0.145982126138623,0.204319545987073,-1.8211702480094,1.01137603557876,1.16014246488726,-0.0724324438055506,-1.11446491546999,-1.78754930913734
-1.31715021490659,0.137174302090729,-0.401139445075766,-0.650826200175256,0.611786319541713,-1.49107802165373,0.527026124977759,-1.191560111785
1.82753478913629,0.0717527565355938,-0.790994295738127,-1.1865214052581,3.5540194790214,-1.09983794590592,1.03759713329587,-4.0931633846197
-0.26674262092969,0.00816488631110027,-0.0664860936553977,-0.177863647563713,0.525309711577325,-1.8229609229032,-0.000208907551977319,-1.03061246349447
1.12220573573411,-0.0534913778854531,-1.49453639947937,-0.188640750371817,-1.23688222697089,-0.393525391993772,-0.0223124240309755,0.75886232602281
0.018635343487244,-0.113124412378799,-0.00260361890552374,1.07558939342619,-1.73950920895151,-1.88407294748216,-1.32295183342518,1.28244881287149
0.148600068031672,-0.170644164494241,-2.4034219941811,-0.317907755277433,-0.336541375291933,0.518130652878872,0.0307324303336058,-0.105652760947295
1.38301210480285,-0.225958175802314,-0.896063850733389,0.373370263962967,-1.59610789174898,-0.98784226548339,-0.703706406329616,1.16290453878294
0.234512520675071,-0.27896815231893,-1.67813909718296,-3.61242935492802,-0.364117813584166,-0.204381793948368,3.23557984372711,-0.0657705775817113
-0.738436262378938,-0.329566903247509,0.961819472877573,-0.0797170666230461,-0.243965903451378,-2.84295513892344,-0.347054639829871,-0.188106085306545
2.10791757483332,-0.377635503963014,-1.13981810891156,-2.10154506747737,1.04990767248937,-0.739932332048857,1.62134267477721,-1.48950991359661
0.00474611710053368,-0.423040570751711,-0.852133071684861,-0.620270943760887,-1.77395252766544,-1.0262321441901,0.08299428092715,1.32159811465666
0.280953332789686,-0.465631564464947,-0.372870065674926,-0.530827164175748,-2.51353143944107,-1.50410992511458,-0.0673300773061891,2.04329970625768
1.41132667975606,-0.505238068393947,-1.38428909370864,-0.54202337047689,-0.0951596857841144,-0.491305671995417,-0.121003289333056,-0.398005590143251
-0.394711277982595,-0.541667013400422,-0.320350032341897,0.36337641551084,-0.839067024712504,-1.55385950827671,-1.09545557878266,0.317954023745796
0.383474588730266,-0.574699852414035,-1.47675609431732,0.0900534201210431,-2.19405125128394,-0.396068221215832,-0.895565493941641,1.63999326318006
0.900947335566716,-0.604089719152366,-0.868176337140444,0.225801268839472,-0.602330245541051,-1.00326275330725,-1.10931755872152,0.0103243784534726
-1.579001883028,-0.629558643198229,0.793774377418457,0.327961849293053,0.258543523834858,-2.6638282427807,-1.2942274288384,-0.893524930112454
0.456589214755076,-0.650794937710201,-1.42019785672744,-1.70994941949643,-0.619272817187978,-0.448470783549354,0.656045108197586,-0.0637513812318307
0.49758694836859,-0.66745093655786,-1.59898471875889,0.195964982023196,0.479236763555094,-0.268298696432452,-1.34249820717098,-1.21542010754196
-0.104298703461777,-0.679141321406521,-1.30474085900292,0.835414922028814,-0.0807513254293203,-0.56115733110296,-2.07960776878266,-0.713759639016731
0.338519143051481,-0.685442365211716,-1.07208450550402,-1.8821205632735,0.22754303202376,-0.792428459516407,0.535276340479502,-1.08559744903715
-0.0308021319474015,-0.685892502922462,-1.49005981612772,0.59022629880689,0.0755252678976714,-0.373067923807254,-2.04457300996814,-1.002372302809
0.847538010145496,-0.679994780670583,-1.23986686934675,0.328333705008777,0.567690991591694,-0.621875645502773,-1.89476633256878,-1.56858817315715
0.483866586436891,-0.667221886147849,-0.394521849183527,1.23576961964425,1.04939974893279,-1.46583544058054,-2.91844835609234,-2.12957514966741
-0.0278524838150705,-0.647024382289425,0.171550740957339,-1.06873578036229,-2.55349962368604,-2.03052280563595,-0.733739433357668,1.38889996095915
-0.420262011490938,-0.618843145313003,-2.58263200067018,-0.315837998684729,-1.9109025118735,0.725045161077016,-1.60915463240559,0.65688396927367
1.69838557651813,-0.582126939790495,-2.53130679381768,-1.67784840643329,-0.788157427686848,0.675105179309971,-0.371299967236124,-0.560034954567632
0.00760711666126283,-0.536356021778941,-1.09655004817399,-2.65031505649839,-0.839264104482812,-0.758266341248264,0.476740362542661,-0.607508596759058
-0.291042181084639,-0.481072559010563,-0.184642417480452,-2.86260395814237,-1.81664601165931,-1.66878874685635,0.566012516005237,0.267365638255821
-1.16842209736362,-0.415918348655067,-1.38740390267871,-0.894826711787927,-1.14768596877588,-0.464642036572635,-1.52136079766297,-0.507397412339034
-1.61738326986788,-0.340679742014235,-2.11008523255397,-0.77485708210477,-1.46197531556819,0.259424518388073,-1.75515898829269,-0.301400079745583
-0.850768556788171,-0.255338835613533,-1.32177981425533,-2.04383864232637,-2.05963787575344,-0.527495674825109,-0.591570918872289,0.186480970524498
-0.0222874892488038,-0.160128817447811,-1.48377006462761,0.0950927381853295,-0.564275127487875,-0.364120199367374,-2.8245135107098,-1.41894599435619
0.865256266025853,-0.0555898981012459,-1.59243790879687,-2.88272709240817,-0.744228498397792,-0.254067130112668,0.0738309719534515,-1.3479188470255
-0.992374324470749,0.0573793718343905,-0.543785150148352,-2.17028171339088,-0.177863518390777,-1.30133466367573,-0.700304011695072,-2.02044129776881
-2.10520666929434,0.177482158522732,-1.11012424172695,-0.440236319488427,-0.982819145340369,-0.733610347011681,-2.47105571498669,-1.31705098787642
1.62788801448328,0.303002669605976,-2.17477557950767,-1.80306889901004,-0.544809895300337,0.332426215854494,-1.12498531597091,-1.8500510934234
0.181046637028086,0.431812886635647,0.193436486437894,-1.88401196660748,-3.09309782152177,-2.03440062500561,-1.03434757687765,0.611909734032818
1.2406547040671,0.561413731939469,-1.40500370156095,-1.55388053446516,-1.00300448593188,-0.434575211921312,-1.32648567724059,-1.55372114787248
1.05674212699004,0.689014885885994,-1.33438210083291,-1.92036870521234,-1.13361179741552,-0.503811587563906,-0.89274675530636,-1.4857868934047
0.097031631104442,0.811652936494212,-1.39298354004882,-1.55785549090311,-2.15489675723891,-0.443824923262542,-1.15885092963036,-0.51238647538572
1.82868888127242,0.926341732335426,0.768260083621573,-0.850778696924095,-0.136809649077331,-2.60368332184748,-1.74162748619037,-2.56190251000773
0.392944438665623,1.03024269102232,-1.01601772455387,-0.579712562564133,-0.369782000604135,-0.81802028858658,-1.86295923136828,-2.34259640994287
0.864533290706489,1.12083774926236,-2.00349446924322,-2.63195947371973,-0.291062843209765,0.170841681188222,0.360889101188018,-2.41636228956866
1.6259536314441,1.19608504196881,-0.873026652418699,0.104820976589673,1.28499511184956,-0.958240910550847,-2.18691828651265,-3.96850815147147
-2.09777137167997,1.25453827828411,0.15960925870492,-2.35692495668908,-1.25330988673915,-1.98949159658901,0.476017004625883,-1.38754701134426
0.380251312321769,1.2954153329467,-0.849963132451329,-1.83210448274596,-2.01558684459504,-0.97853398034731,0.159112535367841,-0.56463942439655
0.551515335503362,1.31860898793666,-0.608911425556567,0.351885919215591,-1.39331558470717,-1.21820046215662,-1.81571417598332,-1.1095941886153
-0.63415799346731,1.32464142003521,-0.496257111720601,-3.0630609950534,-1.99430506365406,-1.32946955090713,1.80450037618182,-0.416341407309741
-0.770286198266937,1.31457198582177,-0.151015522699048,-0.770122782899311,-1.69113459616152,-1.67332591484323,-0.291605044787324,-0.614397037895943
-0.959322882716679,1.28987343877403,0.710180387122111,0.973065976578504,-2.06392378979777,-2.53313659957894,-1.85013816930937,-0.125982841330207
0.233308314789308,1.25229401391945,-0.86750605961381,0.311774003523214,-1.35515862634686,-0.954064927757561,-1.01920992814375,-0.711084861491085
0.673425224588696,1.20372178615858,0.0448665578535513,-0.939062131957216,-0.376816724544193,-1.86505232013947,0.38431991342466,-1.56021723510392
0.667730778025028,1.1460646780505,-2.17328862680695,-0.467883772362991,-0.862858244626496,0.354488089606485,0.0478365672923706,-0.941833089414213
1.419661792927,1.08115385764048,-2.17882061205446,0.150102170883773,-1.270483051069,0.36140529993945,-0.453745607777608,-0.400986882292714
-0.0755404820092013,1.01067429974229,-0.811232870963414,0.393391864533537,-0.381188242148484,-1.00479721606614,-0.598586865253806,-1.15821707415935
-1.11326840213633,0.936122178703081,-0.00310180027378582,-0.129833069081049,-2.22942835366322,-1.81154306167032,0.00594914291243145,0.819152766718461
1.45998832872867,0.858785471418989,-0.919536890385729,-1.07282609702117,0.0149969150864111,-0.893722746472921,1.01427296450387,-1.30057892700277
-0.313430585376171,0.77974288685247,-1.42720955718797,-0.706134101496258,-3.36489218462881,-0.384664854585229,0.698298663405654,2.19834604917767
-1.97577430631094,0.699875805775354,-1.49242450513694,1.93296085424466,-1.36752141812338,-0.318064681550799,-1.90322369105492,0.313401495247975
-0.604088716593821,0.619888565469428,-2.22794108344334,-0.0633457679521632,-0.32231560201318,0.418837121841053,0.118992503005876,-0.626690020065584
0.271959412782071,0.540332681871771,-1.4669741661003,1.73094071469402,-0.884461013275069,-0.340744570416533,-1.65961675324343,0.0327793062826894
-0.0675900068448404,0.461632187591492,-1.22582384432196,-0.459045912239163,-2.30286617104419,-0.580509667109421,0.53714852464099,1.54043380392833
-0.0715367938553668,0.384107952285003,-2.16043387212601,1.06082111186148,-0.0761911996073338,0.355485585780085,-0.983631519260513,-0.605186924515532
0.781127726604576,0.307999625401342,1.01131807975221,0.114650577180429,-1.00800506372977,-2.81488114101269,-0.0450001726774943,0.39949891605871
0.450768131794457,0.233484647657477,0.476374940292395,-1.03744004015763,-0.177818474204581,-2.27855277646742,1.0938418231666,-0.365879820128243
0.816532186921362,0.160694265625014,-0.261646996757831,1.22686805630748,-0.255274950544236,-1.53914561433174,-1.18865454343029,-0.231482296475012
1.11924327626509,0.0897265629180032,-0.668470033837972,0.538650400665079,-0.38311464645063,-1.13093735216614,-0.522935543887775,-0.0543149122187603
-0.204980199377356,0.0206569130840339,-2.85547116212523,-0.534687827220471,-1.17082998667529,1.05744900120657,0.524091821544394,0.775404485607052
-0.0409189801914982,-0.0464537807284171,-1.93870643518947,0.21900188605981,-1.03085404660387,0.142069499356259,-0.259342635772561,0.670417983687158
0.53348293052814,-0.111552624619799,-0.208065578358326,-1.8612588890666,-1.70930871296007,-1.58718613238943,1.78800993357495,1.37716172601347
0.342715119343812,-0.174589664373765,-3.23036715039198,0.198479333993161,-0.457316230880403,1.43650066472968,-0.307625500941284,0.147066020175197
-0.515324714746974,-0.235513854871001,-1.29738622164463,0.72451340796358,-0.545013271512001,-0.49509503893222,-0.87245583473608,0.250560310920591
1.04349187182499,-0.294269768952171,-2.00579945960139,0.633686246085969,0.702216415082207,0.214703424109995,-0.82330782057095,-0.986701195132789
-2.065232317235,-0.350794798148666,-2.53903656987866,-1.30328133899503,1.24241392093915,0.749325759472725,1.06904990118678,-1.52251671337356
1.0531092523244,-0.405016644365199,-0.12798787790368,1.89781578935219,0.287970665431745,-1.66033770741681,-2.17969073225078,-0.569066123172906
1.31849792138255,-0.456850943227444,-1.09315371219859,1.89814942166932,-0.0997744183551798,-0.693786648036444,-2.23085150364233,-0.187510646096284
0.600816993303989,-0.506198894442659,-1.14493583995546,-0.960732110529364,-0.631289176566303,-0.640619295194117,0.57382949795359,0.332760013583644
0.40113881613136,-0.552944803283769,-1.12794744175135,-0.566684769868934,0.68293295699211,-0.656222468312772,0.12198545785567,-0.997654067037016
-0.0634086650243524,-0.596953461643637,-2.52939988372214,0.508911838596133,-0.7032607794116,0.746615198743467,-1.01525340551815,0.367470922376274
-0.0226890309972877,-0.63806731844546,0.391003013573374,-0.38742253270607,0.304916067788639,-2.17240247346659,-0.184676506916023,-0.666615144239879
-0.362444725545265,-0.676103409813409,-1.62800249853839,0.574255805242148,-0.785296066769471,-0.152011736269374,-1.21651092099683,0.392850384739822
0.355280531740673,-0.710850040294642,-1.15312470472635,0.60117641635516,-0.217863683800341,-0.625504304995962,-1.31827621278609,-0.210194073120957
-0.647861678146091,-0.742063235440927,-0.454858954693067,0.360364644299045,0.529891872836823,-1.32238482994379,-1.1572863040924,-0.998483743240682
0.257863812254683,-0.769463009719206,0.192291749118548,-0.788049915240664,-1.43714149925933,-1.96815030866995,-0.0939485718919081,0.92301178861313
-0.555376316965846,-0.792729554245384,-0.27371862694613,0.67190109083813,-0.245492789923734,-1.50075470751982,-1.644487177276,-0.319281167153164
0.922922178798657,-0.811499471986801,-0.612532791751572,-1.52252767173917,-0.98196211958191,-1.16055531762893,0.453622887129665,0.361318921793728
-1.48922082261527,-0.825362293175184,0.00974446826841857,-1.17468423307314,-1.54983375167323,-1.78144735256346,0.00356115524094047,0.867968017053445
0.2853809545298,-0.83385757728791,-1.23021556986463,-3.68381246457272,0.278722563320156,-0.540102089344957,2.40447456407267,-1.02729461627942
-0.0580827848985902,-0.836473013147118,-2.64486273441136,-1.5502326285659,-0.135984928127839,0.875930300287222,0.156681631160665,-0.684900765810829
-0.827554116617004,-0.832644169567808,-1.65000831413704,-2.3404568166637,-0.129381725858959,-0.117538894901642,0.826816162988217,-0.769530392220806
0.825239797520067,-0.821756502036527,0.398409055774092,-0.278352388967638,-0.985844521469313,-2.16457103972732,-1.36097660974021,0.00311906628276909
-0.84502142893972,-0.803150624664365,-2.87920979569438,-2.06055382860437,0.0489963687785927,1.11443303682661,0.290409379190235,-1.12134908544199
0.0773411469125866,-0.776131991388834,-0.795146881155816,-0.643299284403671,-0.573877403194008,-0.968244652626508,-1.26208035515989,-0.593877796234718
-1.29567529450178,-0.739986269640339,-0.535659568778989,-0.549161613462859,-1.49414931868813,-1.22634673991788,-1.49488431312413,0.225342388326089
-1.16054727648944,-0.694001859224451,0.399209776293976,-0.138237941733987,-1.86398647333397,-2.15983085990539,-2.046588388324,0.488716285972854
0.142745760473753,-0.63750103680478,0.261626577138107,-0.653509640026166,-0.212810704153388,-2.02086243566407,-1.67252022605375,-1.27395762842939
-2.33499783876106,-0.569881034947934,0.0364454919747134,-1.68658429009768,0.00231892992905602,-1.79429612541522,-0.778967427303012,-1.60507552389079
0.138802712102291,-0.490665913987948,-1.83006826839991,-0.840347665053583,0.320335988652429,0.0736028600448555,-1.76049764406416,-2.04282792604299
-0.0726974271466669,-0.399569234479531,-0.44677358069007,-1.72283965730795,-1.32221006003968,-1.30830660257953,-1.00607440318485,-0.522793742636957
-0.43256683579989,-0.296566186285744,-1.02833825511164,-0.711223743449211,0.56612482005319,-0.725356703072511,-2.1351082970987,-2.5351930488576
1.3079236326556,-0.181971925940476,-0.602564310993188,-1.90733360559379,-0.249776955921475,-1.14974542210551,-1.04196992218,-1.84341173980052
1.40655268653738,-0.0565204648036459,-0.90845269678342,0.744305227911766,-1.63175666863859,-0.842471811229821,-3.77807618699029,-0.583831085015473
-0.280639717648316,0.078564244597636,1.21181074216623,-1.45800207546536,0.254310418874002,-2.96135002509402,-1.63757619431894,-2.58852444721554
-0.300893174032305,0.22151591576886,0.410645897719976,-0.789697374104462,-2.53648734551609,-2.15879995556231,-2.34099420308802,0.0897180901445136
0.260062700079287,0.370004819367659,-2.40013395103238,-2.13483287277777,-0.822262786406837,0.653365118275496,-1.00063841170512,-1.72849657228865
1.0859459395467,0.521160551292107,-0.82928349115888,-1.23676194059478,-1.66175068361899,-0.916100116512547,-1.8702174436548,-0.981821341342867
1.18013095310873,0.67164874145743,-0.458563510283369,-0.953418179285295,-2.19078726139523,-1.28543487230261,-2.08987619770318,-0.531793367247241
0.16911779760166,0.817806202854271,-2.75507472036917,-0.663753233192205,-1.41352313858866,1.01246156286865,-2.28004294322834,-1.37174770005416
-0.485736125701045,0.955830618980712,-1.03681676230565,-1.44487603265289,-0.171520007867708,-0.704411170109418,-1.36450172703016,-2.65786217345303
-0.795331696080471,1.08201079680418,-0.532377235229807,-0.81994783604044,-2.41481578251739,-1.20746547209981,-1.82259433272349,-0.438237163156481
0.669833960320126,1.19297389251746,-1.15814916953308,-0.0342256725648702,-2.06790813218702,-0.580308312711082,-2.41312890056815,-0.787045862915254
-1.83852099488461,1.28591947911211,-0.476973969394543,-2.23302972563061,-1.50162075284713,-1.26009828776416,0.00379083403340941,-1.33277543109752
-0.447267938658915,1.35880918353697,0.246232914595544,-0.601597778352672,-1.10229440304078,-1.9819199466688,-1.39303572876357,-1.68910334756229
0.279317657366041,1.41048594652483,-2.27011068179401,-1.56306766617309,-2.03101294468137,0.535808874806211,-0.187477511124232,-0.695689351431652
0.517823375002389,1.44070796843148,-1.36873588059159,-1.08463648034325,-1.35750950964878,-0.364180701310757,-0.41942156213657,-1.28423460323186
-0.538462453628333,1.4500965448946,-0.343761123182973,0.064800575967935,-1.63393693229812,-1.38777023363392,-1.3266615374896,-0.904627578446013
0.395475877636347,1.44001075019476,-1.36805360621683,0.758784692743784,-4.33877840681446,-0.36209252551461,-1.78863457399965,1.91908942207171
-0.487539721179493,1.41237202658331,-2.02696178531177,1.03951642687434,-2.99125487164186,0.298200878665787,-1.85236136188823,0.703275506646528
1.80196130115492,1.36946623111942,-0.688440953488615,2.38471586953145,-0.87872369908388,-1.03893472807192,-2.99915541228147,-1.26775310267468
-0.634519347316244,1.31374939231652,-1.88346092834869,0.619724578663286,-1.3637723890808,0.157470471873607,-1.05670131798142,-0.634478156576055
1.32747444850631,1.24767783926646,-0.531089104119214,-0.0584877417180769,-1.39814251615539,-1.19351612727041,-0.223143707835076,-0.448122129988754
1.29289452605901,1.17357506065968,-2.56928330572051,-1.1094129603306,-1.93424519861092,0.84606329941634,0.960845935927414,0.240974780628971
-0.221121594936957,1.09354057639156,-0.393991920868653,0.794244821618526,0.363871782022893,-1.32784286035006,-0.83137707982817,-1.90560044812586
0.0823500074897653,1.0093976898529,-0.632820151744652,-1.05423864076323,-1.29415628367374,-1.08762940438861,1.10816568584111,-0.0996048377610614
0.991635428016256,0.922675529980733,-0.859289199467012,-1.1774145037812,-0.169315026168628,-0.859775131580799,1.30368305892695,-1.08181410455653
-0.252064499988368,0.834616104386634,-0.0946039768457013,-0.407017004806199,-0.617283020669913,-1.62307512911666,0.5887952573419,-0.49795139032663
0.279917166509517,0.746198385274458,-0.25722109184985,-0.406862238491424,-0.0764948394045352,-1.45907278902705,0.629289783315996,-0.910642092955645
-0.725060437478174,0.658171590282652,-0.0151651883004963,0.466511983699437,-0.920230868812911,-1.69974346749095,-0.216349502174855,0.0526466825440525
-0.45063210183159,0.571093015317649,-1.2460763472814,-0.122955726401049,1.54282335561021,-0.467447083424592,0.389783200051342,-2.29987229655199
-0.921848020468891,0.485364317097203,0.892369507158318,0.733979568086599,-1.33674427575123,-2.60450771277886,-0.459866680808593,0.680975608571104
-0.713061432847169,0.401265321333255,-1.93037764186143,0.178713622390181,-1.98309675806917,0.219624661326344,0.0948120193743011,1.4193104504441
1.81062671238028,0.31898342168516,-0.759617893220081,0.384581740279116,-0.482298292612533,-0.949749862229555,-0.118204860735557,0.00130873024658398
2.5222374867131,0.23863800339059,-1.40735201524578,-0.191142200771425,-0.827920105412287,-0.300630515118406,0.444923677846973,0.420773433009274
-0.261713623132912,0.160300085400281,-1.85452878460839,-0.00719615686006653,0.86530612258948,0.14793147932966,0.243861912359395,-1.2072446754039
0.405822554022364,0.084007699247686,-1.27771492473167,-0.507695878746921,-0.90605833194623,-0.427497155461604,0.723476146327677,0.621071657287131
-0.415061610275433,0.00977760168402004,-0.348656299741921,-0.737916518477515,0.967880061503397,-1.3551705553659,0.929632090494376,-1.2037568375408
-1.36382350202407,-0.0623859871338951,-0.171584354647425,-0.355081531688311,1.15853874594192,-1.53085727537494,0.520000608934315,-1.35271729210754
0.565280006383913,-0.132484968734894,-3.16942370919649,-1.09612477548717,1.52045552285286,1.46836730425958,1.23183666408204,-1.67991711860957
-2.03468273526784,-0.200522710673016,-0.12163093710785,0.444858003526684,-0.952951632104963,-1.57804024274361,-0.340553208123902,0.821643475282165
-0.130445022892005,-0.266500662467398,-1.12973882314369,-0.547990518631503,0.645683795090801,-0.568547131622322,0.618803517189667,-0.755006704858025
-0.514661922239085,-0.330415854241219,-0.656044582128554,1.10148294060273,0.237648150065903,-1.040856147552,-1.06621361298052,-0.330788539098204
-0.16469767213757,-0.392258965040493,-0.808417191021405,0.623983275431667,-2.41097621875345,-0.887098313573696,-0.626347443911081,2.32854587652792
0.430360449336544,-0.452012720615075,-1.13444571393559,0.938701027039116,-1.29619779892747,-0.55968456557406,-0.980887259455455,1.21929637389156
0.491527698272724,-0.509650435670089,-0.207913845317101,-0.668384325536604,0.663593231162487,-1.48483120910709,0.58403640756875,-0.739896785955699
1.60969413794373,-0.565134559610943,-0.778662518998521,0.0488921592172616,1.17003389103084,-0.91269731034022,-0.177937634363388,-1.25046309434666
-0.246895309840048,-0.618415117711504,-0.267658833829946,-3.11118161062033,-0.336194810145782,-1.42231577042334,2.93466718990739,0.247080939472224
-0.682205480779113,-0.669427962867811,-0.0479714143213523,0.42305514751633,-0.340450432368368,-1.64061796484648,-0.650079740188219,0.238214501129458
-0.758965626909722,-0.71809276955772,-1.02937429333015,-0.59031077777075,0.50837727255183,-0.65782986075223,0.309434811642183,-0.628093279556558
0.864682484602331,-0.764310712649797,-0.667140514467757,0.754806831268896,-0.708458308812726,-1.01867841452917,-1.0932018222254,0.566942326965127
-1.62771321771077,-0.807961781437467,-1.37715745667681,-0.142919355078627,-0.239208034105041,-0.307276247234662,-0.257011837218171,0.07157030153786
-0.731712871449937,-0.848901685607509,-2.22852920499963,-2.44976103490487,0.421622279110536,0.545480726173607,1.98390728477978,-0.619743896316432
1.24231450552694,-0.88695831650299,0.219620044134804,1.43949653029033,0.0918497896667989,-1.90128329787537,-1.97604427377241,-0.324894513912138
1.00629899253305,-0.921927736263331,0.887132537556475,-2.52053787668245,1.63259580378887,-2.56741056621159,1.90812817218369,-1.90511465437315
1.33275308876575,-0.953569681500902,-1.71136158201757,0.990778223971915,-0.496876932405494,0.0324687784479091,-1.68462030070398,0.180188794078371
0.310400861390393,-0.981602590042002,-0.815168370739356,-1.18470620903576,1.18222265804648,-0.862339207744849,0.403460098843925,-1.54794891814502
0.332405426642302,-1.00569819254487,-0.651688973110619,-0.896476780509729,-0.301565955890682,-1.02443338028813,0.0214641289289584,-0.118267043216269
-1.41091601911844,-1.02547575993767,-1.01737818745131,-1.0701092288942,0.363255766432842,-0.65735894086199,0.0945990242328649,-0.842485788427645
1.13520078464283,-1.04049616812825,-1.00744434406297,-1.69711614705804,0.225486928902374,-0.665907559164877,0.614046601102021,-0.769642518668481
1.02379940759759,-1.05025603985218,-1.36691667643973,1.56637830657449,-0.918760771923944,-0.305050001702666,-2.76434239972081,0.303902877269271
-0.181513987574458,-1.05418235728029,-1.75809588916055,-0.195138038023049,1.50291267968527,0.0875144361036133,-1.12524711283653,-2.19449932972916
0.906886622030073,-1.05162811589278,1.38899261208115,-0.0158274895145932,-0.767943225883478,-3.05818884005264,-1.43458363264271,-0.00663927370367295
-0.342964648020101,-1.04186981710623,-1.29404529143541,-0.5291487126891,-0.623993588848497,-0.37376571145062,-1.05882109330599,-0.240070167089441
0.436991558697685,-1.02410787829489,-2.33948475583596,-2.41001906115536,-0.857297799756378,0.673058978035379,0.677226014221076,-0.102912138520249
-0.32121424599263,-0.9974713718685,-1.93614948393769,-1.32322684321532,1.62323126700073,0.271108931222569,-0.561136482692796,-2.68637283220618
0.289702434008912,-0.961028875975784,-2.13463299492999,-1.02513529730753,-2.21689613431845,0.470977667300316,-1.0167171629125,1.04400043827666
0.149013350671635,-0.913807599138732,-0.151553622228669,-2.63645715764779,-1.58143558036966,-1.51071648031555,0.432403630457423,0.29203875090362
-0.625259422589482,-0.854823245957012,-2.08770699778003,1.01918093080514,0.18820761248641,0.426822120321268,-3.38848938643428,-1.60063059914776
-0.935292886492232,-0.783123260367429,-1.02671679089305,-0.307423732831193,-0.316741134987991,-0.632782861480263,-2.22801200943384,-1.22482606786735
-0.000331556857191894,-0.697845936753505,-1.15493461370709,-2.61105289605025,-1.58090023718717,-0.503179813580765,-0.0886123016400675,-0.095294989615317
0.390297817309814,-0.598297269949867,0.198276124453219,-0.782698781501422,-1.20455464404796,-1.85500532665562,-2.07589087358544,-0.61084640860757
-0.120987855825491,-0.484045930234207,0.627934965411503,-2.67345787931717,-1.60981314264903,-2.28327894252845,-0.334688912147936,-0.348149866952856
-0.334872555122813,-0.355034443294418,0.733196824560343,-1.80522696258904,-2.03499871912913,-2.38715557659184,-1.33842017012741,-0.0673057243923274
-0.970921973010558,-0.211701152112995,-1.35884009745946,-1.36333316849596,-1.40987191869109,-0.293733429486585,-1.89653283348468,-0.836592563745644
2.0932687918518,-0.05510300315568,-1.67998575723519,-1.20865767574804,-2.5057939833546,0.0287974553745969,-2.14255867758699,0.117708242298807
-0.0863738286478625,0.112975931289904,-1.63759954909359,-1.89286652475282,-0.806484800601306,-0.0122035276815468,-1.51914813763372,-1.71794197445727
-0.700792137510877,0.289950039061697,-0.355889623063627,-2.63292345910913,-2.19575505697222,-1.29252822862605,-0.803918564319726,-0.45665210479122
-0.339221681758899,0.472414576754924,-0.304842676957953,-3.33315891285058,-0.0272973555467044,-1.34218994964628,-0.0878279496542607,-2.74139440081741
1.05507790328031,0.656206719275803,-0.465052658282219,-1.27004501662116,-1.37816580523388,-1.18059474323656,-2.09089034586233,-1.49165170440263
1.26654944161775,0.836560689725181,-1.92807858424453,-0.897218694469992,-1.92111299908216,0.283816407811211,-2.35763553777862,-1.03124808391074
-0.923814843205068,1.00835980808332,0.297594117191755,0.542313142451991,0.563675793460944,-1.94047106853962,-3.64530669118695,-3.57681451248089
-0.679358197735567,1.16647058912634,-1.15812845198225,0.0848919318240855,-1.34656074570361,-0.483363274280169,-2.99282390170226,-1.70286169493911
-0.161443248402038,1.30612463863667,-1.11168049207336,-1.5253981243835,-1.03414725086133,-0.528426009103601,-1.14920030421467,-2.02500303925415
0.808599624865113,1.42329880272631,0.376949511685086,-1.70116617856999,-0.788907055370698,-2.01567078777659,-0.708868861794512,-2.25219802907924
-0.760226335992042,1.51503453101356,0.0227126196881786,-0.61495809459581,-1.36574807621205,-1.66004867069423,-1.50795290651971,-1.62928780759501
1.95789325851205,1.5796514039492,-1.4314634687026,-1.85219147517576,-1.66335647649892,-0.204487357217998,0.0293441401898163,-1.25834944775247
1.18113307276076,1.6168170762859,-0.239239434449925,-2.08852228159308,-2.49934410584758,-1.39532616638522,0.568876168741963,-0.323512154009662
-0.0615754884943994,1.62747283927545,-0.494974722508122,-0.122160994068577,-0.808576028240433,-1.13820565324157,-1.10037893940249,-1.89251478825699
-1.39033025014917,1.61363353356349,-3.14288458034999,-0.791735283835309,-1.43071634889362,1.51108942968575,-0.147828448524589,-1.12898062050164
-0.631504893699917,1.57810478226929,0.168637621306009,0.732080457383148,-1.88900665262081,-1.79904754688479,-1.40920231103075,-0.513419821099324
0.457603279060419,1.52416663077048,-0.451591944213418,-2.11071397218708,-0.918115854066383,-1.17743275627991,1.6709356348164,-1.31514664610978
0.411493780032718,1.45527048379804,-0.679159441836008,0.553200213010529,-0.725345698746654,-0.948480033571871,-0.783458075424262,-1.3308525823291
-1.68227020305136,1.37478377064664,-0.181022557341069,-1.39089999833757,-1.07246257169313,-1.44523169298136,1.34128585629873,-0.802583836496281
-1.36395184751726,1.28580187424046,-0.781250355090904,1.19541953813417,0.776542885179831,-0.843618670146068,-1.09292473720295,-2.4698339656008
-1.82009760918274,1.19102997106656,-1.95763815116006,-1.20999665155845,-1.89598552475397,0.334154351008539,1.43747502247497,0.381998832462881
-0.494982896510502,1.09272970799619,-0.430883805947591,0.291289434705111,0.168040328899177,-1.19121476911847,0.0361953723478412,-1.50774269392217
-0.777204169143687,0.992715931866762,-1.73764133382817,1.15300821485372,-0.0420292707167037,0.116927983847563,-0.747903605409321,-1.13047606531124
-0.336971114360497,0.892388334084302,-0.81635846917392,-0.876302147312842,-1.3892514626088,-0.802969655721238,1.33942667824159,0.375276342903307
0.171911871345857,0.792783362694089,-1.02431983048338,0.0841656943463979,0.845501630715427,-0.593623069326325,0.420172971161969,-1.71074115984514
-0.624947378783107,0.694635483689459,-0.864503862866714,0.563866591713312,-0.788837730980139,-0.752053811857537,-0.0324536259666605,0.0618126525091441
-0.253553958430819,0.598437779586991,-0.974703457962835,0.257545293536997,-0.827992200875321,-0.640468991675963,0.28925485222726,0.228278575718028
-0.618440154950434,0.504498312083816,-1.83658165692287,-0.976863540138745,0.877633180185526,0.222794432369522,1.5295535170571,-1.36103442575704
-0.284566405730093,0.41298843672103,-1.50346634753726,-0.484574107525193,0.86634460523723,-0.108935651930632,1.03556358001021,-1.24429959160581
0.376532816426802,0.323982341247392,-0.574195817524994,0.473098627126826,-1.80429785515448,-1.03682095685744,0.0702248259927269,1.5212327434658
-0.79915118648363,0.237488310498474,-1.45646262622239,-0.647714069587276,0.449012154783425,-0.153168923074597,1.17876176086748,-0.647303790855862
1.01909433988361,0.153472269723892,-1.14276508120811,0.331012070442699,-1.0109711753299,-0.465481243003418,0.184258696469515,0.887866670127437
0.978949918257928,0.0718750420957757,-1.47654552822778,1.15212341040397,-1.18048308368189,-0.1303155708983,-0.655243767780531,1.12356574979012
0.336817206768796,-0.00737553361885444,0.917954972773085,-0.392978443200736,-0.317532749261717,-2.52343084681371,0.869545094070536,0.318417636945077
0.535754580478474,-0.0843563438473892,-1.37944720837831,1.77113761788668,-0.852761046349491,-0.224643440576857,-1.31628178507073,0.903684662158255
-0.2092164607155,-0.159143689769587,-2.59760944778295,0.064599254394563,-0.395931604816838,0.994904023913237,0.36752847113609,0.489741026676756
0.686181020495891,-0.23181005087073,-0.881775785493909,0.661262582531866,-2.04487985157923,-0.719544413290353,-0.252620740752059,2.1750087077912
1.02973385878887,-0.302422277868534,-2.39687382551769,1.23849907144513,-0.0419014223011876,0.796938851818878,-0.853942511599661,0.202336269798121
-0.388746493185936,-0.371040719947098,-0.727428898885513,1.06093502849684,0.0915150333567306,-0.871120849727842,-0.700988669418349,0.0937249633827091
0.652959650517016,-0.437718923251188,-1.55263789056636,-0.544654332825175,-1.06334051328679,-0.0445266329615438,0.879470801995828,1.26835273836152
-0.0939800801368754,-0.502503641125242,-2.05857706157011,0.521092462266923,1.36261801019143,0.462797763127665,-0.211977366476623,-1.14244573674692
0.32982921324413,-0.565434975988752,-1.28429798802212,1.88748147002685,0.480219009035891,-0.310096085334872,-1.60473804131944,-0.249126378461591
2.26746178724649,-0.626546531185882,0.971150872821672,0.794707271506302,0.611030692089695,-2.56415972109321,-0.539143611753574,-0.372933163913023
-0.0457677059528763,-0.685865492425674,-2.03037708139037,1.42289956257509,-1.07847469521989,0.438753458204286,-1.1954943201266,1.31993839474681
-1.19897770658177,-0.743412586251766,-1.59770794275788,1.5456406069612,1.22526434016598,0.00746954465724925,-1.34757098978882,-0.983842687314876
0.88539373128338,-0.799201880508442,0.437613704666915,1.81440276071804,-0.142141041523154,-2.0264668776821,-1.64706914793971,0.380298298626605
-1.72210033874388,-0.85324040110381,0.864786446859419,-0.719723147463263,-0.283748622697359,-2.45225439478915,0.854674867989969,0.515562099900238
-1.20783770369992,-0.905527544644212,-2.86370113276958,-1.01187969151061,1.47500207193526,1.2776184099253,1.11253709388584,-1.25250993018355
0.235631737316979,-0.956054269668179,-0.75828867014643,-0.569031285253837,0.499917591898374,-0.82640882761239,0.63319493102426,-0.289661963672127
-1.02205148443162,-1.00480203470645,-0.00332729681552157,-0.215209880604391,0.227701770631003,-1.57998497585784,0.240372722203812,-0.032573352528291
1.19707405609794,-1.05174145921422,-1.64041588620482,-2.26536734202882,-0.647704741282964,0.0584888386169022,2.24869349838344,0.824803204153062
1.05423092479086,-1.09683067412106,-0.528562017545865,0.725736934497996,-0.489697633935535,-1.05197980495659,-0.787434387460684,0.645815959224144
0.873167723097675,-1.14001331623126,-1.07062537596741,-1.24161140676156,1.27151359360055,-0.508531221449596,1.13132893488332,-1.13940749792221
0.0180812711497594,-1.18121611500972,-1.61403122235698,-0.241767897124024,1.21263574490061,0.0362598500254298,0.0789397304062753,-1.10768966366151
-1.31722115366462,-1.22034601085784,-1.37635048236381,-2.64395885655569,1.3974229969176,-0.200035664882287,2.42419898308351,-1.32293371041629
0.421996335791695,-1.25728673421803,0.494080633885884,-0.173247551411995,-0.060367355754536,-2.06908155604653,-0.108282509027808,0.100921076399295
-1.41111028352692,-1.29189476591226,-2.41096191671183,-1.06101044519837,0.888309628557261,0.837346219636641,0.712391495562143,-0.885385045336677
-2.16249626066776,-1.32399459147631,-1.20811166909187,0.376551718162229,-0.476859826026396,-0.364118802897866,-0.79808614932839,0.438214227404834
1.19556674377035,-1.35337315751661,-1.12585496359676,-0.0749968467134906,-0.201868679140384,-0.444990283307528,-0.425814089027102,0.11743189595805
1.72903046641637,-1.37977343847654,-1.81711137123984,0.313351969125661,-0.982638050150555,0.247651349421014,-0.900358809551623,0.847877002061825
1.22053982367357,-1.40288703091212,-1.46780438376624,-0.389102690789224,-0.4988894054493,-0.10027041296714,-0.291597177162655,0.308927529348583
-0.0741612768984742,-1.42234571418803,-1.57789867610457,-1.81113413626913,-0.469247079584451,0.0112091044566439,1.02865433974652,0.218834205076758
0.594314633537083,-1.43771195808722,-1.46836558920933,-0.159833383982831,-0.676961380295059,-0.0969387573531424,-0.733104238207117,0.360445732392151
0.828389742241835,-1.44846842840411,-1.68784956902099,-1.09143683740198,0.90188546802838,0.123930447543974,0.078786729072171,-1.29058193558685
0.360760572992098,-1.45400666319764,-0.378818167811221,-0.996333345978654,0.850927643079989,-1.18371572858034,-0.145825185436862,-1.31832896465678
0.146960435010866,-1.45361519848663,-0.850942168668936,-1.11069150644765,-0.421464257339694,-0.710206502637174,-0.171248088083744,-0.131624398977968
0.934099604795947,-1.44646782476328,0.00729049554386274,0.118521624590373,0.468339747221552,-1.56705394176452,-1.55088900062705,-1.11455902647627
-0.201534538999377,-1.43161282703006,-0.839542252105668,-0.770658983200974,-0.473358852188346,-0.718835969029535,-0.823004997364046,-0.273883695643461
-0.200410530346921,-1.40796462558311,-1.67998204107239,-2.6598612376573,-1.20841945543625,0.122989045022643,0.89402468752167,0.351841631731793
0.466470165438824,-1.3742998446501,-0.698557984929651,0.179954855900518,-0.308302097354951,-0.857049786034645,-2.12855363300241,-0.66628797764302
0.791671901966611,-1.32926064162641,-2.29523486865577,-3.03137489533157,-0.800524064526543,0.741012322776927,0.890099525124419,-0.30103439938457
-1.26316024175335,-1.27136904048987,-0.531656190317833,-2.7934803136047,-1.19002249572866,-1.02118113047556,0.450791412806264,-0.0476142014107495
-1.04459808429056,-1.19905703788766,-0.0238804369413028,-0.288784883926298,-1.08940669971092,-1.52757165876663,-2.26224555064721,-0.293397376618222
-1.85244827510422,-1.11071820788597,0.0536262450262271,-1.27925621454414,0.754648443103111,-1.60369311564871,-1.48446224621523,-2.29145505483414
-1.49597409676499,-1.00478715715998,-1.38654443447366,-1.01864785313236,1.4903847833924,-0.162137211063373,-1.95860740908761,-3.18947311782424
-0.0602878932316305,-0.87985304356591,0.960882945473214,-0.94121669379547,-1.49628064364182,-2.50817936592479,-2.24587950877012,-0.372433601997973
1.99361862896646,-0.734811853167745,0.73837605219967,-2.2492949688874,1.10988073114273,-2.28428724756579,-1.13826033403165,-3.15416901877304
-0.565851002453224,-0.569058467736539,-2.06796548360792,-2.4194585612928,-0.880976908392679,0.523439513327254,-1.15232060349428,-1.34289547307647
0.208043474225225,-0.382713135616037,-1.59783471277413,-0.980368039974622,-0.440670815862582,0.0546939675789166,-2.7514604511343,-1.96424492594442
-0.536269203257595,-0.176866432608684,-0.655478055558476,-0.670631753006661,-3.11977644155549,-0.886277464551285,-3.18828108739352,0.53556844240137
-0.641696406257767,0.0461850547592415,-1.86513636011632,-1.51963226442707,1.15328551145567,0.324766065092013,-2.42418114444208,-3.91115719002911
0.0882034386730653,0.282754367210647,0.930673278278784,-2.93101431840524,-0.530395477752196,-2.46965834821764,-1.04650330509466,-2.39101701909202
1.56697174095067,0.527684518523829,-1.19005016398034,-3.16302434069586,-2.1895942534536,-0.347549680873057,-0.789025542579626,-0.880249598794767
-0.43280096191269,0.774428306829847,-0.982711234642024,-1.69375775883956,-0.0159884017438741,-0.553503385125923,-2.16767802691236,-3.18190873468936
0.242216616227947,1.01533103804475,-0.938591609054671,-1.81495965668713,-0.790945177420587,-0.596237785627823,-1.88771644016736,-2.5093722251084
0.229497391361643,1.24212789222697,0.273383158949771,-2.13345665780042,-2.37660296801893,-1.80682732854681,-1.34310265096034,-0.995625473712772
0.595170386590565,1.44662184171702,0.15723634450013,-1.55008415172171,-1.14671262032839,-1.68929528901172,-1.63803830804771,-2.26282024480054
-0.393698632139119,1.62145504335546,-2.50523234640303,-0.981189472137101,-1.65717301771618,0.974558626976892,-1.86541368046788,-1.75212383399599
0.295575552343856,1.76084687482461,-0.581488959011253,-0.626457497620028,-2.13313969181029,-0.947799535329426,-1.83835592152827,-1.23692199602657
1.54522141436816,1.86116035449022,-1.38489412814424,-1.31810239685148,-1.66910403050566,-0.143009141110986,-0.739889501164046,-1.62292447593951
0.20021842543414,1.92118906297796,-1.42968160558474,-0.0912968495433647,-1.41703796821433,-0.0968364385850292,-1.55102754188575,-1.76004448321475
-0.25595951226465,1.94211514694949,1.34558677283811,-1.90877453218794,-0.327046454413896,-2.87071959192243,0.675392772246449,-2.70160196613733
0.646677091632863,1.92716601853317,-1.99052833617077,0.360941539946855,-1.48369643570851,0.466780742171906,-1.20570711380287,-1.36770486865954
1.53609858423694,1.88105923494477,-1.10716937911304,1.1594281480635,-1.19186444042185,-0.415192989800375,-1.6465838148195,-1.45901486099458
-2.31054658558171,1.80935866494181,-1.3493172007182,-0.223520631416134,-0.692042695829932,-0.171659943109762,0.0556646679475588,-1.74101578407748
1.03670069114292,1.71785798982383,-0.894848018495895,-0.737148320867079,-3.09456178026874,-0.624743900246609,0.846335428974307,0.890616133604213
1.65193976948579,1.61207786975203,-1.14041655488191,-0.410426790053898,-1.83296911974732,-0.377790138775137,0.753428352894292,-0.13626385509224
2.34236626776084,1.49691866506782,-1.55558585821644,-0.586387510687638,-0.546501719421911,0.038764389644845,1.12137554874068,-1.18753802853903
0.395408037444339,1.37647271148663,0.645908456552279,0.692635445479886,-1.26395701477681,-2.16134470003842,-0.00439187330633917,-0.238791994794316
0.188498664922024,1.25397033713407,-1.75193749943301,-1.39461558163826,-2.67800420815533,0.237886481032322,2.20153263536115,1.39907320842561
0.493128806024408,1.13182344296868,-2.44304828794349,1.08664134130152,0.452341325799339,0.930382494628252,-0.190979022434441,-1.51767976865531
-0.287498140270653,1.01172763848794,-1.09418365911245,1.27426270566362,-0.927155807914272,-0.417096909117338,-0.315039191538612,0.0632016967628571
-0.818597994974774,0.894790481870191,0.349313007438363,1.55042978388306,0.199426183350049,-1.85920835058269,-0.548287725533576,-0.875497369142365
2.05542794701067,0.781663213170778,0.473261750317844,1.28533733696315,0.258557556551411,-1.98177186837672,-0.256759967207702,-0.760949362436012
-1.95172943252076,0.672660582077927,-0.916729356096384,1.07664234883073,-0.391947596528977,-0.59039553687704,-0.0344298583809262,0.0488178588348926
-0.952716666411458,0.56786243293047,-1.82842268377621,-0.129664348739825,-0.0599726918535185,0.322683015888239,1.17588632408971,-0.138137606539292
-0.105309519283776,0.467194653669767,-0.318329694090601,1.17693755276432,-1.88745965418971,-1.18602474871191,-0.133654676152135,1.82059782510428
0.628555370997066,0.370490328254534,-1.09177044182051,2.51481927317324,0.628208496962139,-0.41119877589655,-1.47920908248807,-0.576904016507617
-2.06764470029037,0.27753381485894,0.718574801273748,1.76659068226567,1.93457099728269,-2.22015879390536,-0.741584670923209,-1.77734417861154
-1.80122791243089,0.188091172227299,-1.17308028584241,-1.10606334406702,0.531052400119356,-0.327118481703741,2.11897634040971,-0.279215204367602
-0.194720837644858,0.101929748312913,-1.23623857770777,1.3683519610956,-0.656015498765116,-0.262574964752931,-0.367883219323733,0.992132241505703
-0.391144701338538,0.0188299997554253,-1.96464692905012,-0.703144029263648,-1.84648034196237,0.467218611674875,1.69170063235243,2.25754145163242
-0.751620964243883,-0.061408199991435,-0.114152138541762,2.16154620956529,1.36777276578967,-1.38189095374803,-1.18369458708694,-0.890118379761736
-0.33954283843174,-0.138962950887052,-0.219023467055348,-1.5439436533156,-0.665446849345296,-1.27563440014899,2.51280484786629,1.20229687186955
-1.42095645089566,-0.213990080404256,0.115777818062895,1.36624015259993,0.519174721108401,-1.60905046018178,-0.404279836020701,0.0703830254666306
0.208113508110183,-0.286624261271856,0.912006769673544,0.0683089286487177,0.620288889887971,-2.40389418670698,0.889112756581456,0.016346278009348
-1.04676800073593,-0.356980806562956,-1.68412694726968,-0.292060079172897,0.105336174763298,0.1936247553217,1.24750116345014,0.573546991104572
0.214903684443569,-0.425157728395022,-1.85962869704937,-0.585321097650733,1.90438849629151,0.370511730186847,1.54147970441008,-1.18734426384929
1.41188500751826,-0.491237749940682,-0.158426391136387,-0.302979546332138,0.43829745679243,-1.32930535064069,1.26265579609969,0.313505581475171
0.200297356250965,-0.555290089743999,0.54391021950832,1.05978751097259,0.108035723399147,-2.03025673619994,-0.0937151113740488,0.675752923822802
0.407959262341266,-0.617371958226693,0.893863949290607,0.900795233711812,0.190807213827639,-2.37882524089677,0.0746184495457062,0.622770728320478
-0.478484002075246,-0.677529715117494,-0.584067515449097,0.22276689844028,0.659355033153881,-0.899508551071617,0.764997724901219,0.182344841595214
-0.552559303815483,-0.735799674699697,0.70179291171933,-1.2767175263737,0.327049187486241,-2.18398375315459,2.27991301030983,0.541591052661
1.16665011864878,-0.792208563457044,-0.281437198601798,-0.929562264056988,1.32008716595418,-1.19936841774801,1.95135087447643,-0.425240394132307
0.955596665270676,-0.846773650769113,-1.97539069758176,-0.454882842351404,1.94724559196029,0.49597030631741,1.49852648743219,-1.02651125443185
-0.290318327700223,-0.899502541671732,1.69689072337034,0.311853009825231,0.0280554179503816,-3.17492588954924,0.757028718322086,0.918634752228201
0.752608260143166,-0.95039264790786,2.70057853682765,0.00236469499747938,-0.208390464501459,-4.1772284779211,1.09528425738384,1.1814694736115
-0.772015771105563,-0.999430334188576,-0.983051746992199,-0.879837016038546,-0.456663667857851,-0.492212969015793,2.00995626831963,1.45691174433411
0.0731570188612501,-1.04658972233742,-1.34852281600302,0.0632695155363806,0.30204103981719,-0.125356674919523,1.10322729445851,0.726490832436835
-0.532290152844933,-1.09183112996259,-0.875211282948054,0.638171040191157,2.01040515839699,-0.597282982889031,0.568847029333513,-0.952148409653404
-0.650536113652406,-1.13509910931569,0.608166999851202,-1.4725438393045,-1.33907664006946,-2.07927604060283,2.72449724315714,2.42882188592506
1.32073195566607,-1.176320040855,-0.897210999981191,0.172577599880315,0.941628072838175,-0.572512815684987,1.12903083524504,0.18169210217837
-0.0858518874444502,-1.21539922479649,-1.07494122724892,3.15089300425376,0.67264889238819,-0.393397363331806,-1.79456803876554,0.486659542912745
-0.899702747307822,-1.25221740336651,-0.347632126025244,1.63985269559976,1.21784143471382,-1.11932123947003,-0.223371271508564,-0.0197968936275035
-0.476911704283785,-1.28662663683789,-0.773939353418816,1.51182385145268,-0.128685300516105,-0.691628786991001,-0.0293311751802626,1.36855912944993
-2.16735335759599,-1.31844544882782,-1.50357188246849,0.202997509059651,0.672891924168362,0.0393889671441265,1.35181146055146,0.612263369817206
3.58243307024539,-1.34745315234891,-1.11282918258447,0.974089703667737,2.05819288486131,-0.349968507654442,0.659824001068049,-0.723928902610396
0.48801893216626,-1.37338327010156,0.348136932580189,0.752282807758243,1.08733131040746,-1.80954939773365,0.968036805224686,0.300261522574145
0.389916632315653,-1.39591597402826,-0.68144663144949,0.030388723626107,-0.569723057218594,-0.778580608618514,1.78417407033679,2.01527688090273
0.199989873443748,-1.41466949531358,-0.340772973052273,1.28144060926217,-1.59485116266412,-1.11786904193028,0.635753300765327,3.10342937999161
0.352411040878316,-1.4291905204398,1.04968946264605,-0.383314144835994,-1.27876838608216,-2.50694625254315,2.4120798694549,2.85588405578455
0.158287343157902,-1.43894357273113,-0.678897613534197,1.37280056828831,1.64210781537801,-0.776973951277446,0.777014991853512,0.00952393686128017
0.800359451861624,-1.44329971897847,-2.69164356460053,1.89125447089677,0.507922828491129,1.23715722487434,0.389587337084322,1.22468074353099
0.774600369607022,-1.44152489865234,0.767719808316298,1.65650808335837,0.47210660061958,-2.22082092295703,0.765764566806542,1.34840627803012
1.00967082245578,-1.43276853576713,-0.443413343840996,-0.0720038821725686,0.263438981012514,-1.00830254571429,2.64642892048816,1.65239695012821
0.67546354394787,-1.41605347463908,1.10967628530404,0.865154853198596,1.27663073436165,-2.56000694977387,1.87229715665677,0.742398561227971
0.294223252317609,-1.39026878977541,-1.56990073000292,0.273522350071511,0.909699862477803,0.120955290618549,2.6377539010232,1.22081075111436
-0.288439925001605,-1.35416765136855,-1.24852142619805,0.877696794524982,0.682105699614904,-0.199038788100875,2.21781116213631,1.56852752031951
0.0658357417811905,-1.30637325201355,-1.44618061615896,2.01207569995474,2.07545583611115,5.62694549544052e-06,1.27726996926669,0.304197589107027
0.58659314399928,-1.24539674483949,-0.868797184375777,1.93261032436856,2.01637290274024,-0.575992579752238,1.5588496909694,0.501316415317353
-0.556441393908411,-1.16967213949857,-0.816071849979208,0.660627971891305,2.59508731975691,-0.627332689063354,3.03923445201535,0.069582823635177
-0.182214960497332,-1.07761397851626,-0.99556157794385,3.35437457860996,2.8572498094701,-0.446457736013258,0.557389758746915,-0.0369740052379295
-1.29081702353459,-0.967704071921349,-0.1082316918315,1.32095586218215,1.05353780957311,-1.33240239704015,2.80248153433837,1.93032911629912
-1.01618917166078,-0.838613131651798,0.75097582051847,3.39148996576845,1.09544392779851,-2.19022468430467,0.938601753785282,2.05896342522107
1.37590048704548,-0.689361174016483,0.46876991457563,1.27342224673752,0.892002115442224,-1.90663355327638,3.25237517918952,2.4383809259499
-1.02011334882891,-0.519516286459971,-1.7154297546149,3.13239817444673,3.0546687449167,0.27895134099961,1.57108482092359,0.455055349764766
-0.249660990624558,-0.329424093233436,-1.21355319270824,3.26181291256457,0.782876120032074,-0.221539995821604,1.59323794019443,2.90686394325827
-0.103105135051344,-0.120449748478903,0.135704127394642,3.2247917389107,3.79200724655923,-1.56941209083903,1.74686066539621,0.075074915455543
-1.15403434522282,0.1047987341883,-0.0236938647815407,2.99563317552767,1.11757813392808,-1.40862887357739,2.04852401672051,2.92017086093759
0.557696494062789,0.342310207639674,-1.17640058408866,2.73421998095575,-0.848628020713982,-0.254536929184822,2.32960936160236,5.04578151219247
0.608310495315715,0.586626659550514,-0.164099306397818,3.54205325712933,1.01761406945787,-1.26545298179021,1.4811332001237,3.32265249511164
0.921656708764475,0.830968676050448,2.07543958454393,2.62882644652556,1.37227709434525,-3.5036066476465,2.28813740674482,3.08956900285843
1.39034452279673,1.06756634763498,0.643298353688181,2.25769423789174,2.90734844522502,-2.0700801917053,2.48535628986983,1.64939920095509
-1.66875130890066,1.28819745409303,0.197964666886747,1.67270916862875,2.63841529406853,-1.62336127981841,2.8305113120946,1.98188137678671
-0.0546366363602849,1.48488647881557,-0.37205485170912,2.32976255843354,2.6666706708481,-1.05195653613709,1.8737134797607,1.98201358847414
-0.104564212238444,1.65066805996458,-1.31574785431843,0.134484608425081,2.98729572648968,-0.106878308442331,3.7193806306701,1.65203847707126
-1.37829943847334,1.78028464045776,-0.277791393664306,2.52960987637369,0.771789367697902,-1.143449544011,0.938123388129691,3.81939499033017
1.76916966814238,1.87068652301888,-0.71913551953488,0.669155289484243,2.21890090476954,-0.700720193054971,2.39134019656843,2.2859323314403
-1.44695791251966,1.92123956496189,-0.780112606612121,1.5471043377817,2.35787118893241,-0.638357880892277,1.10102783841205,2.02465225855076
0.985918589804293,1.93360734877416,-1.444094598412,2.75493952670255,1.21208244736294,0.0270093359930555,-0.509244500012784,3.01587966466572
-1.28121029926413,1.91136178723041,-1.52703724757844,2.05516189145907,1.95391185041871,0.111337210244949,-0.189126555030423,2.09209934343801
0.166882520296704,1.85940364552256,-0.715150403136323,0.720465134326093,0.873767083242402,-0.699164409111715,0.79851735981489,2.96852341954826
0.194014195638793,1.78332726237686,-0.0596473548042459,0.525075050395701,1.56666823172384,-1.35328223235834,0.68592914482977,2.05609030830276
-0.316956496755549,1.68883360443256,-0.331485659660888,-0.590708001011655,1.50145710528959,-1.08005870241624,1.5360245966554,1.89186448976841
1.86449580090845,1.58126681859178,-1.00248258089914,-0.702017212228654,1.65398665102918,-0.407676556092535,1.42433743053576,1.50552401368303
0.762028456386254,1.46530825549821,-2.12640605261022,-0.592335783691113,0.40257604846671,0.717632140703999,1.13255344525928,2.52367148417111
-0.682057175454384,1.34482209373798,1.34988860444504,-0.731109075311758,1.28391452083007,-2.75727729126581,1.12678996643693,1.4137883716672
0.599679528267677,1.22282626263106,-0.449002162263261,0.123461566223604,1.79702849494016,-0.957001299472056,0.161006480632823,0.680209461920572
-1.365495273555,1.10155009053546,-3.83973288912244,0.932070806230885,0.0436325002560218,2.43511465247258,-0.73013733504264,2.22377982577157
-0.483225080113143,0.982542093711679,0.476629075443177,0.426692259751325,1.41231274568819,-1.87986208700759,-0.283279292065526,0.657726146120722
0.598094734022439,0.8667983245913,-1.10498296086326,-0.971195535193053,3.54491731917422,-0.296864825615695,1.07568090562909,-1.65864895341237
-0.148061176035106,0.754890079071367,-3.18346115191583,0.659847426292897,-0.355767577401508,1.78299859052232,-0.578716361224485,2.0724553829082
0.475560546599702,0.647078718266904,0.281168683064229,-1.09946412234325,1.62861724523204,-1.68024601937228,1.16927519287037,-0.0671948775669962
-0.933899732607896,0.5434111554792,-2.80667299095367,-1.90194916125758,1.28758762181197,1.40898087973108,1.96943616924022,0.132644831890588
-1.42418677512678,0.44379556173483,-0.546392250425328,-0.193564092904492,0.937262099730627,-0.849914635711814,0.265170664471825,0.355339422553119
-0.0885236992507425,0.348057930734765,-0.877268726633468,0.46138495180051,0.46976292974782,-0.517652934418221,-0.381320320375299,0.708049915807
0.0508217227319432,0.255982589288133,-0.360016404210623,-0.0775017507640165,1.10504611673481,-1.03352003175561,0.168655416090295,-0.0300322340965219
-1.06309075375863,0.167339747689883,-0.373739243535713,0.669951322446531,0.357256409052843,-1.01841196734507,-0.566441001703139,0.626012645202007
-0.0493646477679178,0.0819031642356793,-0.989035298116711,-1.25816668943344,3.41344176750749,-0.401730687678617,1.37422942227637,-2.51184007820279
-1.46859641081749,-0.000539329485612335,0.208557178368856,0.454300582592375,-0.121002672124302,-1.59793793907873,-0.326319149596497,0.950029219939026
-0.596085963439003,-0.0801804368923979,-1.24122504913059,-0.516832529676915,0.314635909204993,-0.146770486493831,0.655467410089466,0.449938312511991
0.65354370908292,-0.157191327215575,-0.500725537327448,0.403011759261194,0.858686639930926,-0.88588477321152,-0.255461348346374,-0.151377940083333
-1.2445136390781,-0.231721676896681,1.09837702165343,0.406699918399808,2.41475161873786,-2.48360210710694,-0.252319450178877,-1.75841224831298
1.35991585811368,-0.30390091637967,-0.860578036547626,-1.02228971908094,0.766305852339978,-0.523261823820434,1.18116355334525,-0.155477325960321
-0.735348663298037,-0.373840057767919,-1.86150085358167,0.572257136322026,-1.50661009608362,0.479046218299064,-0.41140575307759,2.07660541986129
0.367070689478456,-0.441633702121044,-0.662986226115002,-0.890426949787736,-0.00480535867842108,-0.718083184082151,1.05061279099007,0.537922347357054
-0.404009367039274,-0.507361991437209,0.58685708103737,-1.16502682133882,0.936780022736492,-1.96654126614907,1.32181186250374,-0.437252123378116
1.87425017499469,-0.57109232812348,-2.07368201087771,2.15469449751489,-0.384569006514162,0.695383050851463,-2.00411635483479,0.853186154846305
0.888224190697821,-0.632880801162874,-2.60397401592133,-0.30575709091224,1.04324925422525,1.22706028098054,0.447261457137273,-0.603424265576102
-0.0947499067182354,-0.692773274517702,-0.217781261754021,-1.07599849525068,-0.310789054737032,-1.15774724810132,1.20550231442325,0.723427588765496
-2.01275094281935,-0.750806146908065,-1.73098796805424,0.525493543492166,0.428391624575725,0.356844683284357,-0.410983496333439,-0.0418046510118684
1.43904051319066,-0.807006781887341,-1.70222902342859,0.803410006852471,1.49638406057823,0.329470963744154,-0.706966019376255,-1.13514754207093
0.0436151062081746,-0.861393618585866,-0.890234303683711,-0.758186533342479,0.645918468223412,-0.481138530915268,0.833395577327714,-0.309733219509103
-0.893470453220995,-0.913975972804849,-1.29856898179696,0.0148819202381329,1.32730785737832,-0.0714186277165678,0.0358051342625973,-1.01624988890117
-0.487864823941734,-0.964753531879865,-0.382369337090507,0.536779003464995,-0.74108973200028,-0.986233047337564,-0.514044044130439,1.02659088846808
1.77164102510255,-1.01371553883859,-0.632605582081816,0.238077064679296,-0.317817033295357,-0.734611577260802,-0.246895055437109,0.576995106144334
1.07431448795557,-1.06083965254526,-0.408958278750438,-1.28328234885538,1.00958890230772,-0.956873655506727,1.23910974854294,-0.777824846758256
1.30786723965982,-1.10609046021554,-0.44258581713321,-2.57714129224822,0.473022968562887,-0.921860892038501,2.49357954578885,-0.270080941106497
-1.28036741089708,-1.14941760758275,-2.02933376524798,0.331073581011403,-1.05689555471058,0.666272281161725,-0.458325677765793,1.22929378728829
-0.647347733501434,-1.19075350135406,-0.65988159683217,-0.595539879286303,-0.490382853322941,-0.701794662168634,0.419994348138036,0.630201063140706
0.525655324496499,-1.23001053308771,-0.996862779072569,0.716018273287446,-0.655091937365281,-0.363428254842782,-0.944798510218446,0.75997494946354
-2.40533376653926,-1.26707775198968,0.427785512935714,-2.05596136553894,1.04374231411851,-1.78669132176561,1.76862997285647,-0.976476624885542
-0.204266199102607,-1.3018169028337,0.976569727858102,-1.92623084024213,-0.13658260748444,-2.33409031160255,1.57461954697895,0.163210672732776
0.992365814118256,-1.33405775428771,-0.237711383149242,0.583558422939691,-1.55723909142218,-1.11842397550975,-1.00562714338885,1.53985693643703
0.0919173439319582,-1.36359262173074,0.496300875044407,-0.268555587920847,-1.46544330292475,-1.85105100861794,-0.230631682313085,1.40030942019513
-0.396198395872764,-1.39016998902584,-0.18477048848017,-0.203062679950396,-2.57627241935262,-1.16859442000791,-0.380419567654032,2.45925776942613
0.0515150303561605,-1.4134871439184,-0.0229226127517353,-0.209684096079348,-0.091944668570103,-1.32905707065089,-0.465811523824404,-0.0814873200156442
0.332634768800088,-1.4331817604872,-0.341521647474823,1.81423594281711,-0.0359831894364862,-1.00907281084235,-2.59002431233931,-0.198830811841802
-1.58192132491472,-1.44882240102324,-3.51266322705623,0.534457009441164,0.391950971151526,2.16345399382451,-1.41938641573649,-0.693559847323847
0.500382511273081,-1.45989797694609,0.92304629332965,-2.08868819804076,1.02559566082726,-2.27087030147592,1.08520821072554,-1.3998786828209
0.878485488069501,-1.46580632099548,1.08903293095554,-0.431182292665079,0.656054893936561,-2.43547171401635,-0.700790115040653,-1.1093723162127
-1.75907665265777,-1.46584216019937,-0.953878905028101,-0.601516640750548,0.172919700376337,-0.391174652947261,-0.669364590924053,-0.712121329974138
-2.18910117885254,-1.45918506666379,-1.13681265261908,-0.165079122116563,-1.30761472512094,-0.206855680270829,-1.25550613880079,0.675190008845227
0.157564484036894,-1.4448883005986,-0.745573187275429,-1.17137530549448,-0.92410194854997,-0.596709920529026,-0.409943264996585,0.190639441078945
1.36310730100552,-1.42186987041722,-0.736841522393432,0.212716568837392,0.746374228293567,-0.604056360325569,-1.96582452795045,-1.58913425135955
-1.49079107781571,-1.3889078069727,-1.39577444305163,-1.43486140604478,0.22122896581285,0.0562617854180771,-0.50083335492961,-1.18193696552355
-0.90523809075468,-1.34464243408924,-1.31268401251733,-2.35662385739845,-0.504047116039919,-0.0254434200307638,0.228184416663932,-0.583565209626187
-0.267833717017378,-1.28758936002838,-0.156718593390794,0.624596120229264,0.535565461466267,-1.18002361407185,-2.95480433664336,-1.75922062831279
-1.42001021254059,-1.21616794308611,-1.10189575743113,-1.88269246486881,0.928143048093487,-0.233461224946053,-0.65655035249687,-2.2969897093224
-0.342103982163676,-1.12875099607258,0.155732466464631,0.20036454806442,-1.31685579695001,-1.48970422375637,-2.95338209775707,-0.206110670797502
-1.50304125033951,-1.02374219686209,0.00289619256884388,-1.47326368497357,0.115340946121223,-1.33548272477512,-1.49482870772646,-1.80083614715238
0.0339597654154604,-0.899687649563238,0.842607738547462,-2.18311612509929,0.252116559112717,-2.17380904566829,-0.996861035880037,-2.10765360105913
1.87745130363787,-0.755426676984568,-0.398102305264713,-1.53297921859074,-0.402100701418562,-0.931713776770661,-1.85005050865052,-1.6296360308359
-0.357991534853879,-0.590283442312205,-1.8170536707714,-1.2757231110067,-1.56290245305273,0.48862281382148,-2.29469709647608,-0.649294355674069
-0.517664219102239,-0.40429459818687,-1.34204842432887,-2.70219960228882,-3.19292361968133,0.0150027924644011,-1.03200154711491,0.798519354409208
-0.916291114760888,-0.198458342033246,0.969539777931249,-1.80169653556933,-2.16759633929779,-2.29520018471026,-2.06383158100094,-0.407583209907054
-0.613536650389251,0.0250226688394755,-0.205210575840456,-0.757751315572549,-1.35300181348443,-1.1190646058531,-3.19731996579792,-1.39766241497547
-0.529239737201062,0.262546326749199,0.151728179995446,-2.77126626363442,-0.855482572257132,-1.47461813660355,-1.22237548977288,-2.06088312150933
-0.45404283140727,0.509017532766741,-0.920677489092538,-2.32498432539567,-0.626706673756653,-0.400827242430114,-1.64803822676688,-2.44056970343517
1.52330170393953,0.757913129986192,0.0806453003445864,-2.34374954347928,-1.11297310428002,-1.40076480678179,-1.54319406880978,-2.0851064897816
-0.419402246494073,1.00155122391072,0.10579448435028,-1.13688391760146,-1.55839460183148,-1.42452876570203,-2.59519659019702,-1.74504861116991
1.03352816591378,1.2315809035617,0.928147299164063,-1.95205598054536,-3.0609768845277,-2.24549635543035,-1.55684816528966,-0.317409401210148
-0.954197223091718,1.43966138925725,-0.832919172276647,-1.52245228298922,-3.13866790307222,-0.483044658904192,-1.69973404699663,-0.280017109497536
-0.636309866755557,1.61824573647532,-1.242437236202,-2.27955096299746,-1.54405685800103,-0.0721413698933894,-0.601443794097638,-1.87721082652373
0.687344433254744,1.76134099084837,-1.23344143837347,-1.41589682906868,-0.114575661008978,-0.0797519426364575,-1.08220088891088,-3.26996373095825
-0.829171174447891,1.86510290428754,-0.926757955649153,-1.33195275234952,-0.512822890311105,-0.385050200275325,-0.756874459162852,-2.79575826818662
0.708095814857565,1.92814979012881,-0.453222595634402,-1.71379080793828,-0.395796739524559,-0.857200335204622,0.0442120652003681,-2.79938926242909
0.347232978305347,1.9515395552045,-1.21685514773253,0.146460983436117,-0.883515781037314,-0.0921825580210368,-1.40268537526962,-2.16420635266848
-0.433600183009263,1.93843926714489,-2.33101609143416,0.0530216582111145,-1.1553115007794,1.02336361076604,-0.915732329903983,-1.71553765427966
-1.02297161911341,1.89356903899819,0.472321916136399,-1.01540179165697,-1.50615605675395,-1.77858917171906,0.515348779196157,-1.16397255422724
1.35013198391308,1.82254544084722,-0.63063980554435,0.895794564426994,-1.18122163857021,-0.67424222495286,-1.07164062125943,-1.27036980830094
0.383860074822305,1.73124833823783,-0.943157044270342,-1.49017406744539,-1.80834973516854,-0.360339761141414,1.59592010464355,-0.412971571037074
-0.0689276905311513,1.62530086438449,-1.30400610055801,-0.490052142919646,-0.360384723243983,0.00189452023171022,0.833653356292018,-1.62471444176237
0.77064985829108,1.50970821143565,0.0106848680744044,0.156350247409972,-0.12838038448181,-1.31141122331525,0.382700524633941,-1.61975681563475
0.200412123038881,1.38865738540126,-1.63258762602954,0.724999246616082,-2.35208474907866,0.333246495874141,-0.0298215969694464,0.837178418739733
-0.71231116511605,1.26545790959564,1.01618697840444,-0.690135596801406,-2.10673329388686,-2.31414288347438,1.50629576883273,0.817677916044946
-0.0459852008384089,1.14258297582201,0.383793002247568,2.16773192533915,-0.979899480118707,-1.68036368223206,-1.26102120351703,-0.0935039132989964
-0.636730341909927,1.02177209353295,-1.50517751058755,1.25349953699284,1.75142187066881,0.209992055688515,-0.281854841903082,-2.62140780934708
-0.0700036585811941,0.90416179638225,-0.266820484685759,1.00893766385857,0.320012146915416,-1.02697974512782,0.0066420738588322,-1.00014828789876
0.605430224223064,0.790420044283173,-1.74343418037472,-0.0346505413635143,-0.560800048125333,0.451019175646595,1.07739896990787,0.0562161505541174
1.03885167781093,0.680869398294786,-0.242530938323541,2.01951533348572,0.0203111057935177,-1.04849884131913,-0.962614950759642,-0.363871803324664
-1.47224300749867,0.575591420271397,0.932538595405382,-2.22088028484605,0.375253799666093,-2.2221831499626,3.28214889071462,-0.572155101041857
0.504429718044846,0.474509549675142,-2.71775800655764,1.47585693728272,1.27656907971053,1.42949867708587,-0.417277034628574,-1.34070577197932
1.13552486006026,0.377452125655778,-1.26577993598017,0.677525988119932,-0.833732956545088,-0.0210941684061401,0.373564582800802,0.889157335615994
0.475774291750164,0.284197464027511,0.532916341146427,-0.499914158261158,0.723049427906191,-1.81840522044729,1.54055048136834,-0.560422865114728
-0.212297690884652,0.194505769752726,0.164260184785132,0.965874571050132,-0.324209186400324,-1.44836383900054,0.0628124761166208,0.582619663754538
0.886224423793516,0.108138485170627,1.33985546852938,-0.0823742530281126,-0.836760135380647,-2.62257389765933,1.09877650285413,1.18052810333901
0.297130249093699,0.0248708038135838,-0.517570835557165,0.850408862804314,0.567295650651136,-0.763762368487335,0.154273753441015,-0.147589173556486
-1.20165033742787,-0.0555019207113961,-0.276306794963002,0.591758863358735,0.277614314480121,-1.00364118399604,0.402458136009718,0.209608087108318
1.38757380045319,-0.133161487963598,0.298801082844405,0.389781874869732,0.857978868331891,-1.577363836718,0.59574203592026,-0.310697220891697
0.354530985343003,-0.208266605090864,1.11021768923265,0.0149313635800612,-0.0605636453929557,-2.38739521802079,0.964056100799427,0.661369863378856
-1.1384841469567,-0.280954113618317,-0.833132587911444,-1.48630426249719,1.9346446930934,-0.442659715791242,2.4611920587458,-1.28597880422551
1.36124629533056,-0.351340791580698,-1.24978746978368,1.67097359697154,-1.02899233852816,-0.0246196088335495,-0.697546505437263,1.72066562116775
-0.591272181310257,-0.419525414508998,-1.70673586518373,1.26785110166551,-1.03205456922554,0.43371401165195,-0.293099827926558,1.76263662003012
2.13855568959306,-0.485590844629112,-0.785234885142445,-0.795823650211218,-0.344894680140204,-0.486401743303881,1.77479146691302,1.11098225694974
1.68016471179903,-0.549605875585254,0.64790416981294,0.999101973783685,1.49133074091989,-1.91815557317381,-0.0129415088972853,-0.692501521460286
-0.548424181153819,-0.611626734296288,-0.582146484143061,0.692817467314587,-1.49073020393064,-0.686719694132358,0.303583830274167,2.32012396508562
0.497091183283941,-0.67169824250231,-1.31132449467529,0.617687252123264,0.154730799545713,0.0438435414853218,0.392073331155408,0.703588901986503
0.0448575144037863,-0.729854601857797,-0.136031189890125,-0.470387396562939,1.12291388532008,-1.13006453821439,1.49670208584806,-0.2368117510491
-0.590478698158853,-0.786119830482043,1.24033954376319,-0.202419906777909,-0.245691756080653,-2.50505004678224,1.24857253768294,1.15888961832532
0.250837762744523,-0.840507829943298,-0.57887623008752,1.47945412618224,0.2030104095437,-0.684449047846085,-0.410072857566207,0.737020307300558
-0.0396438646443622,-0.893022110449035,-0.904577931394463,1.42258875997684,0.327765611727956,-0.357362121453689,-0.326459199080919,0.639231247606441
-0.88885923359758,-0.943655174508565,-0.325378724019056,-0.514743671671768,-0.16811460060757,-0.935176103743642,1.64129574015017,1.16258457445594
-0.836899355230368,-0.99238754970928,-1.29209898034343,1.99418235234672,-0.488949609767759,0.0329293776661879,-0.833350536705257,1.5117559318609
0.861762080036024,-1.03918645601099,-1.38079607277928,2.06640479509269,-1.14624845752587,0.123011695187488,-0.867222150511773,2.19859804992039
-0.190877722830786,-1.08400408177511,-2.41630487299171,1.28237047348928,0.609436696300475,1.15990572048538,-0.0405193377966401,0.473998819061301
-1.29104121202387,-1.12677543173168,0.102192455747322,0.132810941068854,-0.632177026274204,-1.35720638316821,1.15630718289828,1.74857325190082
1.42064250338007,-1.16741569806754,-1.71225192179346,-0.0815745633142287,-0.0495179452982272,0.458623219458033,1.42287436232079,1.20108229333681
0.435444514455671,-1.20581710108615,-0.36316603779876,0.707812795737721,1.58863053140473,-0.889077439451217,0.690935534565782,-0.399353741016759
-0.726050254262648,-1.24184512792093,-0.507584457364369,-0.505592568914041,-0.277440672216034,-0.743273794800155,1.96744446695234,1.50731888428936
0.910425415378395,-1.27533406018962,-1.30648772167817,0.305834111918159,0.908543260719316,0.0570146945991048,1.22519979644662,0.365180847814836
0.9284506588531,-1.30608178261937,-0.756843816043622,-0.626572017277324,0.093253113572673,-0.491243985949994,2.23332321522408,1.22793037163157
-1.03240999568566,-1.3338437360394,-0.487600470306376,1.44601548919594,-0.846012059452969,-0.759102106601786,0.243475334904871,2.2186530681822
0.965629332787826,-1.35832593913827,-1.6611164191826,-0.691602994759051,1.36920672169416,0.415799067359886,2.47136794573008,0.059291777318748
-0.321967411953081,-1.37917703867777,-1.4124155356949,-1.06186212101325,1.25788814727933,0.168483408957639,2.93996535261546,0.231287455505142
-0.964679777152441,-1.39597937567611,-0.162030672166572,1.53387246115172,0.169704165251478,-1.08051622948523,0.451169439855133,1.38540525001615
0.578611656584607,-1.40823910913335,0.339887121423589,1.29054432465601,1.41664671571052,-1.58104879798994,0.810564266418531,0.210106025109757
1.20500873741619,-1.41537555100174,-1.42899439352115,1.36963239180337,0.846884296232425,0.189217942040256,0.857169271511127,0.857686303797023
-0.123215358967959,-1.41671001969075,0.462330011776035,-1.02559842324337,1.74350522153162,-1.70072123817148,3.3881610378353,0.0455292628130492
-1.13723424373024,-1.41145474573025,-0.188754945522084,1.23744659353938,-0.685081866263699,-1.0482510557879,1.27129327810916,2.56569560455743
-0.0215786630380525,-1.39870268145656,-0.189549688705713,0.845454731297038,-0.682081513955218,-1.04607108751882,1.82008735669551,2.66184482997541
-1.94263249804586,-1.37741950026543,-0.375230156143384,2.30263712187935,1.17008641874124,-0.859005394995697,0.530341828004154,0.916820601855456
-0.542434907805785,-1.34643964074205,-0.992618870288055,1.53909422439327,0.0646903625410034,-0.240231455765573,1.47169335588757,2.13772484509256
-1.19335485417075,-1.3044689680697,-2.78104428641737,1.38663179490568,1.86968888095628,1.54957918544919,1.81171124478846,0.45688696397466
-0.430391090974561,-1.25009747820261,-1.20058965785602,2.36020770150403,0.431571297125849,-0.0294902180267034,1.03434465310075,2.0279865121484
0.91138235482385,-1.18182640524486,0.14532719669354,1.25765011326112,0.447859863998469,-1.37402184749081,2.34008309594943,2.15350556770597
0.350156225706806,-1.09811498358271,0.489160093931357,1.91862685510734,0.506030389302355,-1.71646951964317,1.886854355053,2.24575326991486
1.00446173869612,-0.997452730060849,1.79487437647009,2.23534701975976,0.839011993004745,-3.02079857709645,1.77918674938097,2.07130190052874
0.126669365862782,-0.878463069749285,-1.74041152731593,2.16507526961626,1.81166726585798,0.51587255177502,2.0555690642031,1.26443445664033
1.174709580089,-0.740042888260923,-0.408839563629892,2.48707789862185,2.85334018013241,-0.81431418682556,1.93140994447529,0.394519317864721
-2.37101127781412,-0.581539472449516,-0.93908261329365,2.1780536082412,0.625585214337705,-0.282685912076349,2.42357264700989,2.79820389475925
-0.0490390470024163,-0.402960601226173,-1.29063123947341,1.52088118967805,1.43534962137359,0.0702479391888617,3.24168911260272,2.16616368303674
-0.795403525771943,-0.205204823583745,-0.761433423919068,3.7580690396429,1.51015143362176,-0.457564651280024,1.13490858863741,2.26787583729167
0.317372555874939,0.00971253529719057,-1.81531162288382,4.23161109335963,2.83209836735226,0.597698772770178,0.752413298167536,1.11758692524157
0.0749661053561526,0.238474849084091,-0.851970846386979,2.98322808944151,2.24575437034957,-0.364256778641206,2.04374480227555,1.86648484500614
-0.907610011434638,0.476369105983279,-0.180361190673637,3.38498058116509,3.25389651379671,-1.03448120926909,1.62894780060681,1.00704830111646
-0.529638723583348,0.717332020513587,-2.10540692719841,1.25214513778227,2.74183606029772,0.891949752341134,3.68658872510458,1.64891153549304
-0.851518001583166,0.954180332571475,-0.742432579585733,2.23642972790289,1.17412809536425,-0.469639370186092,2.56146870410399,3.32242197896961
-0.141738215471462,1.17904303954367,-0.332279640369241,1.67957261658081,3.71130627903709,-0.87840708431713,2.91183385747999,0.86224213562132
-0.651977817390768,1.3839724922524,-1.04832197671486,2.45006871117469,1.18519545737412,-0.160979522886058,1.87316267132839,3.43241396085272
1.23470363183592,1.56166305417909,-1.10789281551215,0.651915310286476,2.81905081074282,-0.100023459003312,3.34948219004968,1.80659249797104
1.55433607429217,1.70616524096025,-0.333727761137913,1.48035263729404,2.585239406665,-0.872803288292098,2.15715296852076,2.01067925105946
0.170667408173301,1.81346666530099,0.889824424200831,2.89531884387651,1.83561064536712,-2.09497024854539,0.35043005026891,2.69265702343952
0.123885726474269,1.88182942880452,-2.09535596235989,1.47863643797886,2.25348597108366,0.891595363100782,1.36292981847253,2.17065857652501
-1.64434925148566,1.91182464215092,-1.17580312629581,0.0788860638262401,3.3659536632733,-0.0265722478778392,2.36127628046056,0.920570144841543
-0.662978372633118,1.90607224925398,-0.704832192206799,-0.547413289127828,2.302902441968,-0.496157956881398,2.60259044416659,1.81675312828202
-0.461090723031217,1.86876245671177,0.18615433153702,-0.576461678586466,1.88761125530424,-1.38575925553976,2.2741207538858,2.04110589324922
-0.50255491152853,1.80505773824881,-0.77521790362674,0.748658585589335,2.18747293230518,-0.42300179529055,0.626861146557172,1.53193856881723
-0.0536048510871298,1.72049622784584,-1.78599300547365,0.719676628675415,1.19750788276599,0.589158531641812,0.37375833337931,2.30006351251542
-0.63895113155901,1.62048198916587,-0.903868178972497,1.75283654410619,0.15365617089536,-0.291581069773886,-0.899714427209475,3.11515534609509
0.198455646456974,1.50991376273317,-0.237883313292209,-0.873726557415983,1.41139600843239,-0.95618071036872,1.52758783644414,1.62686237107921
1.46837548825755,1.39296449208639,-0.595248231170987,0.558322828507604,0.48797023011238,-0.597430567404489,-0.0651991691225713,2.32239845239715
-1.87177527600011,1.27299501908038,0.0603551864947614,0.187158197584837,0.856265689207748,-1.25164875998478,0.180039098735753,1.73256762701824
-0.166728705699538,1.1525698742088,-0.338248861903946,0.226999940621748,0.426986671700578,-0.851659486500622,0.0447343468740589,1.9495672721878
-0.228225680228198,1.03353881491893,-0.0510997460167888,0.890118183764023,1.754154722056,-1.13742337730233,-0.687934152422902,0.421519904810278
1.35399121013754,0.91715163494602,-1.27342900589525,0.181325298564312,0.00446427416373984,0.0862911076615854,-0.0272173965162849,1.98318558449972
0.441172895776351,0.804183163475552,-1.17380463327927,0.079039870172378,1.12278621117429,-0.0119480398689357,0.044340605899233,0.690548923424127
-0.743135107859834,0.695050276558072,-2.23868629396824,-0.186164787252902,0.429210589652961,1.05431884590548,0.292469802610894,1.22387334911895
0.0883700605222618,0.589913664389481,-1.42504420885034,-0.618386144126851,0.890471909767706,0.242061985873042,0.718049728535955,0.616372574950335
1.75210606545209,0.488761137858172,0.752094598328724,-0.852137110798363,-0.0167322000841372,-1.93369159622057,0.952856169820045,1.39098299041389
0.375345429713644,0.391471640337557,-1.70358329896232,-0.140561430664544,0.196059102650591,0.52337152615593,0.247750575142981,1.05864359447137
1.37592437673939,0.297862421740073,-1.46302319452862,-0.830948010972188,0.399130838912703,0.284196646807685,0.948152177712827,0.748304095755257
1.15580266137952,0.207722173706228,0.685720851379658,0.41509358231979,0.121528159294784,-1.86316217401514,-0.285836216481333,0.930046286035934
1.24983846187794,0.12083318600052,-1.07093426816871,-0.0493414511345995,-1.18738275122657,-0.105121829381324,0.19149521395812,2.15356956383325
-0.25459488095736,0.0369850910567782,-0.0732507581919969,-0.0489142989033028,0.34054857711896,-1.10142011427258,0.203874709970622,0.549764367373293
-0.0347576554546934,-0.0440172650754717,-0.832859445799045,1.81141311128265,-0.55430246670172,-0.340426201580081,-1.6444521706307,1.37729944218691
0.394398092987763,-0.12235004962913,-0.17901770404352,1.52925446287628,-0.95162749383665,-0.992882718250153,-1.35163943567324,1.71493447042344
1.13445754813526,-0.198169344127596,-1.48945842186723,1.19772598583087,0.863535845643885,0.318943224659014,-1.01120312319165,-0.153186218097711
0.345193890456553,-0.271611684010544,-2.73950354718317,0.602737788930788,0.0821729613813205,1.5703735750604,-0.40934319105648,0.581106948241326
0.659488349217799,-0.342795490774448,-1.53401230507261,-0.365755100808712,0.260143891989411,0.366267558035295,0.563779515732335,0.361162989539611
-0.0944188682177514,-0.411822890098857,-1.7071121768384,-0.99441167238449,1.99969803845115,0.540752654886541,1.1946804374021,-1.41600169760331
-1.21953593598786,-0.478781630017404,-0.467783878224722,-0.0978956064328229,0.520837608772909,-0.697190418641683,0.297923860040328,0.0289334757344418
0.181383200787701,-0.543746871721508,-0.583556088558142,0.521584472901483,-0.0302420701763296,-0.58003298322281,-0.324351788250864,0.549151453428552
0.746178389644545,-0.606782736966322,-0.630450497493526,1.46639755497135,1.31401571129637,-0.531753349201972,-1.27456876403183,-0.823473551162796
0.969943582442455,-0.66794358767418,1.77445607165032,-0.532128559879479,-0.83729219738554,-2.93527469326037,0.715898787494832,1.3014414271258
2.40415073273558,-0.727275002471171,-0.00250631789321765,-0.184782570264257,-0.222590259993113,-1.15692707863137,0.357792015238129,0.661845186986628
0.606843111586555,-0.784814456066843,-1.31195090613868,0.801443586844798,0.70017929548197,0.153902734699538,-0.641952513203639,-0.284755921054576
1.09081649783078,-0.840591704742385,-0.980989475204769,1.07968377819239,0.397920975334391,-0.175673471148916,-0.936537182112708,-0.00566743581417436
2.43976999006262,-0.894628907664414,-0.180099506868207,0.518050990369953,0.783152254620366,-0.975178214400024,-0.39416107978194,-0.413777978726492
1.13359590711866,-0.946940468691675,-1.61819500600625,-0.793639829430385,-0.694390916012493,0.464302509823471,0.895253575744073,1.04083029297879
1.07691215320497,-0.99753261974384,-0.928790236511069,-0.24759680086718,1.44268192527609,-0.223717034586255,0.32378344336389,-1.11955916943956
0.668469099712256,-1.0464027407811,-2.80740885063011,-0.39593033332468,-0.434210871306819,1.65628680461824,0.443380681582117,0.733324663955951
-0.344157066792307,-1.09353840096112,-1.84328424374565,-0.44608350095092,0.220180181970635,0.693547422819233,0.46130106419505,0.0539326739542341
1.99130685142381,-1.13891610077362,-0.654537354333851,-0.349411561746198,1.32288302364118,-0.493814241507112,0.328681483708386,-1.07505599992869
1.11829252852879,-1.18249968416797,-0.440827677876017,0.164841604508294,0.0854550790815778,-0.706138692879492,-0.225485433761608,0.134510927451522
-0.97613919472858,-1.22423837922209,-0.816794453651111,0.378141877094145,0.30922509345121,-0.328786692018945,-0.482951359120632,-0.118986822222007
0.643026713462714,-1.2640644148659,-0.416085419176788,-0.171461238990356,-0.676212103234609,-0.728110501407815,0.0179124093043105,0.834559469930688
0.215676389671956,-1.30189014994176,-0.921395816197757,-0.0921620676255741,0.148734347061784,-0.221414879301392,-0.115058825092946,-0.0247458927809595
-0.339950413812133,-1.33760463938791,0.34327678178561,1.76422051177739,0.845744891530779,-1.48470225219931,-2.03044332121908,-0.758899837672522
0.705024704647718,-1.37106955112895,-0.318419289998124,-1.01990117508213,0.749664419498486,-0.821620955330119,0.688910933322704,-0.703078390729997
-0.474104132066416,-1.40211433713322,-0.388162501106764,-0.312878421926554,-0.873418860266274,-0.750492519136024,-0.0891186579720526,0.876281710351716
0.236028571997661,-1.43053055435865,-1.16564238048149,-0.48513992794218,1.46200274395491,0.0283725853241522,0.00538577966768203,-1.50669553952875
1.91429522970155,-1.45606522806727,-1.41281343103188,-1.35456496009208,0.75003535674749,0.276928860959997,0.789758447516058,-0.84650631599029
0.430743658308725,-1.47841315442482,-0.341804157285889,-0.778139482467934,0.102294370354341,-0.792695187700539,0.120410621356458,-0.255179178125887
0.515536414741507,-1.49720805613183,-0.315060892854506,2.7267591694441,1.48119120864665,-0.818053227046469,-3.48587744591183,-1.6955624476191
0.779026049839778,-1.512012540843,-2.04396430202664,-1.05131961110815,0.00213882161659812,0.91223540721112,0.181736089039314,-0.283529301643335
1.60044112409887,-1.52230687687182,-2.22373905396302,-1.14006408335141,-0.0148176730469339,1.09339538423295,0.150334344049357,-0.339606660313766
1.02565206351599,-1.52747670722283,-2.35075743581006,0.201192187093948,-1.5078611744474,1.22179899116545,-1.32132937204645,1.07388854115416
0.365090142212609,-1.52679998876065,-1.20570107893232,1.32908839820024,1.25556171114476,0.0781278593731601,-2.59042073396977,-1.7761090640423
-0.595893065035488,-1.51943368994753,-1.16287127384126,-3.50768534209603,-0.762503623025899,0.0366832793675566,2.09393590238404,0.147839945711571
-1.72253893099516,-1.50440111430272,0.409878573841796,1.01955844564783,0.888288981179693,-1.53468134323005,-2.59723878832207,-1.60511620098006
-1.97280807110917,-1.48058131018599,-1.44598841376522,0.418834212796674,0.43380810810915,0.322570869462424,-2.17204349933236,-1.26132415939695
-2.06038579277375,-1.44670253441335,-0.650774442682614,-0.810753284329655,-1.60173757853524,-0.471257876534732,-1.1293785630893,0.654580747951427
-0.46175089001417,-1.40134267916089,-1.48419110643858,-0.714526889597901,0.118467993274171,0.363544012306683,-1.42332796977596,-1.19456143509732
-0.713406463451772,-1.34294066474064,0.727071975202463,-0.74020402740361,0.61424606510329,-1.8463338442489,-1.60507205773598,-1.8287927592889
-1.38548820546131,-1.2698238588467,-2.14890354908054,-1.18197677057915,-0.274259179242518,1.03102690511955,-1.37866801889795,-1.08830466854053
1.00739905185581,-1.18025784640403,0.924186352031905,-1.37964681858841,-0.0503217741385495,-2.04067777090744,-1.40176027127468,-1.46963535162424
0.5042068453018,-1.07252573552716,-0.325113264846159,-3.13972105523732,0.0442413303474076,-0.78999292894392,0.135676292260743,-1.7304723187478
3.21267975492397,-0.945044351953831,-0.935211206992674,-2.13288645399616,-0.438229407607134,-0.178509761711951,-1.09103671819463,-1.4222699140436
-0.888908881492605,-0.796523414824452,-1.13640243864742,-2.43491531751981,-0.570626289899611,0.0240666950282442,-1.00025745326842,-1.47076945332497
0.413591426213227,-0.626170216016104,-1.32063208870508,-2.3891879879232,-0.192537765155681,0.209681570171365,-1.24145077238199,-2.03444530961327
0.559712805552996,-0.433935491337023,-0.697710462516617,-0.566710632090393,-1.3476924621849,-0.411854830931647,-3.23523241645942,-1.06697925815736
-0.611636094022489,-0.220785415839625,-0.0575477632649182,-5.0936725047925,-1.63747722558072,-1.05063230509789,1.15396414334936,-0.963683646101972
0.688411751399282,0.0110298094857241,-0.469803081386196,-1.22509645620178,-1.04213982889104,-0.636991761891161,-2.80889481099046,-1.74028059802534
-0.14649912183949,0.25775658903599,-0.966425292591509,-1.00240077566143,-3.96585392793247,-0.138984325600395,-3.07255235674967,1.01211990455695
0.482641795197006,0.514027434557476,0.1037155555575,-1.68944504770834,-2.49353136203488,-1.20773994866395,-2.36431588238799,-0.616291560474942
1.18711219884395,0.772923798408031,-0.778366539927411,-2.86415359572086,-2.6409510029176,-0.324272628093586,-1.09949953288691,-0.604113798178017
-0.601066232500492,1.02626496692785,0.0867545814948489,-1.18937365126024,-1.01101982865638,-1.18800852443039,-2.61166416739052,-2.34278969543996
0.185284127756491,1.26514234994316,-0.114215358772474,-3.2246311386723,-2.56071802233316,-0.985653359077617,-0.341798449934503,-0.870057983754702
-0.47050336172838,1.48066513378027,0.115493743227167,-1.98044374277887,-0.833647057000543,-1.2139772359918,-1.28456132324917,-2.63784603606403
0.146013476701941,1.66482164016429,-1.53915052502957,-0.428024630781273,-0.989337688409429,0.442052257350391,-2.47856461521848,-2.4833907239492
-0.264749699802987,1.81131141534322,-0.200947703382168,-0.287447506277401,-0.00971989301494935,-0.894765339211562,-2.21753665335758,-3.42311924755778
0.188692429854261,1.91618812002468,0.212145142153908,-1.77625337671001,-4.10279497638029,-1.30647295966218,-0.3004453451935,0.750811736837742
0.598007986772874,1.97818571447913,1.13571802090199,-0.0556264285797754,-1.89735958215181,-2.22866061332482,-1.58365742296468,-1.33479070691547
-0.338917959354222,1.9986643877888,-1.02393232086329,-2.02138187598217,-0.856415229033447,-0.0676250464740783,0.81177834601552,-2.22058708022147
1.45172511942355,1.98122727031397,0.806861085011537,0.93171562089514,0.602603231449616,-1.89703322726345,-1.73402059305983,-3.4941596347282
-1.23273075795005,1.93108727920707,0.637614351706773,2.18789769610763,-0.622836471063654,-1.72640126887324,-2.61667461193551,-2.05891835787588
-0.723383582842902,1.85434320752873,-0.851303637193584,-0.86092700082964,-1.52991023692227,-0.236098054887424,0.764258513266996,-0.924085229062045
-0.60671837887955,1.75729346636403,-1.78177642541769,2.44824263524308,-0.382266274970626,0.695759958422131,-2.25818596345677,-1.8324192084398
1.01639730066349,1.64588492249586,-0.556391124537548,-0.339845607948705,-1.38525934916754,-0.528240117372553,0.770507450760851,-0.584607230288223
-0.740585455981958,1.52534227573591,-0.340994754451445,-0.599134852649876,-0.477162146971881,-0.742251262373203,1.22608202750916,-1.247777405441
-0.0523181468527907,1.39997676008089,0.892541720566867,1.26807551968115,-2.20972960540792,-1.97440251230606,-0.485588222060404,0.725235345543458
1.28089319072593,1.27314170176213,-1.61380078021305,0.547250639435631,-0.623718835886467,0.533325213559311,0.354667727043082,-0.628515640334877
-0.0474296189754085,1.1472994122141,-0.40451820312479,-0.146259485041934,0.356190245372984,-0.674572138443497,1.13660897014742,-1.38717480714391
0.508519097053828,1.0241404029023,-1.75349316061063,0.411817003492307,-1.66809496662977,0.675788044127793,0.641101375313894,0.845349511891643
-0.267821102991415,0.90473246300828,-0.423702714872003,-1.03255553262497,-0.803124086882173,-0.652617176525377,2.12704619313694,0.174335374858203
0.0398853407422647,0.789667274038471,-2.91984219465196,1.69083781073848,0.510975984418401,1.84490752834003,-0.571357474952524,-0.960741497463845
-1.24098621162564,0.679192145054939,0.390362227340016,0.0876866001671625,-1.23410207310882,-1.46391166856649,1.04407606287419,0.948282282743883
0.794004852126072,0.573319637616349,0.104552712542468,0.885906800315474,0.469858521643167,-1.17671692868349,0.248745643068267,-0.606554585330427
-0.446157008481698,0.471913137268505,-1.56057392476969,-0.0544280117215183,1.51303764681996,0.489794933714127,1.1853532484468,-1.51487443221489
0.382121226538247,0.374750425284464,0.199007298327126,0.543892914536924,-1.10157968328342,-1.26840106429724,0.57897003046501,1.22111308750421
0.5952221469015,0.281569207984259,-1.28698872438172,-0.122005581585406,0.53373894000357,0.218980183497058,1.23431636113679,-0.305402178582636
1.38509768908709,0.192097198589724,-2.0511104363003,1.10845233000808,0.571727684034398,0.984487120501099,-0.00771382176261992,-0.246142715366397
2.25307488119919,0.106071294973706,0.760644381640433,0.685187840497266,0.386184918856299,-1.82588247235418,0.4041122496383,0.0261486688500355
-0.0832313062287105,0.0232484882562699,-0.292736048942958,3.01679981473736,-0.0725240207134307,-0.77111681668534,-1.93791127269978,0.562171092531538
-1.77233129704086,-0.0565886056302175,-0.669071601831289,0.614537910919976,-1.08708285787285,-0.393396038711556,0.455647572042603,1.64565529161182
-0.670293762160982,-0.133630045068006,-0.871613479225541,1.08777667306183,-0.388972017195779,-0.189468936231851,-0.0240737519621477,1.00909309625335
0.657556618957079,-0.208039002987035,0.580186461325388,-0.677447767270955,1.71450233910075,-1.63988365169733,1.73727064264354,-1.03924719321074
-1.477015503793,-0.279953598561889,0.247468542428764,0.7176889306508,-1.85157383866309,-1.30578050771525,0.341137074170151,2.57645477670385
-0.737813018232559,-0.349489027525263,-0.227920432429999,-1.51511403812795,-0.182609970645486,-0.829006307771032,2.57603303577942,0.95245428073765
2.39881862088146,-0.416739999870075,-0.621144158869146,-0.236049724161791,1.27266817194513,-0.434397356246432,1.30230614701153,-0.461738414763489
-0.301845482864036,-0.481782953412798,0.729378989121284,0.0113413499394287,0.0695492075611164,-1.78353527915141,1.06361749465207,0.779312506339653
-2.14857562806217,-0.544677889387595,1.47305975696968,0.712631129497305,0.397416785727159,-2.52583082191435,0.374496200006459,0.486890659273878
-2.66678052145865,-0.605469842614793,-1.26717461640519,0.378276025035626,0.177823299265237,0.215788776545974,0.724579633951166,0.740057749482951
-0.0106910652029009,-0.664189927409734,0.104697253457894,-0.626472098828371,0.308783232146025,-1.15469786823166,1.74871256130719,0.641365217202632
0.317376921012531,-0.720855751532533,-1.57120745697687,-1.11368616736959,-0.68670356508634,0.522592067288557,2.25907417043882,1.6683360729073
0.375745413290031,-0.775471604663336,0.213842105454134,1.29974768929132,1.38131761516161,-1.26107227005699,-0.127326458656452,-0.36849902698568
-2.49864385866764,-0.828028089787229,0.690031276221801,0.469054867508778,-0.413224807770353,-1.7358762157392,0.734429765888295,1.45738502592884
1.19448703042877,-0.878501337043356,0.589957497806893,-0.855507022497983,1.48218725565826,-1.63441721223884,2.09425516274742,-0.406102594288593
-1.48038242113837,-0.926851769267001,0.418480788046465,-0.28528187556635,1.09379236252403,-1.46155527739296,1.56369205658864,0.0152059427645538
-1.12509680278225,-0.973022412170172,-1.21341241220862,-0.439222453218596,-0.368436341538552,0.171723147947575,1.76192239305086,1.5117281913567
0.816471758937666,-1.01693672032104,-0.478833005986158,0.494575233447972,3.15114266582921,-0.561471033189431,0.877303663835431,-1.97179747275949
1.08815982989385,-1.05849588440925,-1.06883561777127,1.31953023559841,-0.644247449411844,0.0299168036811372,0.106711419517374,1.8617794292641
-1.5289565017151,-1.09757557795052,0.401283553565866,-1.34115165152783,0.622173283625434,-1.43881714257055,2.82726764132037,0.636050484350953
-0.134845540375996,-1.13402209442615,-0.665066059921302,1.73561388419265,0.046481694408137,-0.371082303997927,-0.183751864376413,1.25531206552749
-0.527374737119428,-1.16764777697134,0.406684502899337,-0.326907417488032,1.55918694657347,-1.44144764173311,1.95077763740453,-0.210566941172092
-0.15375176984334,-1.19822576861609,0.609598920887295,-0.525259546285255,1.11664935173438,-1.64297683463562,2.22781765510149,0.282438694318017
0.209065571970181,-1.22548397459476,-0.241143894601524,2.93410592397797,0.768836107984689,-0.790848794061344,-1.14574078268999,0.684756745963785
0.979338453218074,-1.24909821143169,-0.737375687567159,0.347034701226477,0.395665364809918,-0.293231776010255,1.53471057402123,1.11687453824993
-1.06218730368519,-1.26868456426229,0.0300604859862152,1.29970503582377,-0.50371599984681,-1.05928272447818,0.683451546872171,2.08006118845361
0.495201013732733,-1.28379102316086,0.404004034496211,0.698846735756537,0.400728795367695,-1.43184104790272,1.39420034963374,1.24470513838636
1.75652829704163,-1.29388854880766,0.529443296295754,2.18111737422029,1.35731810959981,-1.55589508461681,0.030718432751391,0.362919534977056
0.152252677094943,-1.29836186089973,0.250207074503707,1.23537197808702,-0.349373589668846,-1.27527363773931,1.10451587973461,2.15056268453872
1.37895924499684,-1.2965004319215,-2.43204819923224,1.13433650270327,-0.126250338775705,1.4083668610821,1.34314568544921,2.01496506264294
1.04832916489245,-1.2874904331841,0.885369194027523,0.395165735905384,-0.779452200765691,-1.90766530709222,2.22960476755264,2.76267602455442
0.573094199912166,-1.27040873352322,-1.57060360911288,2.34933011030995,2.02820725559659,0.549692721133638,0.432395671719064,0.0568865324062331
-1.20478944533759,-1.24422050817435,-0.00519820068885535,-0.317367815114076,0.736005631340032,-1.01432746220493,3.26544675538817,1.45864496471746
0.403583200808387,-1.20778258122532,-0.416783355733983,1.03273086839784,-0.101446553659565,-0.60135708207435,2.09051169784654,2.41359020515504
-0.348446304149134,-1.15985528705458,0.536394955701434,0.430059466381992,-0.164035004640758,-1.55315016842431,2.87616196579035,2.60174909981942
-0.801522165554527,-1.09912634858042,0.57222767268106,1.62745900375818,1.78051888033091,-1.58759766031849,1.86805188636322,0.790836958654321
-0.81122616325609,-1.02425093378351,-0.386409182573693,1.75193807271776,-1.08191210029147,-0.627575579978279,1.93704839284157,3.79478096795215
-1.72458496986201,-0.933912489095007,-2.80703461926744,3.17651343309582,0.500505790920716,1.79443508180093,0.707277765256044,2.36129913154992
0.391291152481192,-0.82690887803611,0.287429249254138,0.665812752310973,1.81105709310061,-1.2986435616352,3.41041891237381,1.20634950906415
2.10807349582783,-0.702267379510413,-2.26266554522388,1.14767491376575,0.0468217301494027,1.25283645792827,3.11402415106975,3.13172055190063
2.70244897350942,-0.559389732453015,0.0605055149401906,2.03013619553634,1.62851542562927,-1.06894937715035,2.40450162780264,1.7151256880837
-0.743808737503672,-0.398224225622231,-1.41162994378898,3.69125767954165,1.74142495055171,0.404571306664276,0.897331638612995,1.76920961738225
-0.151015843002714,-0.219454983045518,0.509019350959236,2.68939332983543,1.9808507514199,-1.51469276299849,2.02695064827474,1.69606343602973
1.87926082592722,-0.0246905694968423,-0.328652163116606,2.36977466259737,4.07757552202718,-0.675636023837192,2.44045306812781,-0.238259043731168
-1.28951265414183,0.183375921542656,0.916580012643932,1.73824157854045,-0.0858451114011602,-1.91948297451228,3.12430402835549,4.07999376127964
0.755122559434736,0.400871974010278,7.28403262417743e-06,1.32371296711457,2.93723070384421,-1.00152502081551,3.54246655755758,1.20003728461067
-1.16214274250675,0.62275597074831,-1.05027083959568,2.1012668483328,1.08034359366608,0.050138327898248,2.71404183542117,3.18388167393965
0.447304288865638,0.842969111665865,-1.56641994806323,3.58955445821221,1.52223634654642,0.567672661451247,1.1166242143732,2.84823894882614
1.68118395920352,1.05474816888332,-0.311919017135007,2.65658186762567,1.83518158510773,-0.685443044391523,1.88122660098339,2.61646626140617
-0.00261955916135549,1.25109068688746,0.0338084374788164,1.76670952939347,3.13900970277208,-1.02978527391989,2.54579015829797,1.36484952000834
-0.160099625318756,1.42532765847611,-2.42583510532784,0.319684964453552,2.69758590542961,1.43124349397222,3.71633288753508,1.82644605832567
-1.18744926016926,1.57172518912588,-0.646331169404771,0.421393219889353,2.65029636230261,-0.346875216865398,3.29596448849501,1.85988505079705
-0.264005943834158,1.68601644020797,-0.156115156304634,1.95399765136341,2.27306878589112,-0.835706004880082,1.41408379979597,2.18855730951602
0.230700726071344,1.76576942660136,-0.322153452013137,1.25436685612017,4.46056449548406,-0.668282484086125,1.74694373455467,-0.0814775177206744
-1.1259247391431,1.81052606550894,-0.826699070177472,1.49038453534834,1.7632187846249,-0.162351640836337,1.14014686738705,2.50143829090889
-0.569683079326998,1.82169627322251,-1.62235244916829,1.02344295232272,2.3374994252781,0.634686963239933,1.24497050530358,1.78414514306837
0.468031444186449,1.80224201872996,-2.63749585629074,0.519257275604406,2.24656660099455,1.65121559544783,1.40657053617681,1.7077467163694
-1.20282133970016,1.75622490242255,0.110700446318934,-0.564029273108403,0.75259348389872,-1.09559548207638,2.17522347524523,3.01496632153373
-1.84327565792097,1.68830704103731,0.775357616721435,0.651795868818859,1.82389168366579,-1.75886742739343,0.678401850990194,1.7426793646709
1.24943013362699,1.60328365316382,-0.387986839644615,0.388940722287889,3.42339236782768,-0.594137745941926,0.696915082007375,-0.0668889274856845
-0.511787501907267,1.50570833273278,-1.64876254002514,0.317701575842569,1.55617735809644,0.668023179524057,0.561137023155563,1.58603759220859
-0.746566077969587,1.3996350919567,-1.18029890543725,-0.73943645095243,-0.153545859549689,0.200944770021617,1.44737860806827,3.08161211492248
-0.378446421815947,1.28847779012558,-1.39290148033983,0.883453292689655,2.48623418168912,0.414932570009654,-0.312841676517252,0.231561104407458
-0.803368855026534,1.17496838458282,-0.521679838870009,1.20865786464964,1.5311970110558,-0.454903846374718,-0.745219135295192,0.98326194298488
0.417865581491691,1.06118749560624,-1.68669093575657,0.225712752231504,-0.509306089115876,0.711492475597299,0.156873829812109,2.82973636930702
1.79341433522068,0.948639365789157,-0.75405638553654,0.404946807847531,0.964567992818769,-0.21975684953728,-0.0808268124974676,1.17286823047702
0.26409047782683,0.838348702195393,1.05383613674409,1.67251479794897,1.8530575735739,-2.02626414673245,-1.38827357962157,0.113564981295435
0.605441057395482,0.730960511263406,0.763422679567787,-0.2393696066897,0.905192087442643,-1.7344654644707,0.498811212843981,0.903440525195525
0.45128110613598,0.626833628096064,-2.00120736706413,2.04241611566943,1.40321385866775,1.03154980724667,-1.79582997866739,0.260477591340738
-0.562530663179845,0.526120936244678,1.74091854638707,-1.74730076752492,1.63149192621581,-2.70919088111908,1.99024838140909,-0.0998039332916878
0.392656210264859,0.428834598184927,-2.78528997611753,-1.03616567377826,0.075441611233364,1.81840286647098,1.2823719298363,1.33680948125239
0.111467614225646,0.334896466100242,-0.608206436511426,-0.599484444466356,0.357326042000454,-0.357295448049673,0.853911593909969,0.947490916176199
1.52781655826,0.244175429699337,0.0916711485955536,1.24356360716342,0.270339005165592,-1.0557878080712,-0.977538280171137,0.93834801233042
-1.29934294705863,0.156513751703911,0.0940574454896182,1.03638566974463,0.0147041652169602,-1.05678887987981,-0.756660984745169,1.10837191724838
-0.834412249475258,0.0717449602851688,-1.18903644741471,1.15909895459161,1.91063325258193,0.227690238109975,-0.864583228795227,-0.863481701095188
0.35883962229811,-0.0102948052593655,-0.869720584272082,0.854901042847771,1.48382644408883,-0.0902403999472031,-0.545286336304536,-0.50376208617747
-1.23133683097613,-0.0897602799268115,-0.58698733708187,0.00992334650408505,1.33610505900593,-0.371588422051962,0.314502554170463,-0.415132500939271
-0.23037522352762,-0.166793679759395,-1.07885929744682,-0.659927924354336,0.336246006399729,0.121668763398439,0.9984356421614,0.53281299894087
-0.521077089466837,-0.241523488546851,0.923645437165209,-0.309309967349732,-0.383965022894219,-1.87945074612813,0.660852918372591,1.20750893543527
-0.421793117282924,-0.314064599577415,0.355296073507735,1.17210494337588,0.42367756420886,-1.30971615738521,-0.80879189189791,0.360015709256446
0.030340773059256,-0.384519287224635,0.390683060056843,-0.0251058494493773,0.570394113266664,-1.34371791884886,0.398782303981557,0.178429627671372
1.35906696932771,-0.452978505933147,-0.150962783928158,-1.38010444996368,4.00077143371133,-0.800686849778406,1.76265462626982,-3.28246631942741
-0.0825650720468235,-0.519523309800796,-1.24380779359984,0.220027295412063,-0.819603877076803,0.293543384978732,0.169867203273034,1.51116468316227
1.34576689047353,-0.584226273974438,-0.590658421902551,0.353389669716549,0.0326482308676109,-0.358220761633105,0.0423108251454756,0.635418386626036
-0.411415552547723,-0.647152795755436,0.71659818023419,1.01423115393417,0.402590687779664,-1.66409213868439,-0.614251289053356,0.244757780389418
-0.194329260501406,-0.708362219688485,-0.378303905422127,0.825965360374347,1.45598160793796,-0.567804827942623,-0.423208650846933,-0.827002215381039
-1.48319664818135,-0.767908787714034,-2.7432999834203,-0.77892652128694,0.210049927482995,1.79857647514101,1.18298748812466,0.40252609075231
0.735095557084836,-0.825842417639651,-1.60230420676037,-0.251266803991625,-0.281173272650816,0.658965923566525,0.655190041898274,0.878968014393671
-0.263745823979099,-0.882209327319754,0.197355976021159,-1.56339229015396,0.216885124520654,-1.13930903412955,1.96576296308776,0.367442672656698
-1.74878659133398,-0.937052513826105,-0.587215815962823,0.951489757429775,1.78279848328746,-0.353352017060113,-0.552065958211927,-1.21089919483576
0.126406587766071,-0.990412110435362,-1.63119259031486,-0.825651250845365,0.0189303205859737,0.692009982377373,1.22074530420144,0.541330977022839
-0.0602041261487248,-1.04232563969869,-0.131616751038482,-0.0854601733380449,0.30594172540303,-0.806180631813547,0.474842001265155,0.243248416070037
-0.38108086298233,-1.09282817482887,-0.27768835886406,-0.623085716527183,0.478906356693968,-0.658723798902515,1.00536064375438,0.0595764339366551
0.334777291204063,-1.14195242058497,-1.51972296137486,0.64374592114866,0.695411604789657,0.584696028693733,-0.269998612345897,-0.16745812492126
-0.248881853507423,-1.18972872165961,0.946652483433482,-0.35363825559642,0.923320522445736,-1.88029419102915,0.717396265693767,-0.405890004350626
-1.24788491036225,-1.23618500314977,-0.631208349469959,-2.81720994700477,-1.24155536224244,-0.301048133040256,3.16946012692919,1.74830865441735
1.12613409584684,-1.2813466443875,-2.3700630143649,0.33015288346872,-0.665296307004546,1.43919175694013,0.00899726254763075,1.16106576158935
0.810357019968002,-1.32523628421823,-2.71551603680733,1.70943398991137,-0.776104982611855,1.78603000446802,-1.38506752760495,1.26043726051256
-0.0795524488547757,-1.3678735525839,-1.22782581115139,1.43704884057958,-3.06044387086313,0.299725003897539,-1.12925995139951,3.53274202619298
-1.19860532104455,-1.40927471991626,-0.650943108940723,0.666655983572091,1.38381929650781,-0.275772473227678,-0.377368715723554,-0.924295072410805
-1.67747942776912,-1.44945225226583,0.161331569268759,0.377480080115406,0.397178480584793,-1.08666192635171,-0.108769823215792,0.0486876061928789
1.10989557081391,-1.48841425613346,-0.713446150958819,-1.32131149058643,0.409272587701194,-0.210498981038674,1.56719539552044,0.0219030172772688
-0.0384296778972253,-1.52616379248838,-1.59993332050772,-0.0472850394133652,2.01889914469939,0.677373413595681,0.267895077966579,-1.6036004050049
-0.255613214307645,-1.56269803427524,-0.741509699817832,-0.826022184371456,0.332408309119527,-0.179664982008754,1.01868663460845,0.0656651040459684
-1.28518675868601,-1.59800723564566,-1.30071060292862,-1.63073427632745,-1.26319204318159,0.380921146187491,1.79252915264589,1.642519411278
0.371837400518321,-1.63207347399229,0.183884375888462,-1.06764251627273,-2.12365156617488,-1.10228860754414,1.19536127823215,2.48252756787955
1.49270439168663,-1.66486911739107,-0.277662387339025,-0.149696270943123,-0.103381869003485,-0.639356619231201,0.239817089439853,0.439902023314653
1.16290219936318,-1.69635496003871,-1.27112569138448,-0.471172035483206,0.857026843324811,0.355491909899705,0.519822425205272,-0.544983008043668
0.00148984772639196,-1.72647795646923,-2.64504833664087,1.05594924461341,-0.117300577167208,1.73079978024155,-1.05303058580577,0.402512450490268
1.5508449173394,-1.75516847153293,1.4433695095129,-0.877082856311171,-1.81281742687793,-2.35623284082677,0.829578604593735,2.06858491074693
0.875970067145784,-1.78233694716067,-1.9012818299115,-0.948632371951873,1.09143201000281,0.989803723683084,0.845540165731897,-0.868002255951742
-0.438684970869875,-1.80786986877134,0.217380658325748,0.105250519411309,-1.08322105666055,-1.12747353946871,-0.269616408497108,1.27111211307687
1.55947089253442,-1.83162489397237,-0.566319410553144,-2.04726244577057,-0.730736657849218,-0.342388245504361,1.81536707288819,0.87955107485947
0.911155227038075,-1.85342498447103,-1.4278471512747,0.522840458869065,0.514089897727772,0.520524720302652,-0.82914263776894,-0.408259014563759
-0.155098554326514,-1.87305135995305,1.78277340597858,-1.07166487235004,0.0760002301624243,-2.68871061186518,0.683404379890504,-0.0174632671438839
0.891235757012487,-1.89023507210262,-1.47301864845701,-0.98253061588635,1.74184826776442,0.568466667655865,0.504033546812771,-1.73535602294381
-1.77229289186916,-1.9046469813393,0.0949990048577272,0.364976548925634,-0.368409135215848,-0.998165760573418,-0.942765749946502,0.317626487495581
1.29390522129632,-1.91588591373319,-0.231667244045297,0.20264828629337,-0.857541560732813,-0.67011428658494,-0.889608182938849,0.743734017233056
0.124787710929598,-1.92346478950985,-0.152255947836929,-0.105954725444104,0.68309610387621,-0.748140357707855,-0.700914419397444,-0.866239454111324
2.29086385359047,-1.92679456055265,-0.738015588323553,1.274697048615,0.0957382068225411,-0.160995492135777,-2.21309683110285,-0.355129609631042
0.766498080920047,-1.92516589148458,-1.08807965640926,0.0856345359517409,0.0577867476486686,0.190453801035378,-1.16807057835776,-0.40097772246011
-0.230505650042919,-1.91772869468095,1.26142961549251,-0.146446951056304,-0.448886094593214,-2.15767024578093,-1.09338537754803,0.0136718817701245
0.834413029714594,-1.9034699397243,-0.682726075256845,0.0375849266772453,-0.565584893025025,-0.212129329946126,-1.44895432013361,0.0294272938516565
-0.714248028358318,-1.88119049448652,0.470376063106221,-0.984850043620704,-1.09702318592186,-1.36384624322374,-0.612843141182983,0.450294749989819
0.918335873339182,-1.84948275894571,-1.51275867541593,-0.390870272037511,-0.0416546235761852,0.620673720383863,-1.40836313486566,-0.725970489420272
-0.0489766572955574,-1.80671149017246,-0.0482630330540147,-0.958262179626032,-0.799026388051613,-0.842436696892595,-1.05783418679076,-0.100482791603103
0.299475304077051,-1.75100180070073,0.222357734671654,0.0318167950975303,-1.28783391949687,-1.11167223953281,-2.279743452119,0.244867068081849
0.800005438922746,-1.6802400986313,-1.72783081861206,-1.17308739844222,-1.08068378455677,0.839901538836359,-1.32064647697551,-0.117773615768911
0.525587612173162,-1.59209607014451,-1.01108258591146,-0.186984395056132,-1.91274286454468,0.124538531221216,-2.5646978866055,0.546497009871278
1.01222458081234,-1.48407621334667,-1.65387488029377,0.714101977604283,-0.583908948116991,0.768716050688971,-3.73294735308188,-0.962408623701357
-0.278965611010812,-1.35362271572325,-1.26198278859769,-1.14076310564354,-0.12405862881311,0.378209184078346,-2.15017220112845,-1.61421432506531
0.961868382158192,-1.19827155467513,-0.807989887564482,0.0976928252200493,-0.251129752951102,-0.0743984918694065,-3.65972109523703,-1.69007302108872
-0.0170167650911585,-1.01588494593003,0.0126035882002226,-2.15241000723055,0.694274736432854,-0.893606742548657,-1.67191376739807,-2.84782190471248
-0.886265209893355,-0.804967484818714,-1.62262093678765,-1.17332425050956,0.43508655138511,0.743003007524674,-2.89467240728715,-2.80803328469585
1.67787251439837,-0.565064904610934,-0.320599659814744,-2.14882641868138,-3.38592321440622,-0.557633044362784,-2.13239622834992,0.789822770671029
-3.21925760835606,-0.297223809081844,-0.249310766246199,-3.22145442989673,-2.77563265249527,-0.627536712845875,-1.22902124404335,-0.0430211734894963
0.204913731129903,-0.00446185457042186,-0.222975759761265,-2.16930229138534,-1.54529315606033,-0.652486494245356,-2.39189354982206,-1.48985593921991
-0.592802272835755,0.307837600888568,-0.111833776824083,-2.50971484634411,-1.42166605661402,-0.762243252097084,-2.08918251385961,-1.81740945812103
-0.779918028643823,0.631724404361154,-0.96139386276135,-2.86565345379504,-3.03676477430474,0.0887020589256368,-1.68505824534136,-0.38629350107899
0.677142510835964,0.956804926458693,-0.189129230045812,-4.20995943504026,-1.1035641113208,-0.682177348704448,-0.197280829592578,-2.47564981327679
0.052909838743468,1.27079490695884,0.351451688292845,-2.57658296070659,-0.0949331575846117,-1.22137304195765,-1.58785875927767,-3.60474291267459
1.22085028453541,1.56052975721002,-1.66127053606558,-3.78876704071742,-2.24406521701569,0.792734407486228,-0.0363831205857252,-1.53319247707011
-1.56900913317585,1.81333794900466,1.00941909134468,-0.0735925110644262,-2.04239561185196,-1.87656999483858,-3.32618753713433,-1.7637772614863
1.06534268506644,2.01855082804123,0.512950370355385,-3.16165041983691,-2.16377506861029,-1.37871604876383,0.255772833845402,-1.61892969056523
-0.355383242809868,2.16882681141473,-0.541850526466188,-0.362821142811283,-2.36489267071579,-0.322529926856805,-2.00363703969741,-1.34080042394571
1.58511884329036,2.26099804010456,-0.298998008779215,-0.300850029791173,-2.32923377020998,-0.563997219458324,-1.5065112804324,-1.24750832095719
-0.717122308471807,2.29622685552527,-1.0118821322982,0.232094643474549,-3.24053556878119,0.150272129146113,-1.48629379282925,-0.15955922250451
-0.158095891259992,2.27947889530191,-0.990663198554292,-0.0269259597460177,-2.4637158901,0.13043842048766,-0.702617534842073,-0.718482575088348
-0.406501299873156,2.21848425034118,1.14335107940859,-0.116170390821503,-0.771344880312403,-2.00219063238977,-0.134729814390158,-2.15970391416998
-1.17737352055994,2.12246926187339,-1.16162763935479,0.779157402677861,-1.45419649123507,0.304173311459064,-0.608906472337349,-1.20123979003395
-0.542678806725256,2.0009398940105,-0.643070504874448,-1.40461254012324,-1.08718904133865,-0.212998597935823,1.93300097187435,-1.27702900950029
1.82383497081382,1.86272449705855,-0.793875582591761,2.56339046748852,-0.30750153950276,-0.0608082951330571,-1.74027511184645,-1.75821066140872
-1.31187516431272,1.71536165904212,-0.824033614097016,0.616151850522468,-0.280672813922246,-0.0292650385423488,0.441755820183314,-1.48659130355557
-1.16769568080602,1.56482777090817,-0.620792469093301,0.510889106783961,-1.43859695633919,-0.231120958460609,0.727888323769231,-0.0363997465657918
1.05929584882508,1.41552953946857,0.933790524710582,-1.3735245362358,0.592227827194812,-1.78431872717904,2.74659985044087,-1.7859490060529
1.0676043867457,1.27046957851639,-0.0222799606932013,1.35471733372113,0.036978704034461,-0.826863016689803,0.113833772521411,-0.963951075745814
0.813150216925768,1.13149676872072,-1.6713878644472,-0.0870441935403732,-0.524785882056911,0.823630112149652,1.61974768043562,-0.15233925732541
-0.168597115364882,0.999577502553659,0.0632834294509357,-0.0352358992693849,0.878011418504717,-0.909655956663033,1.60761620621005,-1.32356699400493
-0.240970346549545,0.875046760310151,-0.424695624717941,0.0277640860144565,0.464034069803647,-0.420291677408702,1.56581893747362,-0.696852496934091
1.03962336037242,0.757818870842856,1.40046870335481,1.88313543754256,1.78941548180137,-2.244070780396,-0.281728497198696,-1.82823556153228
0.435328570168712,0.647552173829092,-0.511854142692911,1.02985226849467,-0.112901903636584,-0.330362709262825,0.570220878175167,0.249925184345039
2.95055483814473,0.543769954766352,-2.06143146908765,-1.46661069198695,-0.0944520246179638,1.22059984221737,3.05961937789428,0.390101258322253
0.418066789329639,0.445944082351196,-0.29043678622996,2.33240054354925,1.40103768683207,-0.549009615554869,-0.749451181174835,-0.962802098748867
-0.204466947405054,0.353549826915733,0.148748684705661,2.12869429291773,-1.2333055966953,-0.986809861405038,-0.556648380530171,1.79941479432704
-1.18628123569538,0.266098805876281,-1.39448093615678,0.524864594281283,1.86932960456373,0.557804984542857,1.03710134406779,-1.18865514650552
-0.227553134848761,0.183156684302448,1.5993677655241,1.36222467269141,0.318965291614925,-2.43465849205257,0.191760657110587,0.464393822403669
-0.590003250505535,0.104350622131604,-0.534430883135339,-0.152684038643921,-0.452822736564217,-0.299474618307676,1.70175169265965,1.32839716698578
-0.283948707938273,0.0293703044798088,-0.0157313901134534,1.90159432508886,0.741493166018067,-0.816788886244108,-0.353662911531556,0.21719379286454
0.691067501078233,-0.0420347533178911,-1.72862085820622,-0.213523049713716,0.24036264079982,0.897485806934116,1.76462910996524,0.793636992512064
2.37436786793113,-0.110059708568618,0.155225670291608,0.883820542493688,-0.525343120496897,-0.984975496478262,0.675157490501199,1.62808320393244
-1.09219334691434,-0.17484957156668,-1.08387485103702,1.19684616175817,1.99465006133396,0.255510249935814,0.374981959457542,-0.828595475825592
-0.0770568011426145,-0.236504150766421,-2.55463406280926,1.587182098968,1.55611745748742,1.72765468679351,0.00267938507357435,-0.331111333525114
0.186150125798578,-0.295082429999743,-1.92529831148763,0.449436726515216,-1.34732249044904,1.09970416055734,1.16379468249428,2.62789804380959
1.24652353724336,-0.350606094846139,-1.4304408194862,0.899953535010276,-0.571890633034456,0.606231893641363,0.742104260509969,1.90555552104951
0.165112063853873,-0.403062134383017,-0.71909539225487,-0.48603190058697,1.88979597793267,-0.103728308504517,2.16247305492716,-0.504693967385917
-0.0165900172077135,-0.452404510885281,-0.842786861421868,-0.18413368333314,0.223096860377861,0.0213483857479342,1.90060636431169,1.21254940826799
-1.57142543342553,-0.498554973476183,-2.25050939525836,0.26181770574852,0.664675900281063,1.43045614466988,1.50042347731167,0.821318434300375
-0.538906003463708,-0.54140303656311,-0.563479375537215,2.00374645032768,3.41120937305006,-0.255188649965811,-0.189909663654305,-1.87442319077205
0.768944629412069,-0.58080526381545,-0.68467761731248,1.6163323916934,1.35216281951259,-0.132605183105093,0.255019568546071,0.23644789124431
0.616689234437146,-0.61658395977919,-1.29998220540554,0.61923933723144,1.24138276211358,0.484084630073421,1.31564064247346,0.400628014827476
-0.412716446688292,-0.648525383717723,0.201835352753897,1.37181560551437,1.29231696918468,-1.01634770300056,0.632695181745922,0.405170498023457
-0.508828066421836,-0.676377628697023,-0.868854094480356,1.80717466375066,1.87601431543784,0.0557269693191436,0.273149558399428,-0.120510947232696
-1.95804734659894,-0.699848339253224,1.2222102517407,0.817928141038737,2.67213409118471,-2.03395215181646,1.34445234221012,-0.855649442218506
0.963896619065698,-0.71860248440792,-0.592025701706956,-0.155469298488444,0.806223772388358,-0.218330973283349,2.40617691247049,1.07459798881954
1.20377376626009,-0.732260463120208,-0.611171675712556,-0.0622768642718226,1.50685999017626,-0.197799774192296,2.40756261359031,0.442008560963126
0.747819664923975,-0.74039689130064,-0.157005715028626,-0.154252152577141,0.81392593967376,-0.650580509790773,2.60028002536566,1.20701364707652
1.28910698407608,-0.742540517947104,0.403016637046936,0.195741159405897,0.130728629826071,-1.20921763678088,2.35701565875111,1.96657684961063
-1.87830311885943,-0.738175930748781,-0.196534156673338,0.702751543869894,0.781226962054322,-0.608281617975154,1.96242657624348,1.39695889249646
0.306981159472601,-0.726747615654655,-0.632951298534723,3.48943592418952,1.31324419874434,-0.170479251028315,-0.706586751814975,0.95049579941577
1.02658576952387,-0.707667316484288,0.112850060582461,2.27376400651959,1.38913920451035,-0.914895385060046,0.631380627011769,0.964915642864797
-1.80989452879677,-0.680325715254688,-0.79633393373432,1.43685570677375,1.89247802587728,-0.00432616565781152,1.59436303450383,0.556652168338371
-0.0675248342227841,-0.644109507661788,-1.7078078492829,2.45948952664169,4.73372680605452,0.908532974976222,0.700476408581426,-2.18486567001229
-1.06099107959419,-0.598425025835907,-2.04182307450821,2.11501037784007,1.81368415298318,1.24393342528699,1.17497152507429,0.83933383466599
0.992901600917604,-0.542729488911043,-1.16592146423369,1.83478305735071,1.44382072509318,0.369417040097917,1.58474506354304,1.31740334715269
0.580019168337253,-0.476570682896896,0.397593136429174,0.63768545123086,1.83348213677528,-1.19271233547949,2.90881875630327,1.0394500596736
-0.0527635588667927,-0.399635337588631,-1.93800784942702,3.29900697484704,1.8521514024832,1.14427387546216,0.369426695089604,1.13524966780923
1.34869055114932,-0.311805592293892,0.232675289757381,1.67934278372533,2.34896311934247,-1.02502403863679,2.1031270362266,0.75471035626938
0.719460396716753,-0.213221668294658,-0.516308308693139,1.43554912058325,1.14005822017439,-0.274655215100818,2.44988033466075,2.08050037373136
0.775616040122327,-0.1043471990257,-1.24766468572586,1.67410713691743,-0.0546994223468116,0.458086387017362,2.29975483281953,3.39132092632315
0.231961194791665,0.0139682932219607,0.627641314869703,4.51209434317726,1.22108895734609,-1.41583438849275,-0.467933941782268,2.22909438899055
-0.458105324418682,0.140437301186992,-0.334760799065595,2.13288378849925,1.29377328008994,-0.452047049472001,1.95983428645014,2.26556259954116
-0.781066924579751,0.273301807691426,1.41100354152146,1.73484323618025,2.25253720039328,-2.1964261649736,2.3812863934605,1.40943674523979
-1.18739744160313,0.41033027512284,-1.29884211514863,0.562824700902371,2.23884354735399,0.514804716781942,3.54860365937277,1.51700498903042
-0.56619777653434,0.548853311406608,-1.04015130377473,3.05562490071377,0.37186471899711,0.257499130493498,1.02071863134394,3.46677687087311
0.571816107427714,0.68584434038131,0.504052566695389,1.08365136215398,1.86862928194204,-1.28531951489117,2.92590158934429,2.03943203110121
1.36381730711199,0.818046538038144,0.255702679183699,1.0203605287123,1.84488376486194,-1.03558440229403,2.89053901343301,2.11707014065043
-0.0497509579704386,0.942140391893677,-0.108144784935749,2.39299996676124,3.04811203159829,-0.670351713089126,1.38853828907345,0.950312380941169
-0.69808751382932,1.0549385885683,2.70479643508055,0.977248053275678,1.74991183596934,-3.48190770801997,2.64673522936016,2.26604481186501
-0.913188522942405,1.15358821017245,-1.39665041115587,1.36787880771984,1.12355143213238,0.620924363301905,2.07415718526093,2.88996893630533
0.678957296137623,1.23575629146027,-0.790347974570215,1.16638359697566,2.87206476933097,0.0160071518017005,2.07420673559651,1.11858898566257
-1.49352131401039,1.29977511497241,-0.00159258587361694,0.227107000446101,1.33118497354232,-0.771363011809444,2.79822452832446,2.61632610127066
-0.820553672024877,1.34472865459707,-0.395235641727462,0.424525568563678,0.940913164930783,-0.376334730870146,2.37783609455651,2.94395590966425
0.0311969375200615,1.37047046109695,-0.85241132706296,2.04838872501617,2.46826601744856,0.0822261795508067,0.529408843328503,1.33582457148045
-0.893225370354157,1.37757401485521,-1.5258017361533,-0.0988915704242152,-0.00743951232890505,0.757001813726598,2.45628124145699,3.7144886485531
-0.798753559188076,1.36722662812314,-1.71922503598496,0.622151702546356,2.84114741834703,0.951810338643716,1.52405259077157,0.754875462240495
0.352662685592297,1.34108514641131,0.129492077345377,0.377627870323397,0.894024332871821,-0.895521549601171,1.57077056699862,2.57954509326105
-0.536569145075096,1.30111464617113,-1.79518415158235,0.0690923079778343,1.62602623440844,1.03053990441201,1.69800777401317,1.71636779393307
-0.499131384408978,1.24943016792996,-0.795959938439749,-0.0916951342724663,-0.579104000371314,0.0327009163548629,1.69608293105448,3.78432690780678
0.228210997000339,1.18815829191791,0.842770922517824,1.22135725123968,1.1149242351228,-1.60464471951726,0.239998165702717,1.9497676875347
-0.18406851828185,1.1193257552139,-0.3869479425181,0.00583780100199582,0.415669201140311,-0.373540629395879,1.3323989730748,2.50758588771673
0.360657688757154,1.04478216918746,0.600447114804029,-0.685043007950949,0.798898752669336,-1.35955046163255,1.91960827160947,1.98421950585055
0.254052656850574,0.966153897928603,1.1817591737818,0.0124972469036755,0.985090496522178,-1.93947729552488,1.13684782247249,1.66110630393138
1.30479229554485,0.884825132526478,-0.30565125635667,2.78025030445197,1.98267784586356,-0.450681640300948,-1.6990339926419,0.53141767858622
-0.33223160759803,0.801939976854419,0.398059624194434,1.93001831743713,1.28669176671485,-1.1530072957666,-0.901416183594622,1.10141556870209
1.39506661276717,0.718419144657235,-0.561959854197695,-0.40770080565964,1.48242071973119,-0.191602592289017,1.39753197105331,0.786805829903408
-1.18410176434694,0.634985329484995,-0.646259349418759,0.44497191408811,0.711228580265953,-0.105917871982499,0.518261451979242,1.44694405070163
1.39849899259026,0.55219251732199,0.479869019568619,1.62541745679564,-0.089998640090359,-1.23066101588442,-0.678206454126038,2.14541908646227
2.15994602407495,0.470455945326437,0.0927091218164667,1.40929206021728,-0.159762347583503,-0.842115893046818,-0.469006082390132,2.12099670526644
1.49104833403012,0.390080047182455,0.106802668168966,1.67014067270348,2.27369548830056,-0.854824214313864,-0.729011469188941,-0.397992764777245
1.75627881821617,0.311283291949162,0.262906164357527,-0.465355077402883,1.23278089350477,-1.00954248541697,1.41393097888222,0.565990547341643
-0.306864530739091,0.234219439994721,-0.704525464596273,-0.698723060178659,1.96010522100432,-0.0407256313777178,1.66035223908124,-0.229829575394206
-2.73884750185332,0.158995010977546,-2.26673454394366,1.9596005764864,0.0489661707063701,1.52286867305512,-0.980144451067301,1.62100190204483
0.832626989973982,0.0856832764453768,0.0340871456554781,1.57026697897154,1.17940030438927,-0.776567791458561,-0.568888061674954,0.438143746941467
-0.550757895374225,0.0143352421442028,-1.45117020565338,-1.47330306077634,0.0699684955960443,0.710074784935755,2.50016596086993,1.50269451958257
0.757607969753161,-0.0550118831278157,0.409868914242668,1.33383770391392,0.28109005931519,-1.14957910987484,-0.278334583180185,1.25387650598426
0.655935749561736,-0.122328230567243,-0.0843115443318143,0.274352802228908,1.71371149547858,-0.654013426214908,0.812657623625066,-0.209618140440704
1.97208184672813,-0.1875863484248,-0.975649182675482,1.79453088429095,2.03148511146335,0.238709437214213,-0.673332978718904,-0.551794053739033
-0.890644601228772,-0.250757414257562,0.838920085954153,0.31426580225152,0.532944228507524,-1.57447460632997,0.84370234816931,0.928481561091759
0.799155756434381,-0.311808242634924,0.146177873070118,2.13488425628914,0.643754997107676,-0.880347168360481,-0.937582657747903,0.805234326589855
0.274663639585399,-0.37069881646044,0.632370367403183,0.097731978734379,2.27305998962439,-1.36515443760809,1.14151408669944,-0.830955558628863
-0.0334106351905933,-0.427380121318696,0.287392409159481,-1.00704086045327,-0.599991850484306,-1.01879125427894,2.29094834530939,2.04052050487407
0.3557136661583,-0.481792110514867,0.362057958429461,-0.0353409366761798,0.596999990309752,-1.09207157846346,1.36678272559892,0.847056799661874
-0.781398420172828,-0.533861667176347,-0.723747195854965,1.54326795997892,0.418420607178329,-0.00488119909358337,-0.161220166967157,1.03410171073335
-0.557303142504058,-0.583500458737135,0.386983038492102,0.14456626853536,1.1778687280576,-1.1142262083552,1.29139464178688,0.287929250325813
0.487235562838844,-0.630602602771389,0.429465783396724,2.44730707266435,1.38266095178501,-1.15532372817436,-0.953859590296637,0.101134701990514
-1.12373814632611,-0.67504208133434,-0.490360405896002,1.05913536088643,1.72642225318676,-0.234112313796186,0.495664120263193,-0.219956577662955
1.38428299498688,-0.716669856575498,1.30870102094953,0.0357560971034584,-0.880898937259027,-2.03178851555627,1.58457321034949,2.41469457252485
1.22336608294264,-0.755310655254342,0.367399632927242,-0.0974310460803803,1.07327377515119,-1.08910190244852,1.78779542215843,0.492534966664901
-0.374852338019974,-0.790759406060336,-0.871552927881622,-0.207359885439621,-1.0493021230343,0.151235883445795,1.97260102728713,2.65186384829256
0.4558827588824,-0.822777334028225,-0.998113335122389,1.35984036121543,1.39850484662966,0.279181515772015,0.485457815312099,0.245637403917953
-0.915896384059884,-0.851087743521855,-0.217869253220506,0.373630898064183,-1.571040818744,-0.499677341044414,1.55723695933003,3.26170658049496
0.999596054096176,-0.875371558636424,-1.15058222223443,0.468423689646807,0.62383380080963,0.434420853054964,1.55384248334545,1.11843783456814
1.34393449781945,-0.89526274130289,-0.388070411121237,0.440741698812815,0.979909223174086,-0.326705732972776,1.67903839440863,0.819209253502937
1.72028422308617,-0.910343777269252,1.72031137548197,1.21205988573283,0.876017952477004,-2.43370229449053,1.01159200880679,0.985360393410126
-0.516507097208499,-0.920141513449315,-0.493869252521075,-0.542341783564968,0.119658556737656,-0.218136441402031,2.8764015685901,1.80957109694658
-1.31014918855517,-0.924123751900669,-0.744084731287696,1.35103364845112,0.201445632031659,0.0334642624500438,1.1000605036917,1.80140278593103
0.544493117990203,-0.921697160467405,-0.133732391960311,1.81965448149236,0.15411857768655,-0.575502851791888,0.755074296954673,1.92827895363117
0.643461311274171,-0.91220725068355,-0.434576286561467,1.01554713357105,-0.79109052237645,-0.273273732105279,1.68923933229331,2.95910417842618
0.399708069876524,-0.89494139889047,0.255319999472255,3.46680463359348,0.833351135520841,-0.961784793053547,-0.625905916991495,1.42644021444235
0.592514405843263,-0.869136138931157,-0.0464809605062972,0.117834434845449,0.988313795303757,-0.658598607989541,2.86462505315808,1.36945024934684
1.01360170765755,-0.833990215449841,-1.31879170534712,2.50318314407578,0.865122931579087,0.615097361936733,0.625390485701066,1.59675863423831
-1.0352825973713,-0.78868512044624,1.79509301283158,1.21838454289437,0.425150808436945,-2.49740213115651,2.0596169472497,2.14683321677581
-1.42910389966805,-0.732414984223426,0.759386391693269,2.46116129737886,2.1122369431873,-1.46031028493275,0.967941104969202,0.575535210066696
-0.864113680543103,-0.664427668558844,-1.49254753878189,2.99263046999806,-0.0263011283399464,0.793008870627865,0.587150899186231,2.83507563880602
0.346075018390751,-0.584078596831748,-0.358089306747154,1.17871680029174,1.54935694961174,-0.340064136321417,2.54872842855585,1.3849555929488
-0.600231623758462,-0.490898108281825,-0.570616628825084,3.34410633165565,1.78721580990653,-0.126151589158034,0.524870456191824,1.27624933647941
0.17242214023631,-0.384671788319886,0.307032600640541,2.51798630987841,0.560010078373268,-1.0024155935382,1.48275125992772,2.63502520899494
-0.745165906687219,-0.265531180758704,-0.0296429377412402,0.810392999646176,1.12107732304329,-0.66435483007097,3.30821847258997,2.20644488564618
0.725579641940163,-0.134049502324199,0.0917101029826707,2.40004759188351,1.34538042035856,-0.784322645709428,1.81805444727609,2.11372337345519
0.795610035434541,0.00866639133784057,-0.0101735748524478,1.12260819158589,-0.360427427590586,-0.681053742788855,3.17188616082367,3.94806193309145
1.31172361398803,0.160900064484171,-0.187046290669812,2.55858346412712,2.26215727634221,-0.502795801886038,1.78450432892033,1.44850748578837
-1.35443102046441,0.320280768899132,0.73419000361835,1.35251096271411,1.02802576985371,-1.42264687108875,3.00698650512797,2.79746152896801
-1.64394366809071,0.483786308658758,-0.513065916780716,2.23467448527486,1.09327667465746,-0.174005725604227,2.10533549146155,2.83593798897011
0.0264113401099094,0.647808178835301,-1.20853002279413,4.3288905656458,-0.645256429782837,0.522843605494641,-0.0469259363211156,4.66414571131479
-1.55242154199973,0.808288065990393,-0.25284830754285,3.17548419489902,3.03139401180448,-0.431452884671186,1.00863268492066,1.0602294646652
-1.82628596961166,0.960925141325585,-0.66163588174846,3.07975630489511,1.17294185387048,-0.0212800853801224,0.967174308474348,2.97181997916789
-0.758349000617865,1.10144091691984,0.300796244069924,1.91380683055132,3.83959852750289,-0.982326986113052,1.95893755230185,0.336454563743117
0.775350795572757,1.22587525982371,-1.07407383147394,2.67719788948422,2.60182198681956,0.393928314516266,0.988569171608727,1.58199255271477
-1.37743512478713,1.3308769695055,1.69992488269604,1.80964803566032,1.34037219016792,-2.37868517456826,1.62223305062415,2.82669765755382
0.243966967494876,1.41394859527218,0.187620927501832,4.11664580216045,2.85676146453746,-0.8649959942886,-0.938382792049887,1.26888095870706
-0.336366390049438,1.47360993742945,-1.00454782854058,1.55692020952932,1.7267240496397,0.328557986839267,1.35594396670586,2.33346688359721
0.11832122136791,1.50945789872205,2.17793719240073,1.03544365278053,2.76311626839134,-2.8525418090166,1.6083773141034,1.20906490614073
-0.922686401783667,1.52211781441462,1.04611187706044,-0.447181507884799,2.40806512947661,-1.71933126859084,2.82605508039997,1.45573187462109
1.02605231235859,1.51310088045692,-1.76903426778455,0.732040410548833,2.64180876506784,1.09720010133959,1.39282988710816,1.09599252318117
-0.17985249047221,1.48459502735399,-0.698869774003888,0.631400897528037,1.13262462762659,0.0284208326443871,1.25600909835434,2.4647393588322
1.33317208929852,1.43922522098638,0.230003913927838,2.03392989128269,0.960218476752329,-0.899067630201885,-0.36328119392397,2.48565867202683
0.00494289068432445,1.37981673926271,0.150084735607898,1.30361535295628,0.695698275971937,-0.817763226796491,0.173650335269363,2.59107722883953
0.0900710280781374,1.30918878026546,0.259835932529088,0.413587113960196,1.62348722322207,-0.926129198632228,0.894974391994988,1.49989108362748
-0.712131620170434,1.22999349450423,-1.98158267900106,1.32141232814508,0.419694636246166,1.31667463798337,-0.156762798769409,2.5390670926574
0.0811452603772141,1.1446077342308,0.171356639141685,2.1535688280791,0.647979319773196,-0.834879455073918,-1.10887075782996,2.14768815052189
-0.742669631852486,1.05507405566686,-0.859597371625125,1.8065071284738,2.03063970456188,0.197459780778345,-0.85932249114166,0.605807338344287
0.199410912780056,0.963082799334772,0.291290731763083,-0.757048103146477,1.38386602936859,-0.952043097524409,1.62718405666756,1.09917192951936
-0.813543601519008,0.86998454062219,0.808093191359435,-0.829014441254277,1.54196609529552,-1.46746033203531,1.64034968669295,0.795000202469235
-1.489269463569,0.776822678442135,-1.27648336614001,-0.125912926797471,1.12711024723746,0.618501450549593,0.894404111721036,1.07225901659848
1.06105540855988,0.684376224060304,-1.59997272396264,-0.12510189431337,0.336651054941811,0.943376033457677,0.864461846808215,1.73438045163577
1.47359183420802,0.593205967838008,-0.601808320741319,1.08406471588492,1.75166188317115,-0.0534031446781929,-0.362230912142697,0.200766721115608
1.00760381439157,0.503699157831389,-0.368915883332196,-0.652047275060586,1.22502234876785,-0.284910357001862,1.36604267468584,0.618752128030631
-0.560475432883779,0.416109688597642,0.653886777907828,1.25769734983689,-1.22817408841519,-1.30632779315643,-0.543550182449736,2.97324262187399
-0.387769564793811,0.330592233477418,0.35081303038349,-1.05356052021227,1.73441973714726,-1.00186882054664,1.77438126579498,-0.0782793808671671
1.92591636217394,0.247230308623069,-0.507422801836468,0.534428843242628,0.820825134552804,-0.14224776324123,0.198345720750395,0.755865237670482
0.928029323426633,0.166058294862872,-0.960325536837902,-0.261944477177322,0.31530210856152,0.312040196845657,1.01092583483176,1.19102389644076
1.09914572586062,0.0870782733920669,-0.8027432460719,0.00408642769340251,0.661344321123552,0.155843131165109,0.764524482445673,0.78324825475078
0.924978271776694,0.0102725242428995,2.41339516140632,0.51844311212994,-0.0697749103052295,-3.05891005122766,0.272567129484315,1.46077425814167
-0.568437355912635,-0.0643874968245077,0.597705046174482,-0.389083054137823,1.22087300430568,-1.24183471091037,1.2047660074652,0.124167850483949
-0.91556886499482,-0.136934786039592,0.0715421578000203,1.69587686308373,-0.240407576696808,-0.714286597450451,-0.8536075958922,1.54662160478235
0.936593583501319,-0.207402462675736,-0.654154444811592,-0.220332392073611,0.794531667965506,0.0127952302466152,1.09085960656168,0.479499947949008
0.732452022116787,-0.275820832466972,-0.0918582568350094,1.86551926543287,1.2804207819302,-0.548115732644514,-0.965203603395679,-0.0323883942471129
-0.405286770228943,-0.342215425931256,1.98149937911209,1.08731026072631,-0.0443914346087068,-2.62008814350616,-0.155730966751916,1.27218008576042
-0.912915161776658,-0.406605655442246,0.533112984194157,-0.621342784574927,-0.300006952985653,-1.17031652350277,1.58567841035191,1.51291851115849
-0.654528763466536,-0.469003831649576,1.42688713390318,0.61050340924124,0.312044960110132,-2.06270544812635,0.388160584478642,0.891009651676606
-0.202881494216518,-0.529414345583521,0.42889511816498,-0.106988497142058,1.68227132351111,-1.06332820730269,1.14168488916802,-0.484355560087838
0.357126289742462,-0.587832874345053,-2.11281529698907,-1.07289290046575,-1.41818063875198,1.47976743293682,2.14550289428722,2.61541905665558
-2.27071976555176,-0.644245505816337,1.39126955086648,-1.0812166543365,-1.34991997118871,-2.02293218983328,2.19383781997958,2.55073159382915
0.854258627959226,-0.698627703712425,-0.167594235998286,-0.934150603131469,0.213399186797475,-0.462683177883063,2.08913137690987,0.995070481728992
-1.21317595420581,-0.750943051238869,-1.12854454762057,1.97931665186266,0.825196630685535,0.499652358824672,-0.77934607642474,0.394894654743728
-0.652861178458288,-0.801141719926164,0.98336261365422,0.949554153793009,0.472358504504412,-1.61086957736466,0.298346334721195,0.763240071122565
1.29219120854555,-0.849158618999804,1.50588121216301,0.163755707952446,1.51504180787587,-2.132002950788,1.1353508063341,-0.260086011582408
-0.692168175371422,-0.894911174906111,0.487092752547348,1.24638745611382,1.44981482971728,-1.11182926608688,0.107561673446757,-0.171646776587726
-0.402921700428366,-0.93829670533981,-0.832410744948757,1.71607535776176,1.78847835152424,0.209059456494676,-0.303263507783685,-0.483198379277069
-0.47300080271765,-0.979189318299178,-0.378407074751626,0.226223755859556,0.63198217783717,-0.243558988617001,1.2498760426857,0.704392155251136
0.591831943388099,-1.01743630135624,-0.624048069026664,0.626843258891273,-0.682132585883281,0.00346723074348959,0.917394693282241,2.05370325224903
0.686135755980637,-1.05285395133441,0.193932854959091,1.596252830885,0.162560475389939,-0.813128468156812,0.0214159196279634,1.24846329418667
0.519369884757882,-1.08522279540079,-0.320580887140325,0.513577410687003,0.907260927803881,-0.297229500971942,1.1832713019863,0.547661124178331
-2.3321324434386,-1.11428217206094,0.664759838924172,1.14302564553699,1.54339872949765,-1.28118500195099,0.639217970219895,-0.0399131289797792
-0.640532628906506,-1.13972415994874,-2.32064429121886,0.511918368510751,0.940446206357962,1.7056043532775,1.36240334217525,0.616517603475785
-1.42079961603118,-1.16118687735548,-0.822805598436847,0.321125284512687,0.729951617601518,0.20915088558094,1.6524190624919,0.885680755612864
0.090103011925764,-1.17824723030583,-0.988206663309744,2.35457779733888,2.59650890737871,0.375937175539291,-0.274224543348204,-0.916719530689418
0.211107626723182,-1.19041327065968,1.736180840325,2.20579540159599,-0.182229857762786,-2.34706510301,-0.0106417829896372,1.93198004006802
0.615561728775761,-1.19711643672451,-0.260390305861691,0.832328942466283,1.44624192369755,-0.349108731737855,1.48596303611418,0.379598801558933
-0.524241616191506,-1.19770412432749,-0.13546096060689,1.55799695845334,-0.408102393137099,-0.472652851907202,0.892030445353798,2.31649102277164
-2.00603548553328,-1.19143327551566,-0.155709283587356,2.47723404136177,0.264814979538461,-0.451019303841283,0.113261400344581,1.73289680742866
-1.23854738387686,-1.17746591887281,-0.389304277526954,1.73159097115952,2.00308725558164,-0.216039084816232,1.00807212847778,0.0910164018430577
-0.605256171863268,-1.15486802602071,-2.02675708550683,1.37210099479225,0.681238398334734,1.4227989482491,1.52517270153551,1.51657616436196
2.88661720034545,-1.12261347128337,-0.993287998909173,2.01012053444388,2.92325093262483,0.390715086736895,1.05266045278818,-0.614222690804822
1.3096541969862,-1.07959543560245,1.08252040114055,2.67871246241603,-0.788331051176626,-1.68370808822738,0.556560018441212,3.2161640385399
-0.566956641983677,-1.02464813130417,0.108516092455709,2.89525405621586,1.36220417546454,-0.708318554457081,0.518128955910446,1.19198256041588
1.04805014982728,-0.95658223314077,-1.95948595567408,1.52255026480476,0.91523161494421,1.36106871875816,2.0726512617202,1.77264416850706
0.0744287249443867,-0.874237706444261,0.356606569808135,2.50550200124391,0.573292481628248,-0.953638581638599,1.27267463366305,2.25517480427692
-0.749780825557147,-0.776557617332814,-1.34137068281971,1.94084841334746,3.80095516403125,0.745723896074695,2.01818158991664,-0.825698705159976
0.140076517436384,-0.66268568911182,0.136771060416016,1.5846254569226,2.64777961679502,-0.731032622075573,2.54906547726145,0.479430896276277
-1.00856940901641,-0.532088468632934,-2.10075915451432,3.40480418239132,-0.291917437661087,1.50788281794022,0.89246603701333,3.57483029532271
0.709941940541369,-0.3846996141786,-1.53335183150889,0.286982901611589,0.55057055780822,0.941860720020237,4.1571127762135,2.88994239751115
-0.629906052601188,-0.221078773172634,-0.716969159318388,0.883770857580762,2.40437997858081,0.126863272915192,3.68406348944821,1.19330929466931
-1.37707130465662,-0.0425708824319782,0.996217061281869,1.89216967275947,1.38644584083827,-1.58493772259961,2.76955542177141,2.36518888573903
-0.0925222702016019,0.148555792374232,-0.290860141127893,2.37524875307789,1.81782023069577,-0.296475295104396,2.34368938642972,2.0812551072722
0.0747405946406034,0.349021393690084,1.09236147493588,1.8069106608862,1.91656716799138,-1.67831168608272,2.92615196673928,2.11976566179391
-0.0474054787589629,0.554528187267332,-1.79256524852237,2.29102124811621,3.08517199452179,1.20800026246099,2.40767815768671,1.07426773700007
-0.158463358615753,0.759866010437963,1.63084008725013,2.02404351917479,3.60665466316716,-2.21401984822606,2.58806219088816,0.657656025394447
1.11000552264674,0.959148071485558,-1.30283679183973,2.71328896626478,2.9725943322607,0.721042255949258,1.75851866055092,1.37437152884102
-0.324955583327047,1.14617520969968,0.151297586516996,2.02772412793872,2.25292997995818,-0.731706897322019,2.25135038683389,2.1508623533686
0.891040617540088,1.31489945628318,-1.78600835330243,1.49981927092891,4.41530840325404,1.20698426758286,2.53832868272525,0.0165107022354207
-0.662937087814526,1.45993011239538,-0.812712579121909,1.93874569629841,3.83527110064449,0.235073718487794,1.81739829155214,0.593702092720135
-1.72400446614808,1.57700726142492,-0.13175932305082,2.34698196948194,2.37397957733757,-0.444494312497841,1.09561880453206,2.02030224570792
0.141185923296201,1.66335881998443,1.36934054268227,0.860241915506268,1.16341291214185,-1.94420895314548,2.2484736861113,3.16457421159655
-1.62456573685441,1.71789224123428,0.0597495019456815,0.496662208902506,2.11121181545187,-0.633232687323436,2.26971933147407,2.12034713801171
0.599602598952992,1.74117947269835,0.348406434192158,0.466831592547676,1.29379647978945,-0.920504394484459,1.96034128902377,2.81380000172294
-0.637964881897795,1.73525801577586,0.439077921412996,0.874064928582089,1.63619573418445,-1.00979065661984,1.22737565086283,2.32343969507953
0.298667030539123,1.70329262656863,-0.530580976790003,-0.11228502879371,1.69870432465677,-0.0387465333313914,1.90992478237386,2.09318412016311
-0.0593536351928827,1.64916676308832,-0.224633431135274,0.158240612215273,2.5725476484958,-0.343308853900667,1.36371375992812,1.03640599623026
0.143687636424582,1.57707276184625,-1.31232153985725,1.68485702445579,1.73293355740432,0.745764479906762,-0.406636791416655,1.68259373919972
0.532192426907456,1.49115612809238,1.14291522919645,-0.559133048963019,1.30485393486312,-1.70808706406148,1.62722921281523,1.91129557890347
-1.47145588219127,1.39524754387165,1.90101174286646,0.234523422458435,1.77066768281352,-2.46479835264604,0.656879375486379,1.24433513728388
-0.476206480034043,1.29269196081019,-1.84998648012391,-0.00667197211169912,1.24665462707892,1.28758509542978,0.753217505502887,1.56911649753265
0.380978237376341,1.18626803256093,1.04963949590091,0.0126801317556288,0.188954523442307,-1.61065565550958,0.618269844390553,2.43260460712397
-0.69314718871012,1.07817937593721,0.566328463496667,-0.485846462022825,0.927597413444904,-1.12595939801989,1.02730343414388,1.50726684094019
0.597058198218267,0.970095610420797,0.405426711925403,1.13919176389695,1.99458262408475,-0.963672421363169,-0.664542297912032,0.263007543756004
-0.852898026970414,0.863222166308674,-1.28241746652997,1.2458428826029,1.35699296852623,0.725556982177653,-0.818741766993564,0.734096924689629
0.00512626662809428,0.758381956440375,-0.256701706749702,0.372727600164978,1.51828640181101,-0.298773552517157,0.0228240148759755,0.417940725335083
-0.86973631347472,0.656097548347458,-0.219428694141868,-0.499373645311644,-0.813963232731047,-0.334661340039537,0.876387204736804,2.60741094684136
1.03085688242855,0.556665040874552,-1.16941015366581,1.1946047556093,1.87243971231737,0.616705344569855,-0.825771521562611,-0.209588057068376
0.688095203468658,0.460217484848122,0.671629382033931,1.30919759415115,0.001477451306236,-1.22294896604443,-0.940486414864847,1.54278618837595
0.635871897852482,0.366775924469591,0.129419593152342,1.51978738172855,1.00591462145897,-0.679353952077387,-1.14509017626489,0.431382588563604
-0.497019269214818,0.276288742212468,1.36575268719303,0.925437835494382,2.5169684804678,-1.91430182103262,-0.540268436244296,-1.17555717453523
0.0823354197586623,0.188660768179021,0.15130902658346,0.974725450662334,0.504774271247305,-0.698472935337598,-0.575921772473483,0.751184401414
0.340041840761089,0.103774022609633,-0.136695669707924,1.77184564665304,-1.19490191724648,-0.40908301396076,-1.35730609345892,2.37512796276012
0.770156998254973,0.0215017217533118,1.69195513134071,-0.496232651363164,-0.132286051403065,-2.23634858992394,0.927777100412686,1.24575295410064
0.0205897261707485,-0.0582826815301722,0.187834957935352,1.66603640303874,-0.632551103748531,-0.730843191433129,-1.21685668682035,1.68747829894664
1.56180981672805,-0.135700103794031,-2.41134735454963,0.30930258417863,0.828864030048601,1.8697243461373,0.157666675887798,0.17500110743698
0.545203869902535,-0.210862976869776,0.584803670716707,0.883428282986672,1.65947672164198,-1.12504145404358,-0.398856957296914,-0.699910752858606
0.370638694583601,-0.283874096740715,-0.941809787487741,0.101539231044949,0.462007349675898,0.402957229246324,0.400214500720956,0.459345056271845
-1.35457111829666,-0.354826542317285,-2.13808360752646,-0.561960379620766,0.469015848317424,1.6006162743705,1.08033290721219,0.419575822780283
-0.503845190573789,-0.423804223346904,-1.91071228748268,-0.485540383818045,-0.474206831958708,1.37463017941217,1.01989427493901,1.33490654786118
-0.0360440130512668,-0.490882749941418,-0.326063092769724,0.066647730135194,0.071993756620474,-0.208633790215332,0.483031265236299,0.765149507710356
0.875563962013973,-0.556130422554364,-1.08739087194467,-0.443026061824227,0.0376505366524786,0.554079214045072,1.0073975941771,0.779789653314079
0.113221351549002,-0.619609217579299,-0.720196348592619,3.0496277131296,-0.960088470052137,0.188269915778469,-2.47114012945918,1.76124711159541
0.246709393093689,-0.681375696087966,-0.925433176357058,0.723273142348673,0.833855870571306,0.394891968628363,-0.131165615689991,-0.0459405896408942
0.256075966906955,-0.741481799546934,1.0401577616484,1.4429587671464,-1.33455926911571,-1.56931374429164,-0.837629076574706,2.11193218508233
0.894028280193386,-0.799975519080332,-1.1200665990093,0.749967857451047,0.0143441351697609,0.592295841451508,-0.131702356866565,0.754893624846442
0.404470898916795,-0.856901438875394,0.298390367565201,-0.570417990014384,2.13038736027369,-0.824775900037537,1.20145386514798,-1.36713085885426
0.309525041642159,-0.91230116116539,0.344597283010872,0.744229434669571,-0.566832007383167,-0.869597590397754,-0.100460764987141,1.3260453328887
-0.254319859912826,-0.966213625094431,0.3939406220156,1.03250315429867,-0.239958751366213,-0.917555704317029,-0.375906159355247,0.996885741881066
-0.615970787517115,-1.0186753306093,-1.11141045108152,1.60708090657089,1.02687076743771,0.58918059386555,-0.937422653142336,-0.27062272477526
-0.074562703788877,-1.06972047838149,-1.66128299645722,-0.661247756302389,-0.597156379058057,1.1404383643267,1.34434151995506,1.35421260906477
-0.41011621802026,-1.11938103473976,1.27388485441436,0.344341898716589,0.572641195314328,-1.79334426145943,0.352706977471382,0.186616950170096
-0.697122187869298,-1.16768672791795,-1.57269955877122,1.61599488144302,-0.0331412223925541,1.0546253768116,-0.904321390310855,0.795926352521197
-0.749641997013632,-1.21466497919584,-0.101810288386288,-0.434723711821902,0.359437897061282,-0.414878668487872,1.16184662013212,0.408153554310907
-0.79145489417802,-1.26034076924918,-0.376736368634873,0.0597548148122028,1.19783752211759,-0.138567363153834,0.683804149396158,-0.424184759894341
-2.27604764310223,-1.30473644016448,0.0840302634833311,-0.361987429595519,0.954698684902528,-0.597948770186585,1.12313882542218,-0.1737338492189
-0.585805206345934,-1.34787142333899,-1.74554268860515,1.03743310107648,0.862890900700327,1.23300940698735,-0.257353671214551,-0.0733483130576132
-0.409767548809606,-1.38976188786546,-0.63984634727984,0.690387476133643,-2.32482629952816,0.128698290747493,0.110146085904556,3.12424567123293
-0.801505226787575,-1.43042029770206,-1.95754214964292,-0.690687213070367,0.762372979845946,1.44777931819602,1.51340472436911,0.0482735594365044
-0.244367188959519,-1.46985486318798,0.858816561501154,1.03126994116599,2.17828334045335,-1.36719416786259,-0.184419597058731,-1.35499008303673
1.1176375310577,-1.50806885720249,-0.272988251379136,-0.840759442532415,0.479647305758505,-0.23400412989685,1.71392822115492,0.357799293258627
-0.652998701431889,-1.54505978708893,0.498464848942175,1.64875629118323,1.74960765857416,-1.00407200513271,-0.746826646063746,-0.896395797359068
-0.300367282681519,-1.58081838107015,-0.378631471958884,0.828194882195285,-1.35730155842878,-0.125590459146195,0.105217631043709,2.22801468781131
0.320467330292346,-1.61532735053359,0.74690318213615,-1.01859439271192,-0.536934872326601,-1.24973988815578,1.98651687825281,1.42702896009395
0.842807521570097,-1.64855988445298,2.08814915807872,1.25247131966994,0.718650361262977,-2.58960063901289,-0.246678172630065,0.192868697160236
1.6021251382596,-1.68047782061029,-0.935837465007499,0.259431890916302,0.00150256244390601,0.435771209158781,0.787957760022784,0.933671701660701
0.836830080018893,-1.71102942303238,0.383998401524627,0.458720467641372,0.691928227056306,-0.882679432287892,0.634391445240741,0.269341082848505
-0.189579352893097,-1.74014668842374,-1.25925239931069,1.75128218294007,0.117049224302979,0.761956593632879,-0.607884314462839,0.872989648026279
0.128031253859155,-1.76774209056737,-1.16570360624913,-0.584368291478067,-0.139703135725859,0.669793025656775,1.78309500298348,1.16144770670179
0.362864169191858,-1.79370462868854,-0.555266806634193,1.6944489550022,1.56831094985796,0.060741451127288,-0.434826944989813,-0.511633937201295
-0.567256253517647,-1.81789506142296,0.606756225680917,1.23959126976162,0.932200053076669,-1.09989635610237,0.0870632640431768,0.162957906823958
0.989207765886708,-1.84014017139267,-0.522841047872898,1.51487122625451,1.07371618653847,0.0310861425369001,-0.114426664574733,0.0638263816443155
-0.706667029331109,-1.86022587815255,1.29169574190183,1.79161589831721,0.423124102220587,-1.78206542215237,-0.309952551319997,0.761097514832296
-0.175124576770968,-1.87788900335932,-0.415441898339568,-0.234826285056845,0.272589508308536,-0.0735425568255226,1.80585958200491,0.963034112416839
-0.424549330165308,-1.89280747508303,-0.48984880708296,0.451051067306256,0.441329097926782,0.00224957700332348,1.21827519205399,0.850887561975954
0.410003162669221,-1.90458875217771,0.539511869155807,-0.31793503352617,0.223972814238544,-1.02572587414999,2.09529413422095,1.13053690149059
-0.607306062356738,-1.9127562618177,-0.370942004046518,1.50321838586455,2.11565071551433,-0.113886775862212,0.392767102277767,-0.692597510067898
0.0559163102014219,-1.91673368594211,-2.25062838114666,-0.104776845312564,0.603141101934267,1.76718482632338,2.13085929035999,0.895297211267733
0.901136445537419,-1.91582706395719,2.30489118881862,0.017631430342012,0.440498037306407,-2.78694951855644,2.15089855048865,1.14079657790154
-0.234763391434892,-1.90920460969242,0.398302027218629,0.068287443321682,0.190339381187514,-0.878975131870998,2.25589329698905,1.48194573147361
0.842622920028165,-1.89587495856284,-0.817509072240048,3.05758336089477,0.192124341345433,0.338221192673132,-0.56376558839571,1.57997361837135
0.104099651932929,-1.87466440495879,-0.0886145776751421,0.443139997747046,0.0419237931125841,-0.38928807680632,2.23495618651323,1.83950979954766
2.2836699886627,-1.84419463043741,-0.744303667771019,2.24295402665034,0.176707306269885,0.267786238375009,0.634510229467462,1.82427839879011
1.59764142495227,-1.80286337219035,-0.724410562637466,4.43597736230525,0.877067366671419,0.24927835832691,-1.34391781822523,1.25434685512013
-1.41044000362874,-1.74883182016446,-1.25168308241607,0.175758163372066,0.80519660056441,0.77793610319097,3.1458168876037,1.46811151184907
2.13945768797,-1.68002424389089,-0.960190937858368,2.03315428117342,0.761349685793783,0.487829183718719,1.53193685963621,1.66578583770921
-0.0715351519131579,-1.59414758940777,0.480026268210201,0.71102061704254,1.41942408806791,-0.951002797264396,3.10985026007009,1.17375451184017
-0.0519945416328841,-1.48874131706045,-0.329796400341825,1.46892389117587,-0.364221242719039,-0.139794903626916,2.61719655365662,3.1356718189518
-1.30390849073807,-1.36127025953574,-0.0503201048974044,1.02728376670652,0.703736747146677,-0.417885973985883,3.32943961266452,2.25785671678503
1.54001856912023,-1.20927504272277,1.16073841123051,1.81630882999322,-1.04520842294526,-1.62755926502834,2.8106595912144,4.20796475298802
0.604201063998773,-1.03059438639409,0.201640806142198,4.44844216598852,0.979200959286016,-0.667076434854579,0.440864459695964,2.39425615355357
-1.79720801542552,-0.823669522307524,-0.36114789297613,2.54089826360709,1.98431699368584,-0.102902510650797,2.59329523279646,1.60711853874313
-1.18897030631201,-0.587930695734293,-0.949192124036845,1.44034568292581,1.92718341004094,0.486526945495372,3.90974814455166,1.88632771984602
1.08774041688251,-0.324247024522998,1.02815765361407,3.11839671161667,2.8776446268912,-1.48943760707009,2.40534792166474,1.15782389495733
0.623554233353156,-0.0353930801611135,-0.572389349531139,3.33375311345975,3.96967267639253,0.112494621160572,2.30702149795073,0.282327785815619
1.7609556719523,0.273548869908537,-2.43189171922959,1.93498486288273,2.32547767308349,1.97338221594448,3.75176812297898,2.13126822622022
-0.122626063759686,0.594964492846382,-0.510626560219818,2.27652068734649,3.21384007364286,0.0535022820201584,3.37215205715497,1.42862115758126
-1.47677616405455,0.918789834661202,-0.102218593843221,3.81662022431637,1.28107761398272,-0.353520459270985,1.70013847583391,3.52027639494507
-1.61116909237532,1.23300903378519,-1.54777762876631,2.79050930146152,2.8921239879813,1.09342380073755,2.49583611717714,2.03346198442269
-0.281302068923807,1.52460676947312,-0.86787772886077,2.57066570088089,1.16910087156482,0.414909125917471,2.38877943441087,3.83881718041733
0.631357832615458,1.78089250476408,-0.239629635784897,1.77322432293979,3.00357433261096,-0.211953742072948,2.77230243596183,2.0388455802949
0.736095881063498,1.99098961735338,-1.33148747077194,0.507051093516748,2.5814602560556,0.881289317999551,3.55419111115498,2.44368354590591
-1.81523368627223,2.14718534691198,0.023914562039754,3.44134510827803,5.64733384695477,-0.472727489726692,0.0875449688224408,-0.692699663913606
0.63111008759533,2.24582882044809,0.648073828781985,0.00120611313809316,3.25623779377486,-1.09550153138347,2.97269579741407,1.57592887045155
0.0418161734689072,2.28757031122319,1.06671530391148,1.42953167794515,0.940390154384591,-1.51275778142751,0.992310458960119,3.72127205915724
1.29601867963721,2.27691658696314,-1.10042336192325,1.23935804950133,2.85446303522225,0.655766109492676,0.656210892691164,1.59482741972933
-1.57566851207151,2.22125225920474,0.773407425961935,-0.499346821200722,2.52614582368491,-1.21667945330706,1.91246824480867,1.6766952260814
0.225576838791768,2.12959859535273,1.21302190249149,-1.59615708272288,2.73456160199632,-1.65490870475116,2.58279567546113,1.19642107825459
0.378583680017591,2.01139764971743,-0.334399732411527,1.01137716814769,2.52365339483845,-0.10610184476269,-0.389067977676248,1.1188824888503
-1.58453967285879,1.87552239273367,-2.10818985645702,0.00849048856596729,2.16455854537074,1.66907350436826,0.312628173517092,1.18129419418615
-1.69413729392224,1.72963054712867,-1.74841588806835,0.983882701712164,3.15487828203939,1.31068476106504,-0.903833543928399,-0.10651212076143
-0.801879254169525,1.57985355518572,-1.36508626919404,0.635203829998318,0.675677176481931,0.928740367276186,-0.741798876197124,2.0806420264202
0.0293916912709216,1.43076044027023,-0.61366310218457,-0.614478638343273,0.546901247570998,0.178702425352167,0.368500415010894,1.92775730954576
-2.14392919227811,1.28550626724476,-0.623315359984635,0.0799190354269774,2.51840523143216,0.189739908237686,-0.425688956335735,-0.311347250002206
1.17721694816566,1.14606491915045,-0.113959421836032,-0.247470003095226,0.7514261256646,-0.318230804825465,-0.165994207562085,1.20459235861748
-1.14387510093522,1.01350332798597,-2.13961506174777,-1.00379124345113,2.00352457347585,1.70881006017172,0.547837498078101,-0.280494739881315
-1.64098966634324,0.888231797983777,-0.155787299406454,-0.318628471656739,2.6482836271227,-0.273632477084135,-0.160681369852557,-1.1395405219125
1.44322942355622,0.770217413659232,-1.88655463423889,-1.57619632456409,-0.149807751762847,1.45852008283376,1.08748515490518,1.46295125920656
-1.33782022996476,0.659153173422507,-2.01355824599311,0.337548084991236,-0.0911393175092836,1.58690891967342,-0.826011693360174,1.22684854604659
-0.683752987171692,0.554583796766988,1.33075425739044,0.250771865708733,0.0169987603180156,-1.75601835862467,-0.732845551333689,0.958551405234857
-0.5181252828756,0.455992716339918,-1.47420798066045,-0.011595991254811,-0.846641950391237,1.05032910451167,-0.460752270571373,1.67816526876701
0.930258491868561,0.36285971791493,0.782934260385769,-0.679401229140246,0.16233910612549,-1.20542791144909,0.217901253883176,0.539987064738964
0.301878614351513,0.274696437810551,-0.52408494602083,-0.660328568661162,-0.452941359670777,0.102976520042962,0.209079881681347,1.03951157566155
0.215078032134207,0.191065739802348,-1.35225654163538,-0.809975653482657,2.21408263455948,0.932533340742965,0.367062079373711,-1.73124563950858
0.470515097315938,0.111590363550645,0.928318177301325,0.0816875158951819,0.923939464301321,-1.34665615310829,-0.519180981789905,-0.534219951896139
0.562257358872782,0.0359545148522625,-1.02600430548626,1.21598484948231,-2.2591429799824,0.60905155476475,-1.65171979165118,2.56499441237775
-0.156017784282402,-0.0360981208759445,-1.21141942659595,0.0446368448005403,-1.06079411070236,0.795851900959894,-0.482826456305776,1.29072152349264
0.5992045619458,-0.104768541856045,2.08178750643465,0.417311365453803,1.01038104412431,-2.49596980698525,-0.862572609147327,-0.849665370317746
0.961102509915844,-0.170207604865949,-1.06347897031541,0.248880753841602,-0.731809007077846,0.650681894850263,-0.706124663145955,0.828873495600826
0.0673390612104634,-0.232520935386324,-0.394339133020575,1.6083917871623,-1.346767679868,-0.0170727173591183,-2.08274463722901,1.384672380146
-0.216355814443879,-0.291773307094789,0.281974754493622,-0.265020094249088,0.109420364189985,-0.692001379787863,-0.231728890619637,-0.127171429611444
-0.43047622775245,-0.347992240157912,-1.73818402509824,-0.718612709145131,-0.422649380675374,1.32954262488946,0.194054746640655,0.35183788851971
-0.524873951794381,-0.401170676516321,0.890148841915096,0.124165858355112,-1.97283906412639,-1.29740501703843,-0.682050802271375,1.85072807298169
0.0590474678322344,-0.451268730707406,0.784899107610108,-0.23095043152521,0.0937282898543605,-1.19077005764799,-0.365874758463433,-0.266143543426218
0.253646544116928,-0.498214559691802,-1.55283211271518,-1.59773771370775,0.984143523705663,1.14834638776276,0.956266374591507,-1.20657069753243
-1.30044978383308,-0.541904421077924,0.865933997367393,-0.720122022295963,-0.302831540206424,-1.26903449723437,0.0282042628876567,0.0300387697194329
0.342891794571211,-0.582202010457658,-1.36201414348466,0.245483317734507,0.469738592075819,0.960298868703138,-0.993745430673168,-0.793845494463645
-0.397324501897651,-0.618937175680946,-0.979395433926618,1.00017770676362,-0.2955848234483,0.579065384230553,-1.81078203566431,-0.0813336348323212
-0.508257132369385,-0.651904123129777,-0.640475229535816,-1.38126357700801,-0.733867740561947,0.241530404925204,0.502220542357039,0.302132939166839
-0.549498051891893,-0.68085924918473,-3.35900046995892,-0.20224017852517,-0.22266673836379,2.96144087043376,-0.751429217763172,-0.266358531278056
0.170648156020564,-0.705518756313808,0.311407817680982,-0.62018615184872,-2.0612238647484,-0.707582192120686,-0.414372088337349,1.51200033222792
-0.256330829323772,-0.725556254463045,0.722782645785905,0.495613022583399,1.05031755414709,-1.11757179514016,-1.61736927182553,-1.66304616653034
-0.491423516723139,-0.740600596265997,-0.428239696700284,-1.95690230755788,0.370396965666186,0.0348357724314857,0.741635271605786,-1.05030136733786
0.37979654152956,-0.750234309052287,0.539028182580528,0.442849369372246,-1.02211727202741,-0.931046881763873,-1.7578818744677,0.27103995066678
-1.09445988142523,-0.753993015279268,-2.7764430228299,-1.23188035036566,0.965558644843648,2.385809548732,-0.189030348780005,-1.79209076525266
-0.0655844058835304,-0.751366398524227,-1.71229644143169,-1.12628867741371,0.784528158385351,1.32304819241925,-0.406360916702193,-1.69103361329853
0.657019172667632,-0.741801414746817,0.379311256951569,-0.129713846563182,-1.95796252626336,-0.767174280878553,-1.52014288387456,0.966785518345224
1.6695979211633,-0.724708569355767,0.796378064088065,0.388991875119197,-2.8933659541364,-1.18285586292959,-2.16095679730913,1.81270798304399
1.16387849091587,-0.699472249683494,-0.331523984522353,-0.574094637359165,-0.779641188090451,-0.0535685892337244,-1.32409996296819,-0.395335574925478
0.375720568479063,-0.665466227583773,1.14919778324457,-0.541928215732752,-0.81483809060563,-1.53290513191519,-1.4855856409066,-0.459223828335019
-1.48458979419871,-0.622075519735195,-0.973363098362101,-1.0868125545333,-0.660491946666191,0.591040974776931,-1.07178550643718,-0.71723032332645
-2.18967048757054,-0.568725758713875,0.668955002196508,-1.53342452602043,-1.09535011272024,-1.04989190069622,-0.756367372805948,-0.390274659451555
-0.318682586751425,-0.504921023807706,0.256255929617535,-1.6133816184758,-0.43252568376723,-0.635807603031798,-0.805696241973033,-1.16474499271554
1.33730650018428,-0.430290624625552,-1.39704239729037,-1.89881185095276,-0.880194762199483,1.01887594896156,-0.645244673213738,-0.831776409068197
1.26892833195897,-0.344644543309004,0.594905321199336,-1.62563535201236,0.225755409230922,-0.971686544442692,-1.03630991642329,-2.05457957504451
1.85143770295766,-0.248036053972861,0.78324744193665,-1.93740888932435,-0.613378064922271,-1.15864344009455,-0.832194173245336,-1.33331643252387
-0.0273296062674023,-0.140828430832684,-0.730961464436389,-2.04565083230113,-0.848220125903138,0.35695069136394,-0.817938521920479,-1.21598035134526
0.875076890352205,-0.023760695691606,1.65242070001432,-2.03628126899182,-0.173504509805658,-2.02504624800132,-0.903983053831597,-2.00620573518178
1.09311245971177,0.101994757532593,-1.23512889259074,0.58627377569513,-0.64257561699079,0.8638885696892,-3.58220917370681,-1.64877612492
0.0693463657350439,0.234791717649177,-0.453678381235771,-0.782541600249187,-1.75201498761647,0.0838232834196827,-2.2445089442565,-0.645025065703265
1.21624435700449,0.372497080742134,-0.789406309204937,-2.33001266361471,-1.36317223010039,0.420936436474302,-0.700419615535292,-1.13135300101913
0.134659106374681,0.512515062314774,-0.937907059158006,-0.74580313513943,-1.01389521827518,0.570822411512825,-2.25773499273099,-1.5675671045644
-0.53683836681376,0.651856337173273,-1.0896408503972,-1.72789504577348,-1.87652680192101,0.723941427837475,-1.21682933391938,-0.77897634620291
-0.347844090533099,0.787255144911615,0.497509124276204,-1.37343723895575,-3.53216119190003,-0.861823321750478,-1.48004517809977,0.817754706999262
1.09526178371523,0.915330690307917,-0.670800057562798,-2.70104819884973,-3.98030232217267,0.307871085173977,-0.0295647349879535,1.2241422384671
0.652360477669905,1.03278128475533,-0.0152148689388904,-0.886065871772862,-1.4137228920573,-0.346328878364477,-1.69223933227059,-1.3653819761128
-1.23108737471282,1.13659222653404,-0.297624142952576,-0.146574291882749,-1.51492899634947,-0.0625343792653372,-2.25352318937088,-1.26712049504173
0.539171497726049,1.22423335999986,0.0810033059899441,-1.28056186009493,-1.45181088485175,-0.439776603122404,-0.920148233821883,-1.31255188454924
-0.494238122579176,1.2938212974936,0.0673316530107985,-1.89207151620167,-0.856335603561551,-0.424719725057805,-0.0936907635827564,-1.86969723745513
0.124490157585335,1.34422524162965,-0.287897263727255,0.31622849947224,-1.6624892358248,-0.0681055832342979,-2.07763154883289,-1.00519599231061
-0.509299735455496,1.37510368315308,-1.93287474734948,-1.46946374138899,-1.45609081635497,1.57825712547339,-0.064436953170015,-1.13446600085364
-0.0772667971121608,1.38687014462371,0.755151925609974,0.216436498139453,-1.16052641621625,-1.10838432240062,-1.52567785863873,-1.33590184705419
-0.792613142264158,1.38059701350222,0.805090821945466,0.631514148947354,-0.503732115690048,-1.15693799365066,-1.72429725921657,-1.88379024667779
1.46189385927813,1.35787487380015,-1.30144083468813,-0.404879770886312,-2.7704085437215,0.950978888068388,-0.484119829801553,0.504028949682117
-1.22771685456821,1.32064899283083,0.180195767395713,-0.431461353416124,-3.61409008854652,-0.529272488929998,-0.269869063455355,1.47836636513648
-0.977642681209529,1.2710544114636,0.381636277432579,-0.72369283038176,-1.79917079411724,-0.729327773881411,0.1915552079208,-0.199159192555497
0.6305971814161,1.21126710715001,0.0733712987188799,-1.70101383995591,-0.534804388427572,-0.419677570082258,1.31825953497273,-1.32210186241926
1.16538095521843,1.14338386422313,-0.234208148489414,0.438920425971641,0.51909263325818,-0.110712897788511,-0.692519988525158,-2.23308768319648
-0.0741061895629622,1.06933399803911,-1.71408906839455,0.379232613555804,-1.1128728773722,1.37055324720208,-0.52357022141743,-0.459026138517688
-1.09182260836887,0.990825555344947,-1.05221311578898,-1.42964972369842,-0.565942592258619,0.710062519681963,1.37559718318412,-0.866689739702858
0.0537035096744579,0.909320313484037,1.34823727713175,0.674106132631353,-0.205719306956388,-1.68900264815331,-0.655526784061031,-1.09217603103008
-1.89420456758804,0.82603207187021,0.947113324136626,-0.934650040795164,0.576960844508166,-1.28649347007274,1.00978407889591,-1.74603021818905
-0.768623044226695,0.741940910607898,-0.743477127650666,-0.602923679197016,0.509389702376364,0.405482206800008,0.72023147032665,-1.55661682922789
-0.417682293299316,0.657818331986613,-2.0564874152448,0.0226594612481626,-0.771154399772883,1.7198777194796,0.124154019706396,-0.162000974333804
0.570527364295584,0.57425688313858,-1.30153351333246,0.318241225683173,0.0270141809498825,0.96630904265271,-0.152938144319393,-0.854398914393114
0.752919873904355,0.491701002429602,-0.557403660013119,1.12118383930359,-2.66319229181653,0.223564414418822,-0.946869727106353,1.93296859224081
-2.34794086190941,0.41047636014967,-0.230314040947153,0.210404008912869,-2.44322588797452,-0.10213997956169,-0.0351679663126031,1.80143181486961
-0.907150312899099,0.330816165682471,1.47499733569544,0.840919509566875,-1.97609251790228,-1.80606613111883,-0.671626921875176,1.41402678779314
-0.669763555646928,0.252883635770983,-0.0232274279143876,0.475468804250275,-0.177734098024546,-0.306456142423549,-0.31793245928371,-0.313155213099728
-0.929776554335799,0.17679066873154,-2.33914963802771,-0.264805110629237,-1.59989817663873,2.01085129277523,0.405656273388203,1.171872399977
0.313461959128394,0.10261287149011,-1.30875941159962,-1.17550768407894,-1.18437895531638,0.981846291432594,1.29546804382006,0.811206241776995
0.189846145109221,0.0304012947256895,-0.028013362052331,-1.83214967142865,-0.763888664569646,-0.297514533029244,1.9275885124143,0.437901621659843
1.75053582794777,-0.0398084990928011,-1.86382704206947,1.0953621693171,-1.71162653783467,1.53968437207335,-1.02763543773342,1.42552250188101
0.895626301682976,-0.107989531427229,-0.927612839908225,-0.830697120150248,-1.29094735407045,0.604855394997556,0.867840708534702,1.03779426031642
0.126913638430851,-0.174118182280345,-0.523985155312121,-2.05285161552093,-0.142347737766084,0.202612935486905,2.05675401313758,-0.0844227602330827
0.93459059848283,-0.238170209502996,1.20753291294484,0.488120552727068,1.63796205324017,-1.5275199076846,-0.519997754128215,-1.84457152013309
1.15335079258903,-0.300117651956311,0.599754787443441,-0.389005742474913,0.99192798639652,-0.918356557097749,0.318848964786456,-1.18427589095319
-0.122252872203954,-0.359926321591798,-0.096324744029886,0.206329006453218,1.31531723106993,-0.220891800538969,-0.31729721537815,-1.49901140051583
-0.295739801613337,-0.417553649715567,0.0120436035319836,1.39876535942229,-0.476057683153104,-0.327874923015385,-1.55316940819147,0.29566649027409
-0.73785000230113,-0.472946702862266,-0.0203082969291911,-1.36612938526278,-0.549748008256824,-0.294137797468757,1.16552028135058,0.367528769879491
0.906768436545686,-0.526040224434903,-1.17746739954459,-0.326862594369012,-1.75935908668323,0.864406530232095,0.0770894932330084,1.57036153323782
-1.1977458350427,-0.576754590319495,-1.08334657307878,-1.50228401022057,-0.943791653235119,0.77167092885174,1.20015973348643,0.743206524456603
0.445123170152248,-0.624993591204572,0.0753562926094216,-1.21223673768563,-1.35684164447119,-0.385646711751008,0.854313052743006,1.13996090691919
0.233072478727802,-0.670641973398238,-1.14073678219106,-0.867825522882046,0.0612252978334717,0.831831588134928,0.450365532181908,-0.299047685932817
2.35232533391004,-0.713562685323219,-1.25396324413992,-0.305036510608306,-0.723224795585731,0.946443275169242,-0.176007971968634,0.459838511817831
0.656255429025767,-0.753593790639317,0.107158956367672,-0.211931635737111,-1.09533666732393,-0.413293700252898,-0.337074375020752,0.801751322743006
0.547721177904195,-0.790545023289534,-1.30280646435109,-0.565324323604627,0.397759459690013,0.998056945551313,-0.056361196211431,-0.726226766398721
0.0993178602533347,-0.824193976890276,0.0533691015091161,-1.34776301273121,0.755011238565077,-0.356733395223436,0.648333212515007,-1.12312361403409
-1.34437371176918,-0.854281942631962,-0.477736102750644,-0.782291901286283,-0.632963571105116,0.175757034121778,-0.000292149345257342,0.220333203326215
-0.089182379992905,-0.880509449755374,-0.0509152002268357,-1.18933684748618,-0.821107990100504,-0.249678643316577,0.317854066471257,0.358950741230683
-1.60286084783953,-0.902531589533066,-0.620467500934266,-1.03971993079407,0.363916438390257,0.321258882476307,0.0732814292712928,-0.880767339587623
0.515751746675671,-0.91995327481187,-0.661595055892612,-1.14395002114406,-0.636200634151483,0.363771662520107,0.0762224116635547,0.0593147072898913
-0.476724571977531,-0.932324676548607,1.08895309380599,-1.37468503064721,-1.97339096535194,-1.38539126209304,0.199112195349838,1.33094371305858
1.08416172101826,-0.939137165420115,0.628932918252982,-0.509248877249762,0.762869844761719,-0.92398586145458,-0.780872724297037,-1.47659210144929
-0.919077787181523,-0.939820272934665,-0.400350706569088,-0.820702278857086,-0.490517133797949,0.106682988452943,-0.590717112805059,-0.300373878591815
1.91301090763744,-0.93374031156258,-0.095777574480975,-0.146005183311442,1.25968200059975,-0.196504918549716,-1.3933725103361,-2.1337963153371
-0.475766534697361,-0.92020150436725,-1.5876994467463,1.09603575814446,-0.825172748954146,1.29680217880106,-2.76977182425696,-0.138346379834173
0.202237442427974,-0.898450792556341,0.798632453779283,-0.623908216653223,0.830532204717155,-1.08814449663907,-1.19010965460348,-1.88971318855865
-0.341041379825229,-0.86768770607712,-0.615829517786258,-0.192173170711401,0.999265325673336,0.327702700011928,-1.76730682693713,-2.16036825677466
0.654086014996256,-0.827080953068034,0.0798880126441349,-1.35671787357143,0.244685194801827,-0.366629605333012,-0.752339747538853,-1.51387602032474
-0.413943775445718,-0.775793613631543,-0.876148166795647,-1.33631060771545,-0.703983024571541,0.590791799192223,-0.924995426094578,-0.679241824352473
0.206515018271976,-0.713018910122445,-0.740526239694007,0.146667386991067,-0.355950746096795,0.456555097176036,-2.56101043212233,-1.14687673455689
1.65709313586633,-0.638028383973845,-1.49731654583904,-1.69115412342208,-0.436788235215492,1.21473062840652,-0.874643205577491,-1.19064035963683
-0.922323548264105,-0.550233799393529,-0.028666480940264,-1.06229351904898,0.0533654687704448,-0.2525342114068,-1.65047676650903,-1.80959445826155
-1.66472108441517,-0.449263052655732,1.41031107536184,-0.0801644390345582,-1.18137213888808,-1.69012654262345,-2.7716568855359,-0.706792328974872
-1.81701200887463,-0.335048639136887,-0.575593421354764,-0.0413146190054383,-0.577046506632961,0.297163179178608,-2.93767395638724,-1.44482706996557
1.52741878439326,-0.207924722752857,0.819752658487017,-1.966092628574,-1.36553834962753,-1.09679767557772,-1.1237656405707,-0.790134827190148
1.05961131781121,-0.0687256100364365,0.729309499223308,-0.725439640828096,1.20553111236258,-1.00496929122856,-2.45425592768508,-3.49307815744367
0.110566546446104,0.0811252591410887,-2.12028467822511,-0.74371401250059,-1.53485149151886,1.84601011130531,-2.49993243696429,-0.880301943163281
-0.945638371594518,0.239550208664421,-1.26117908785918,-0.649728492716247,-1.60683030894915,0.98828974602484,-2.6272849766351,-0.929027352113209
-0.153868660273443,0.403792870697795,1.18635473986228,-4.11669558851578,-1.50941738896943,-1.45785885661117,0.841098111786745,-1.13737756072514
0.343518799068212,0.570451079793378,-0.132727901883889,-1.93702598105996,-0.0340505376471061,-0.137390989779546,-1.29905712894964,-2.71091614339352
0.631114349423636,0.735580129789044,-0.710025532533731,-0.88984230956247,-2.33324055555467,0.441291865955749,-2.26658800329327,-0.494129078701114
-0.257630619338951,0.89487139234726,-0.0830845134763234,-0.04475412774063,-1.94848400115553,-0.184263928016205,-2.99146650702562,-0.942669034359625
-0.627955526969318,1.04389935717359,-0.687675189521325,-3.25409622845829,-1.43389350985914,0.42171197311425,0.377195844673412,-1.49989924707611
-1.33118933524908,1.17841617958803,-0.822107775188583,-2.75199367770258,-1.19934655770384,0.557529783866962,0.0701266043038089,-1.75392036652246
1.10732693035688,1.29466008751294,-0.709909679283585,-0.302969579258112,-2.50192628314382,0.446716913047418,-2.15339367260754,-0.446287495650092
1.22010318067871,1.38963637809867,0.958444424589996,-0.455885650059378,-2.24979980929275,-1.22025196574071,-1.75128547737688,-0.668252313437362
0.297718796169915,1.46133033220026,-0.184047032537184,-1.04360814575659,-4.08528749562597,-0.0763752835280763,-0.898528374467932,1.22223974872266
-0.168857013458534,1.50882113952573,-0.572636479405195,-0.234373048100122,-1.09587576064624,0.313599388425387,-1.43520966790976,-1.68843995294802
1.38537718016078,1.53228292591574,1.0053415591656,-1.55531426750078,-1.30941984532179,-1.26299342505996,0.157619399025497,-1.37433723200069
-0.240138273578894,1.53287885327851,-1.69952356357913,-0.662288502793006,-0.819925938470476,1.44325692277023,-0.471669619228648,-1.74401179250136
0.760839135278171,1.51257178332146,0.121756228862084,-1.34259138943647,-2.12441693476239,-0.37663764458553,0.457873874395268,-0.303507644278662
-0.71101667357226,1.47388594137586,2.45979019642202,0.520922753294783,0.319607155178836,-2.71328638706001,-1.17582296761433,-2.59870582668683
0.818697105008903,1.41965656269693,-0.118747011360619,-0.356880644529208,-1.47372854621621,-0.13336395419192,-0.0910283568066467,-0.647237139531737
0.575521182603167,1.3527994889046,0.345822349039029,1.85875834595557,-1.2630141800972,-0.596548089506115,-2.12442663893926,-0.693967408029393
1.33745341688507,1.27612276003205,-0.632658818949376,-0.686715864701093,-0.115065460152922,0.383318303567744,0.577929667948616,-1.67534101432416
-1.14335527108118,1.19219150182786,0.38017457553094,-0.87945749856197,-1.28425963016111,-0.628129865827119,0.902671471996667,-0.339934683749205
0.94881813991863,1.103245171679,-0.381635268251743,1.06121571863434,-1.02756494436518,0.135065203041017,-0.929585192791826,-0.433354255478303
-1.35933932749135,1.01116288271522,-0.120665039921778,1.60980324592896,-0.473981848322284,-0.124519800203494,-1.39147742358439,-0.828755983688017
0.723757183361986,0.917464744239837,-1.67131614245577,-0.956629328075772,-1.04507558534152,1.42751652741595,1.24212536630869,-0.106305836724255
0.0153554426996619,0.823338415675369,-1.15745076665616,-1.92471116141057,0.0717684846758317,0.915036376701793,2.26019207330944,-1.07993961805064
-1.59892566743705,0.72968020949048,1.25324864725288,-1.09443280818081,-0.576508846044163,-1.49427781212179,1.46505001307091,-0.297541216478498
0.0940330423103964,0.637142239656092,-0.909746043271162,0.132461557260042,-0.280778742416429,0.670102103487704,0.260670685500099,-0.468846686191242
0.0560404685984442,0.546180487852098,-1.89207318036143,0.348047746856761,1.32812673459184,1.65381446566342,0.0570302361915662,-1.96334381255364
0.22071012337069,0.457097817340114,-1.04946162752654,0.31955254361162,0.793752168299408,0.812588137913994,0.0887363112932842,-1.32465729887393
0.431108891107581,0.370082242650436,0.300623325229845,1.17860470803332,-0.248236244107873,-0.536111589756942,-0.774239602902703,-0.188341463189128
0.673341182250357,0.285238444504964,0.0452723594734891,0.348180621652308,-1.93739916953599,-0.279375398915133,0.0464912307557184,1.58542452908231
-1.37100866201654,0.202612846550322,-0.820029667658605,0.134884469712314,-0.638562514519412,0.587311853302415,0.245464134377048,0.361836293595815
-0.48111114319547,0.122212947425388,0.733317207784816,0.414571337008277,-1.63556368927926,-0.964649797055552,-0.0522458353297086,1.42517656755736
-0.0995947514426116,0.0440218047531315,0.495861039751103,0.294563898339657,-0.214070642422019,-0.725808403936386,0.0467791510347808,0.0616056625571922
0.326139702560026,-0.0319914850583715,0.342857930853769,-1.18249212383687,0.134876323726655,-0.571420069953598,1.50046557162072,-0.237320443598434
1.4582968466071,-0.105864376318657,-0.552276137228914,-0.238921538067245,-0.0946392501108644,0.325099223214538,0.531563171001413,0.0348345568635465
-0.253124444023037,-0.177635788412733,-0.44698411924116,-0.6370165890925,2.17525573203566,0.221192430312238,0.902661876714295,-2.19929351272389
-0.89907139408893,-0.247342697362279,-0.117802889361679,-0.365248855306758,-0.906061961184979,-0.10660357448179,0.602421918079934,0.911404940257366
-2.26718199932921,-0.315017897478964,-0.277738703851106,1.9583599631436,-0.445229306036577,0.05471746509309,-1.75103910298915,0.474022042877424
-2.02483484847292,-0.380688534735016,-0.801539884459199,2.48384958507923,-0.53350884819928,0.579903870786637,-2.30774356652239,0.580238069934307
-0.0733726476987702,-0.444375108332486,1.52061400246272,-2.09434228917366,1.79795893201397,-1.74086479104983,2.23782170125908,-1.738430385686
-0.813835128308797,-0.506090718965446,0.0967779159392868,0.604291368966288,-1.37948225895414,-0.315643479440942,-0.49495578834702,1.44700485191237
-1.05925491366941,-0.56584040037959,1.19174921164093,0.188001530136749,0.127985933596204,-1.40922955005713,-0.114480485460369,-0.0569882932065346
0.0895321368137448,-0.623620415943206,-0.187180493721263,1.41472441952845,1.04539685811262,-0.0289146196094853,-1.37888342805959,-0.975202934370168
1.52356944291756,-0.679417433268328,-1.12045307683851,-1.65342283978473,0.0932750020924398,0.905743188593214,1.64948737272522,-0.027969129116904
-0.327923758175085,-0.733207510688422,-0.249040090270667,-0.486775628262478,0.0856733923898995,0.0357154271108261,0.440704367225873,-0.0291905655584466
0.262353580215606,-0.784954842309603,0.763232621108051,-0.446268042258519,0.626393480021303,-0.975172059182439,0.355409695323455,-0.582563426380157
-1.2336067294691,-0.834610214931501,0.0438325862164261,-0.76829133358693,-0.247250428138456,-0.25438679920536,0.629675829261724,0.274660381264467
0.633292592665965,-0.882109132413008,1.24625098087115,0.0903533767877954,-0.927566609773313,-1.45541996877463,-0.280040114798122,0.934809955554729
0.390100643928885,-0.927369562348023,-0.776823627318311,-0.0870739389120781,0.523984580342233,0.569039864500284,-0.157366134091558,-0.54067379281457
-1.53310840390131,-0.97028925740795,0.554265102182361,0.399793837468052,-0.218878728190923,-0.760663639914934,-0.703060356681705,0.174432605847186
-0.0181288259735284,-1.01074260071989,0.804091161501222,-0.547171843811379,-0.499377558311616,-1.00910447414834,0.18059288088439,0.423254113436647
0.512503346145437,-1.04857692229631,-0.0581018347473892,-1.34226852859501,-0.522510370624399,-0.145526252814277,0.907457815334397,0.410656777487959
0.343222853625254,-1.08360823335712,-0.293617340204301,1.61180108568832,1.23318465925661,0.0913744777280883,-2.12021447598138,-1.38498861853157
0.366713171782402,-1.11561632923461,-1.33803069175252,-0.40343906560942,0.437901054827775,1.13717305436176,-0.184414720212949,-0.634076447677301
0.473253781124732,-1.14433922186898,-0.370280998017046,0.0144177228189912,1.31974091445379,0.170808585711739,-0.688026978619368,-1.56494132521526
-1.81887617843739,-1.16946688305558,-1.11557330591991,-0.034630027945776,-0.393653561032538,0.917486118700061,-0.731531085330468,0.0945125825376846
-0.766079976875808,-1.19063431402668,0.471091043680528,-0.937415368377554,0.61986141411523,-0.667793005814927,0.0714299867825087,-0.978147068822346
0.903221192762587,-1.20741401157491,-1.48862074582847,-1.61887961667116,-0.16524784339608,1.29330400877953,0.645339476578447,-0.257697992002397
-1.48497883968988,-1.21930798341446,-0.585841092711153,-1.06831756971883,-0.134657918537178,0.391909580747661,-0.0209309823454871,-0.358792850322513
-0.162931402017925,-1.22573958544125,1.37566774482305,-0.932218874183428,-0.941383981208376,-1.56821403170109,-0.281257641345607,0.371243043304374
0.346984954862751,-1.22604562257241,-2.34594195949991,-1.24529222308298,-1.34405022719141,2.15478089770733,-0.101211513466854,0.690690904575539
-0.518508406304728,-1.21946938594484,1.3882255035142,-2.59562681353566,-0.835036739461421,-1.57800134022134,1.10713989456505,0.0915967715131045
-2.9713226755603,-1.2051556056351,-1.71094170453473,-0.175350703014053,-1.17844824733852,1.52255109291305,-1.46406303235196,0.337755054916272
-1.24410200651726,-1.18214869038054,-0.254918124319754,-1.6917221230794,-0.954387796192349,0.0679127377835301,-0.10732423193262,0.00900109784957154
1.84345600867862,-1.14939610727974,-1.4477125826025,-0.373071639555211,-0.740836682869497,1.26209242115173,-1.59378200666763,-0.316885116014735
-1.36097578936856,-1.10575931303296,0.136642227885986,-0.948629414728602,-2.0533978689126,-0.320877164251303,-1.19330244964353,0.875593877577494
0.113330685987816,-1.05003524459595,1.40302472706727,-1.37459232930386,-0.699438256103392,-1.58587443834714,-0.94832250720473,-0.606168962983937
0.741105050531308,-0.980991928280038,0.0484051416711279,-2.20643050462438,0.282561401812459,-0.229869627865538,-0.30144602795374,-1.72349283369129
-0.222510671072749,-0.897422126321941,-0.814939380539357,-2.43717639774178,0.348071985523575,0.6348601194304,-0.25705523979282,-1.93142552759175
1.70854682221044,-0.79821888059042,1.59727427494698,-1.8122008706625,-0.339042519628029,-1.77596831097049,-1.06644253686401,-1.39313014084621
1.37597724822873,-0.682476014567061,1.33299832283271,-1.48228118525025,-0.529218476554837,-1.51030713377076,-1.57467145733088,-1.35713317370368
-0.275315952135105,-0.54961472140619,-0.976280928454449,-0.527316577514802,-1.80796807417895,0.800357342601853,-2.69683009126114,-0.236490530073599
0.894795199006199,-0.399533890742749,0.131001036622896,-0.178668995911227,-2.71700674785641,-0.305539397390039,-3.19572295505551,0.512392943138315
-0.534714215854174,-0.232776530444784,-0.20174125993855,-0.886597597210152,-0.866548863856611,0.0285881242568608,-2.61455928775853,-1.4979010542934
-0.556801536698933,-0.050697598101553,-0.126586487732912,-2.47130454721208,-0.934717084676878,-0.0451814228633235,-1.12614578046292,-1.58637820007861
1.1239440076477,0.144389500439894,-0.254104106690481,-3.47611807286503,-2.69643964561394,0.083721421179699,-0.180075925510436,0.0252480118551757
1.426202070527,0.349117907421175,-1.94006693179517,-2.33990576240652,-0.970346236016919,1.77106947136984,-1.33082504170376,-1.84061139612149
-0.457669788353649,0.559058102089974,0.733483767402881,-1.29118681909286,-1.57344834909915,-0.901096002742757,-2.34425886584236,-1.36285914980891
-0.746553220563071,0.76882638528735,2.19360805523254,-1.9977535753531,-2.45821678883477,-2.35983506548697,-1.54868944400669,-0.584811998263325
0.999618550728944,0.97233122127277,-0.086360153171687,-1.10936324854135,-2.50364291468252,-0.0784816319972813,-2.29282816156588,-0.623372266554444
1.360492449369,1.16315570943605,-0.588371081606498,-1.05466272592462,0.016869920769385,0.424914521522983,-2.14936044706922,-3.20140946519316
-1.87109064038318,1.33504520980464,0.639359210973168,-2.0159802418875,-1.42447512069796,-0.801430545971229,-0.940393677000279,-1.78806627805918
1.92244123030015,1.48243946316556,-0.0955217564609779,-2.90589139358361,-1.97710322369178,-0.0651643534516297,0.239215648807111,-1.23179119263832
-0.713665391878236,1.60096805471143,0.489712323633453,-1.57401770607431,-2.33287615781473,-0.649013208460607,-0.770857731034396,-0.839740258997974
-0.56030857208186,1.68782556823212,1.30152139399956,-0.29520263677835,-1.695729013377,-1.45943705374126,-1.70742203042812,-1.40825991469328
-0.539513420236257,1.74196196209639,0.918579715803561,0.628595563027783,-1.23676185280779,-1.07511015045981,-2.28085648803935,-1.76780376533695
0.682100762776758,1.7640605158304,0.918775389455813,-0.702924206917225,-3.29141647953295,-1.07392059902661,-0.602818663896002,0.414350067027889
-0.0519902815834233,1.75631926416414,0.57451280635069,-1.39134834388156,-0.502091494410975,-0.728272790836029,0.417641041080105,-2.22308107993058
0.400738825407686,1.72208885035482,-1.20963196842858,0.338008022493379,-1.05449529999143,1.05725720902869,-1.0027854473459,-1.49875749325873
0.348809593945584,1.6654400507649,-0.371415530715708,-0.644799671761905,-1.30311351914065,0.220425996401275,0.25961126257083,-1.0629445390481
0.523032229319792,1.59073469811488,-0.188011364647636,-0.528414995008722,-1.08977309547772,0.0384070554186563,0.389688209237,-1.07864982951158
0.627248642904704,1.5022568670561,-1.35133970879909,0.319774627655596,-1.34902813698504,1.20312062465556,-0.246700918128829,-0.615974591722685
1.23971892920182,1.40393925103702,-0.209700049246263,-0.332335685590479,-1.16758056333888,0.0628661901881905,0.582897683526589,-0.592487447265621
0.451221830826173,1.29919318046739,-1.48741463743776,0.902213752961125,-1.16473041407293,1.34196600346514,-0.506692997339286,-0.392632693055064
1.623483355584,1.19083192244639,0.027591868894606,2.19773743778419,-0.203688892354509,-0.171655277781771,-1.68702687007391,-1.15633798979346
0.497875239104539,1.08106857176594,0.461712432897846,-0.932241199570817,-0.338543695142528,-0.604390616699559,1.53170174238616,-0.832024637612554
1.64061342688126,0.971564943402804,-0.9626091096048,0.769305564315347,-0.143653504846926,0.821316150888541,-0.103971158707121,-0.847231514201143
-0.488981348853769,0.863506784633206,-0.0979403728308693,0.0637994057398097,-0.94853150616006,-0.0419673607999353,0.648078488011446,0.126221614896589
-2.09174947538695,0.757691222930724,-0.956453500067088,-0.843285381697112,-0.245920763644846,0.817930991521736,1.58573096488643,-0.419756542718172
-0.346256692324762,0.654612420264441,1.20806659703096,0.0887320326619254,-0.0919994779452866,-1.34520388049086,0.67136206961959,-0.429397877126804
-0.819140437374678,0.55453864145815,-0.645345353749839,0.693290999131761,0.810087642543615,0.509593295375394,0.0742362549597497,-1.19961935646023
0.855938153615643,0.457577056811683,-0.874970612209809,0.340697744716395,0.488921632258044,0.740603778920818,0.426381395008228,-0.758787442572241
-1.72904134380998,0.363725713921102,-0.979573290636885,0.778534845507063,-0.614968564386874,0.846591682433347,-0.0178129408797942,0.452993963434384
-0.417080887479426,0.272913178797891,-0.310232142729601,0.908901478314832,-1.86783557719709,0.178635759611517,-0.158810864145016,1.80255527002787
-0.618349284847865,0.185027636014299,1.53381839844515,-0.549086325333003,1.52844830621491,-1.66402955647778,1.28560251984929,-1.50754967821498
-1.54477181834306,0.0999372739629903,-0.229491158596859,0.410492310616848,-0.329039058450686,0.100665225649683,0.310569982688025,0.426346017283091
-0.430371268891919,0.0175040194918759,-0.999627993264885,2.02497612972391,-1.06839817725061,0.872187285403162,-1.32041389189102,1.23311813841721
0.297149992851046,-0.062407829988293,0.59995603498869,2.23648665350315,-0.125297362867477,-0.72601151776496,-1.54883222832481,0.349215079694989
-0.000563035522452598,-0.139926595360545,0.225750363293051,-0.374278023203336,0.159188132819299,-0.350420620983867,1.04509278534969,0.11647737480226
-0.935987292260776,-0.215170712809446,-0.193800051793374,-0.94938478999824,0.268790364889158,0.070515019188011,1.60377040645694,0.051909026263887
0.0379027447958608,-0.288247882409622,-1.62653039770042,0.0518203274390669,-0.571545665106928,1.50463059018051,0.586780800411376,0.9312617061645
-0.571113164025021,-0.35925524366208,-0.182205078902104,-0.291742608283074,-0.312165183991884,0.0616904964676478,0.91535155983883,0.705531272684643
1.38761781100885,-0.428280135151347,1.05406433178851,0.182150871224445,0.558723034471348,-1.17319368913751,0.427337794157825,-0.136472788613233
0.696877369906549,-0.495401138089786,1.21550830048419,-0.340423601239237,-0.676921455949651,-1.33325243274773,0.936690741436374,1.12383906126179
0.378844441308832,-0.560689209152595,1.23449965364846,0.846716216729449,1.23299218232835,-1.35085856082655,-0.262785011035805,-0.765126577391715
1.15924552079757,-0.624208783880519,-1.12043249166523,0.436839055992254,0.64548308532595,1.00545880957259,0.135598892210203,-0.159941862330824
0.480389383466496,-0.68601878479044,0.70449348999774,-0.390393510325732,0.802092672416218,-0.818081947004928,0.952116472924651,-0.301749620490098
-1.34820891550212,-0.746173503438112,1.66810598105099,1.04978462520196,0.354182838946775,-1.78030921297272,-0.498077767082784,0.158441124490609
-0.613212515058896,-0.80472334803245,-0.509268631913537,0.248733220616006,1.18279756654998,0.398450625077256,0.29356706921574,-0.660103430448336
0.062852096130971,-0.861715461473103,0.64704706110443,1.93337099048848,-0.14972001295375,-0.756479842855257,-1.39996323294398,0.680544279121281
0.451117908242547,-0.917194221757738,0.410405482395197,1.20391622874476,0.863322798798784,-0.518453039060571,-0.678985844610076,-0.326073975347831
-0.617866953862881,-0.971201639729146,-1.27430611620109,2.06303681569367,1.02621631544353,1.16764378462117,-1.54626895928434,-0.484047066785664
-2.54240830720269,-1.02377766961353,-0.342091408718444,-0.644776647534954,0.998622871525842,0.236814302223977,1.15359633221891,-0.452865855037363
-0.622250648276799,-1.07496044680773,-1.60692388014285,1.31175501545279,2.1162945583547,1.50303199873384,-0.810769102875815,-1.56813804687809
0.405645967964016,-1.12478646560603,0.0712128259429502,-0.429186555593802,0.877493632050669,-0.17371948226651,0.922353941837283,-0.328005950573522
0.0732130163153789,-1.17329070746957,0.879844521363582,-0.491093115224577,1.43223445415186,-0.980965952601688,0.976358787716882,-0.882386006480206
-1.50915423378792,-1.22050672830448,-1.160076122376,0.966146204581214,-0.451452102847079,1.06033991622335,-0.488963506738435,1.00076896346529
-1.67003283024781,-1.26646671117242,1.07306951545188,1.51910139694129,0.0438042888024034,-1.17142049651908,-1.05028123147616,0.504148710963278
-0.04187730430289,-1.3112014889779,2.49220199745799,-0.535246864418927,1.63864052317348,-2.58916775343973,0.995325658352155,-1.09283990368793
-0.134820098831839,-1.35474053996721,0.668140943890365,-0.665553260163094,-0.137887769272377,-0.763721474786657,1.11641067075835,0.680776317754352
-1.11936635173626,-1.39711195731749,1.46614978706693,0.57599062462605,-0.0623094940563038,-1.56034509287777,-0.134938701694664,0.60154134583885
1.28620553851115,-1.43834239264723,0.332630175008074,-0.54201615014861,0.190356738379647,-0.425440255733459,0.972570333455453,0.344476027320268
1.08574160576843,-1.47845697189116,-0.932458187489205,-1.33691836665669,2.38034962520532,0.841033331849273,1.75616912250212,-1.85066820875891
1.53778870305902,-1.51747918059446,-1.31599440083985,1.81368575610439,1.64178547707619,1.22595477028537,-1.40666416754448,-1.11802914438646
0.29524973902853,-1.55543071422789,-0.709101029888571,1.16018670183191,-0.500741568982858,0.620446624419546,-0.766448112612567,1.01776633041704
-0.35100902854595,-1.5923312875409,1.30271979074654,-0.975457450875313,1.50308690677385,-1.38998897113011,1.35472155044675,-0.993644111436031
0.601343797493924,-1.62819839517628,0.0446074625351338,-0.158614698909873,-0.653495278648734,-0.130491417833252,0.522063958271874,1.15445059669548
-0.900610124108514,-1.66304701368873,1.01809505466384,-1.55646529015548,0.97539626886299,-1.1025937848765,1.90259753917972,-0.483900496426624
-2.16654029508493,-1.69688923264293,0.445052714130023,1.83428894682493,0.635617370366992,-0.528166219257234,-1.50715254891497,-0.154631615492544
-0.415979000379871,-1.72973379916401,0.480637512241739,-0.240602502035118,0.607654211789812,-0.562365792283496,0.546870645152014,-0.138319775151425
-0.0238846772133648,-1.76158555768409,-1.38061130169182,-0.146635886914336,-0.133274149350308,1.30026824673552,0.429950710656893,0.589711960703477
1.32273965837484,-1.79244476294008,0.133878558613291,-0.609859404531561,-0.425162304005654,-0.212836388484141,0.867901702796354,0.867340075632729
0.513894496057833,-1.82230623421749,-0.354247139188221,0.0873415683572533,-0.338486346341288,0.276674534402824,0.142850796074108,0.764907348879888
-0.0641937148376302,-1.85115831815527,1.26036494889215,-1.08598409049289,-0.253529350752121,-1.33655232859209,1.28546406248497,0.66254704253692
2.00092361921416,-1.8789816183117,-1.07095803491795,2.01888175215029,2.28632873623065,0.996155880303464,-1.85329153071878,-1.89652868238479
-0.270926018021161,-1.90574744353037,-0.821741810189585,-0.777227473955183,0.993674595060731,0.748324880660549,0.905402622319786,-0.625093932511768
0.556547834106191,-1.93141589032667,0.571681523955462,-0.45564466554385,-0.839881243668701,-0.643713228399045,0.542494951361236,1.18503181831112
2.80208850052128,-1.95593351456944,0.150564309691663,0.446250777700489,0.00805394482901919,-0.221210789049792,-0.405059731658543,0.311223316943803
-1.07326747690157,-1.97923048429681,-0.205272083618275,0.0412683957271725,-0.750802555098032,0.1360108293456,-0.0505394404524041,1.04150489860462
1.24522820018783,-2.00121709473224,2.28459464222901,0.220479047680736,0.369381571594321,-2.35247067141623,-0.285531245192553,-0.110242451248387
0.814867590700746,-2.02177951701898,0.580260573286903,0.184715751055181,1.8674436309541,-0.646751377388671,-0.31143593626912,-1.64317370239828
0.44661888715943,-2.04077462409352,0.124072234817106,-0.136721075402531,1.28419269678355,-0.189177813833421,-0.0581768994950964,-1.09844935063375
-1.04920944929943,-2.05802370348489,0.0662701992401799,0.297648418094689,-0.928536370741092,-0.129990553171042,-0.567915350249848,1.07170766571302
-0.374261173624125,-2.07330483919437,-0.643367540926965,-0.473866885113364,0.933375926955875,0.581032412081557,0.120297627410802,-0.837249814385583
1.04863678898868,-2.08634371479199,-2.86127223807062,-0.572209001959296,-1.18639878046307,2.80032233431066,0.126599824542447,1.23053648439352
-0.661450360072686,-2.0968025624747,-0.267311039118866,-1.38058807071686,-0.0396456930064896,0.207746360444365,0.833335848490245,0.0263366267851386
1.52117656281593,-2.10426696443393,0.350213001677528,-1.25275266076874,0.840292011831317,-0.408392455266575,0.59333097259348,-0.917068522825078
-0.933137170303994,-2.10823021239803,-0.590625266107933,2.01994641802302,-2.04240523623704,0.533831037604339,-2.80303746239625,1.89552976966179
-0.685974552285814,-2.10807496300448,0.597318348174264,-1.04047592892657,-1.47809810659832,-0.652727351592404,0.121205289209802,1.25383270731947
-1.04712812565001,-2.10305201253436,-0.271515536967431,0.59503760370873,-0.22506580083152,0.217491758634744,-1.66402413405929,-0.0845868651521013
-0.262510209780951,-2.0922561867192,0.977787400293317,-2.13308435441215,-0.799947371806929,-1.03042595354055,0.899835758707054,0.39616126292857
1.10149613277803,-2.07459964598803,0.56868023095077,-1.82392238040807,-2.53123539087474,-0.61993355911255,0.410918050547696,2.02378649339668
-2.61551313635974,-2.04878340751454,-0.717910794679894,-1.10888050375775,0.0435314170932378,0.668042691603568,-0.500193306648556,-0.664976615618052
2.26810849088669,-2.01326866709984,0.342991703075218,-1.31238809568145,1.73987886008284,-0.39147458106609,-0.50967233354166,-2.48645871593866
1.72614440177722,-1.96625067070215,-0.637286295963882,-1.24834764677574,-0.0423997076596877,0.590188643058462,-0.803883522938084,-0.841229100065259
0.94651655931886,-1.90563955365212,1.54763445531611,-0.498137250791383,-2.1289219808229,-1.59334688313608,-1.80122256300993,1.09562449053183
-1.14455204595816,-1.82905484010365,0.762534958166221,-0.501780819654955,-0.525752147360716,-0.806862160900733,-2.06074611520285,-0.670411894703101
-0.352529978776409,-1.73384321881186,0.582262632175407,-2.90295946438332,0.0748857536602822,-0.625204609824466,0.0630868412410779,-1.44748961621094
1.51521573715804,-1.61713267114173,-0.106767371387456,-1.66991162231333,-2.08019650015001,0.06521061882385,-1.45839104603919,0.517504298230489
0.319592892576442,-1.47593960271613,-0.845032806300111,-1.22946490331418,-1.29343803438145,0.80486127882196,-2.19369287183606,-0.472644258145035
-0.545573698607461,-1.30734837694149,1.88653581889778,-1.25836580184797,-0.188695641317868,-1.92532212129048,-2.45950402785491,-1.7931628895843
-1.03889601385201,-1.10878285039222,-0.972648540928227,-1.56656949293799,-0.061703790948276,0.935247463620982,-2.43708090959679,-2.1466641481867
-0.141297222796456,-0.87838450833709,-1.33981586435045,-2.17703161523393,0.55045472798175,1.30380001212866,-2.09225265986956,-2.99349386746134
-0.0360906777422584,-0.615498143454423,0.109596333916264,-1.52671176982476,-1.0432431060698,-0.144226961052601,-2.97441965154691,-1.63896358518815
-0.911075374382,-0.321240334562688,-0.205486348939575,-3.14980872963635,-2.51348287023358,0.172240946888691,-1.53365724235825,-0.407486660169161
1.29946760990999,0.000913023345432946,0.0829387156568729,-1.28926694553661,-0.533861873071473,-0.114798892622304,-3.51001797153821,-2.61926196065731
-0.594366406185639,0.344632138298315,0.217147619076891,-2.85760070357918,-1.39281222462957,-0.247622570956868,-1.97408100853662,-1.97840726057458
0.43656143330206,0.7004881661746,0.566488811651928,-2.42803859633856,-1.87092295890554,-0.595578538446452,-2.33774197964362,-1.69586711008394
-0.367300588796168,1.05613147931852,1.30310088102199,-3.12675633994676,-2.60747643004254,-1.33080538273106,-1.46430472130967,-1.1233161643077
-0.720810052897607,1.39702969197219,-0.953223352468904,-0.99450978263525,-1.53551420573582,0.926904075845288,-3.30919546178758,-2.31874698872991
0.16585645621408,1.70779562986243,0.289075539185235,-1.00842875553085,-2.18510580272905,-0.314009590723399,-2.89995093294335,-1.74401905672768
-1.4567664492788,1.97394277271527,1.50844504802997,-2.1975029093545,-4.74205713817872,-1.53199387448268,-1.22144395151746,0.792973149196534
-0.624470109104192,2.18376583758255,-0.813576200487739,-1.3450048220766,-2.49983186420768,0.791412599120482,-1.51260853723901,-1.41056708372083
-0.0288002512687688,2.32989933240292,1.37061709416906,-0.0400506351883063,-0.0313303599625971,-1.39139547045086,-2.21249212348769,-3.78109455575845
0.810031024169849,2.4101708868089,-0.509944396725172,0.818057082374564,-0.841017269092385,0.490551245528822,-2.45240820029443,-2.81675508499251
-0.100673799082891,2.42754873020586,-2.34768603892444,-0.514603078393411,-2.70090297541894,2.32967811281355,-0.51768411366,-0.751147813241752
-0.601800799271421,2.38924697325473,1.95627572957278,-1.20549073070747,-0.175113465495409,-1.97289843059822,0.734524831826255,-3.02813693358078
0.730230987254013,2.30527995775038,-0.6416451150506,0.650227234179936,-0.0159291652492162,0.626407639110612,-0.618495571650624,-2.90496131823863
-0.758574561497917,2.18685449876766,0.280800336067509,0.199237456620876,-0.46954864421197,-0.294652586922044,0.266108818909352,-2.14555170187041
-0.13097065771327,2.0449529861605,0.0770722274733849,0.569117287452201,-1.26769425832365,-0.0895392532424665,0.257187471349977,-1.02808976695397
0.187196900523378,1.88931679230672,1.3006501131343,-1.80843172417367,-2.38366470807285,-1.31173191381793,2.92501270026369,0.411694861775646
-1.45362347753875,1.72788947821059,-0.131121533088395,0.789890927879313,-1.05587546698761,0.12142495749022,0.552135436223549,-0.595512378821447
0.0328913166904853,1.56665972101282,-0.859922750980307,2.66601250469974,-1.32664237393259,0.851611400467586,-1.15526009585776,-0.0136244819039308
-1.20670229432963,1.40978700744768,2.50468785560219,2.11655142596976,-1.48436845986731,-2.51161398102945,-0.484758124361493,0.441057888575209
2.26042848654739,1.25988553433701,-1.26122177441716,0.856820593746258,0.103580399783458,1.25568087407534,0.857320427654465,-0.867380234540723
-0.0443209232041187,1.11836554311971,-1.63335910192157,0.0278941703385391,-0.796366229081944,1.62920342666521,1.7382351667874,0.292597520405467
-1.19461118501787,0.985765203414189,0.230314880345069,1.40413298093096,0.692280514772459,-0.233085330515976,0.390981227059868,-0.956494937078248
-0.340363919538649,0.862035679615606,1.12968141359498,-0.948326476378948,1.09512660394062,-1.13106663868044,2.75567977203056,-1.14043476251887
0.520518319518933,0.746767474730748,0.150930247635814,1.27063318017872,0.201279824661193,-0.150930247635814,0.537390281058366,-0.0478719806278033
-0.538202614982936,0.639357833796235,-0.470302392809228,1.27091903720454,-2.03154232587005,0.471687617894681,0.530394007723024,2.36439134357373
0.0645456037710304,0.539127179053417,-0.565495345538784,2.32560744656665,-1.40100467472776,0.568265795709691,-0.535058985351758,1.89525002282309
-0.047630173739654,0.445395279388339,0.0600393848230773,0.718568792282386,-0.458265863589466,-0.0558837095667166,1.05976019864543,1.09729219129291
0.236946283456904,0.357527357015622,-0.315109002370413,-0.449335458537998,-0.759798087344168,0.320649902712226,2.2159909691281,1.52852900500967
1.60282119944278,0.274958854331077,0.0480597238739246,0.346707394558383,-0.208665422823223,-0.0411335984466569,1.41033865849913,1.09360466571388
1.16346616551106,0.197205966404722,-1.06074023519665,2.38315912272355,0.871621601323551,1.06905158570937,-0.632524015123836,0.117600817817836
0.260771023096549,0.123867240046751,-0.300923789403872,0.758971139852789,-0.602178037634109,0.310620365002046,0.989285657814541,1.68528488646953
-0.658164148310001,0.0546199691059701,0.920117097397735,-0.293909875953937,0.0277955785520607,-0.909035296714106,2.04442310813267,1.14025450250669
0.803135585236785,-0.0107860791638644,0.448698989216717,1.85864199207049,1.84856833541692,-0.436231963447635,-0.100812166995495,-0.603142725749533
0.974433840266429,-0.0725357617787222,-0.409898102618619,1.73158149022716,0.588552102828509,0.423750353473154,0.0389182657239978,0.727962169369736
0.313070183730884,-0.130755666536218,-0.0985175733266198,-0.385457061663838,1.24606659644388,0.113755049266608,2.17417587306631,0.136434347888042
0.805346083067421,-0.185520498001699,-0.121161586167646,0.56917107261427,0.232168116230738,0.137784287193089,1.24344148330567,1.21230664329212
-0.870565246718348,-0.236858438305679,1.04122023175165,0.576054986163488,0.988718388388068,-1.02321230564075,1.26620200749663,0.514713453904092
-1.1112864069797,-0.284755483684606,0.275597170599793,1.83383478134542,0.00949179136874656,-0.256204019403444,0.0438591577439862,1.5507878729809
1.2809753088084,-0.329158648993407,-0.778114870346702,1.44214268437783,2.29770681824418,0.798893246628505,0.476798682667029,-0.681864322773945
-0.751294619887835,-0.369978260456689,1.34648122173013,-0.127967008188697,0.773278789674365,-1.32431762036288,2.09396702433321,0.897588315899695
-1.73649558666603,-0.40708940715646,-0.185105112414885,0.928904659387037,2.50281592927998,0.208653938867595,1.089951682335,-0.776787446996347
-0.858745844419018,-0.440332750702301,-0.413807366206747,1.93683930319809,0.726267080411577,0.43874141774491,0.140642955881685,1.05566806970266
-0.67772133312362,-0.469514872781003,-0.380826740487065,0.624060384838238,0.0849999853381661,0.407146017110682,1.51777152634882,1.7541337910291
0.661298407736876,-0.494408380652286,0.0670570109942512,1.03326768120733,0.131773437223717,-0.039352509285181,1.17856790866158,1.76633940605381
-1.21463085031536,-0.514752008142075,-1.44418456537081,-0.638134570702736,1.09666678466884,1.47327429216533,2.92552546175909,0.862638379202896
-0.701437772840947,-0.530250986728676,-1.14725986719041,0.774562140080199,1.41821748076689,1.17773481907039,1.59378899572371,0.60487157749316
1.60156449293249,-0.540578004695268,-1.56012373810664,2.40546481327108,-0.1127972698681,1.59198391507207,0.0490462642836511,2.2025852958866
-0.697461541018999,-0.545375125762999,0.45357628211618,0.132926511185611,1.31233770389004,-0.420330880065296,2.412663431806,0.847331063614435
1.94976875887587,-0.544257070623353,1.21691375275817,2.12644021113647,1.73940715295395,-1.18228312562183,0.514771757600816,0.493530310229019
0.867807393998553,-0.53681648587943,0.472483587327415,0.6361832547828,0.230107284386496,-0.436467735105623,2.10470123885469,2.07962679183608
0.647417967076684,-0.522631574173184,1.04343373073501,1.97346944589929,2.32193045769382,-1.00603265342777,0.87050494568312,0.0681943982407145
1.08015087928256,-0.501276792969703,0.363381902779947,1.95180163010246,1.60013951088303,-0.324595600387248,0.997881777816385,0.873953428697202
-1.0806791327945,-0.472337270679926,-1.4687347203237,1.20298193919062,2.45806307185424,1.50890624780185,1.85404157811425,0.103464089776438
0.602640611080912,-0.435427496612049,-0.212110579624092,2.86259809393954,2.07078104126447,0.253667332187697,0.302195897174997,0.581428306022716
0.0534152690408066,-0.390214737076223,-0.479190530558556,1.64684416685897,0.920600676209789,0.522132508207615,1.62471824373416,1.82519988448434
-0.370809766207712,-0.33644741380393,-0.151307680493051,1.15718398571331,0.946584014426838,0.195634883227564,2.21846844965454,1.89524294672946
0.124125984946926,-0.273988279079846,-1.59619568137871,2.41955080075236,2.41308951227356,1.64190810919867,1.05559097541084,0.526576701213634
1.60321066997913,-0.202851655303687,-1.6083510480095,2.03847302507078,1.39763699088306,1.65544870091492,1.52940127457029,1.64089871813047
-0.491470472696815,-0.123243255584358,0.523217438855718,1.8998481332453,1.92424585352792,-0.474734560864845,1.75164226781622,1.213238315539
-1.21435082848863,-0.0356001874341096,-0.937185875532778,2.52198706188203,0.929132738493774,0.987053978609105,1.20149245557933,2.30625574974711
-0.783360161554699,0.0593722619402448,0.112701435814307,1.22418587196697,2.37677345831789,-0.0614481076525265,2.55707184572829,0.954184411985053
-1.56811346616591,0.160671417840337,0.097486855469955,1.48589004482658,1.01707226831244,-0.0448483022227216,2.33638146629307,2.405675071497
-0.534549433122128,0.266980655229574,-1.42450782988608,1.68392072213125,2.1909016025137,1.47853160821876,2.16020555026158,1.31828089320338
0.54355982264108,0.376670753408322,1.03387241999008,2.11852744554017,2.40721218024425,-0.978463416571939,1.72620661961231,1.18138465258592
-0.682276019151535,0.487823877916257,-1.31368494686491,0.801485353455328,0.137061033929152,1.3704791753685,3.02098613573167,3.52222101167891
0.936626471843439,0.598283365030194,-0.797505689045424,1.28341381619752,3.0110901759218,0.855685142634472,2.49292027270242,0.70846027864983
1.34548366850508,0.705729926241787,-0.437558038634297,2.33093574753736,1.69929214298856,0.497122717308798,1.37513496439395,2.06851500294337
-2.08117700912572,0.807781492838086,1.40796611448929,1.86065086763471,2.32767622558482,-1.34701621072934,1.75162910353349,1.47495154488697
0.402689427653115,0.902110147139267,-1.30559771552726,-0.331889559266767,2.32394977759411,1.36793284437267,3.82834203611843,1.49888669346088
0.580134400974908,0.986566139696123,-0.0020778528465336,1.03181092116026,2.82547653417805,0.0657982067773954,2.32913623907216,1.00210087151647
1.15508059836838,1.05929667449302,1.11902390582989,3.24364287290262,2.31686138695992,-1.05391832681357,-0.0347453758392822,1.49951170058266
-0.534427644594798,1.11884664415621,-0.30429704709055,1.82218722082418,2.69216834890363,0.370787851192319,1.2218654377658,1.09699510455864
0.331363927777528,1.16423015328072,1.45688715168278,1.62649156619126,1.51151130379404,-1.38901112249556,1.24407628068358,2.23480990208411
1.50396292235572,1.19496531536862,-1.14700712215671,1.31328172526797,2.8693929286181,1.21626837642938,1.37948365673405,0.819248424905482
1.95292640992099,1.21106977517977,-0.661120265015714,1.97491714331792,1.9258427929407,0.731766744373843,0.539974770711964,1.69146284278958
-0.430749974021012,1.21301968207542,0.233936368694618,1.4427695803371,0.595066001502031,-0.161904664251035,0.898127083787133,2.93875918699902
0.0949529011610137,1.20167935690065,-0.00919539328860234,0.894395519545684,1.34759729482248,0.0826123228176388,1.27985560799762,2.09236965856345
-0.087912457609214,1.17821183575522,0.560634941691399,0.0118393646461308,1.77798054059556,-0.485832787076909,2.00598401979552,1.55969008053578
1.32799066258469,1.14398146421933,0.0939939538546638,-0.324504376384431,2.66913099420742,-0.0178065741547204,2.19831614368641,0.559832216792943
-1.38464538293118,1.10045876482862,1.27242065950827,1.68063671183278,1.98167356310939,-1.19484805472287,0.0630982799517007,1.13420415956236
0.0397677151043214,1.04913630420309,-0.466024863988506,1.70570550958727,2.47991521630332,0.544982693859357,-0.077236432031936,0.520466243945694
0.706581413767614,0.991459343786248,0.601023202417182,0.934350210929819,1.71366958218162,-0.520680147460878,0.593969525744936,1.17064698440451
0.441409575678771,0.928775401503065,0.876774907617266,1.74394451418726,2.13142620026245,-0.795046627575509,-0.300828263005253,0.637929650064948
-0.149729242770565,0.862301310417311,1.41209261981106,1.05723666607036,1.34599953284839,-1.32897911468385,0.315077703962591,1.31097374019593
-0.68238026191048,0.793106163675497,0.765364473828475,2.35137925451953,1.12637176174739,-0.68086574361581,-1.03628085764875,1.42205651131916
-1.39762145500097,0.722107419310555,-0.679311536337289,0.59862126168479,1.27325248219857,0.765195491635407,0.67185390117699,1.17150986101748
0.0834569633083137,0.650076462297267,-0.00438072457718776,0.0935197253125284,1.56550206504481,0.091649904960759,1.14383562301671,0.781303173562101
-1.64784140802136,0.577650648457097,0.323343896174692,1.22284163742968,0.162589744708299,-0.234689490705667,-0.00822149669909666,2.0925988518831
-1.23458779369606,0.505348969612356,-0.605984524461267,0.903961995075146,1.3034367517908,0.696024155015746,0.297211222060656,0.866927787672509
0.998322601528954,0.433589294948863,-0.645508985549632,0.809232627583231,-0.250156951987179,0.736933841189564,0.38674619262297,2.34278434326882
-1.24736080812795,0.362705562681589,-0.276844214831752,0.0589480034826309,1.63516780774781,0.369654295557137,1.13913961618856,0.386968925214101
0.685543391804808,0.292963868541402,0.77815013040664,1.79308594631012,1.26456192182321,-0.683954824595801,-0.58643327121919,0.694378520118546
-0.525530606408608,0.224576925746042,-1.74567266637937,0.741204611643287,0.601577148273011,1.84125319727566,0.479732819401113,1.30141967964305
-1.21923608888766,0.157716635905182,0.753056533801778,-1.08026420209191,2.18352294462465,-0.656090777820032,2.32058184695151,-0.3293277741124
-0.199113947334578,0.0925247507985495,0.817713902486048,0.281173618631373,2.21280446073591,-0.719362921418848,0.983105283087534,-0.400430189511961
-0.906546116764632,0.0291216837456173,-0.338441788935459,1.96643222142044,0.555620575377644,0.438177995088112,-0.674021301960589,1.2217181215288
0.403345207542065,-0.0323860526587222,-0.819295948168372,1.33910633528897,0.072392076034232,0.920417379406479,-0.0147058682491095,1.67648084198982
0.400800014740491,-0.0918998546834472,0.156691405773232,0.453341419091404,1.23954469433784,-0.0541847494496713,0.906681253355038,0.48720848540618
-0.844886358208321,-0.149324040597046,-0.679862663012533,0.724914882340987,0.197740247200192,0.783754544421546,0.674217112872543,1.51301702659809
-1.41764859108538,-0.204561656172942,0.078366722052577,0.988335534335429,1.59188746207842,0.0269103844418903,0.453317600647292,0.108784947176166
-1.81259163923496,-0.257510878163625,0.0655813289320271,-0.526591416570266,-1.28937268731483,0.0410810026478934,2.01416350476109,2.98567407362662
0.586371117877146,-0.308061828750005,0.359792748311223,1.65588565705912,2.44758418050909,-0.251745191645849,-0.118958157033643,-0.75011696435991
0.468877562508402,-0.356093654741611,1.42302695865162,0.161568592945808,1.15538843970456,-1.31359417690079,1.42823374121753,0.548627958944558
0.225926701916872,-0.401471755298306,0.280439357416045,1.11721656595981,1.08898800051389,-0.169621350579764,0.529099241010173,0.626833006578776
-0.103428561022694,-0.444045072278756,-1.49566165349308,0.79559914618087,2.50119764154571,1.60786488541482,0.911016319083522,-0.768417926000146
-0.475597229419378,-0.48364338609298,-1.36748424238827,0.315382418909272,1.71468859139373,1.48107269939546,1.45548681099992,0.0401292873066595
-0.454646391159192,-0.520074587902967,-0.878299118817788,1.96720666128467,1.29242718359403,0.99327280091043,-0.127949479708651,0.489459552503091
1.3959260722834,-0.553121928981266,-0.629283374991338,0.309755700532698,-0.0304653260438554,0.745642282169433,1.60220712284729,1.84442710878445
-0.511434326955718,-0.582541280276727,-0.280629320844001,1.26583354149709,2.09273553348913,0.39837345310755,0.723329990208067,-0.241695220555562
-0.440150733616078,-0.60805847232008,-0.8321189319042,0.803257925698716,-0.845840879516685,0.951248289253202,1.26776192670577,2.73897901034028
0.0263216096516179,-0.629366831201811,-0.605640234425219,0.120002588525158,0.302330408871979,0.726154816859675,2.03766070070975,1.63795490647188
0.899763045015126,-0.646125082577969,0.4614366239308,0.709204757754564,0.777706947325615,-0.33953681641089,1.5399774697992,1.21481404163712
0.837576593553582,-0.657955855809623,1.23474586240509,-0.361774681352363,1.01723089527121,-1.11146082979973,2.70738032787726,1.03265606984391
-0.623506982286549,-0.664445102309977,-0.082350607209676,0.360982480875889,0.629366548782851,0.207020864900493,2.08590180959383,1.48305356538619
-0.41335971558756,-0.665142884608469,0.834367258958321,-0.163948091345311,2.60389265398619,-0.708311776182051,2.7168170172149,-0.423749431975888
0.50393100519413,-0.659565953118193,-0.187560667761555,1.48262318150364,1.38043676835205,0.315001375623279,1.18066265751899,0.872617537313148
0.611222644941691,-0.647202803031226,-0.366898272810153,1.50976299002204,-0.0966307287838468,0.49572420575733,1.26794644047194,2.42774486435165
0.168355910309985,-0.627521949477638,1.52009511225703,1.1068609513903,0.917585099145042,-1.3898839542244,1.78867134176823,1.49664673941501
0.334145407734234,-0.59998422901367,-0.464205820258046,0.864770848249559,3.31186438032797,0.59580220337613,2.15116278084696,-0.809615825991001
-0.625013399037674,-0.564060009088521,0.0990496097985582,1.49971686318809,0.626639805562768,0.0339319984049792,1.63813050467138,1.9682794292738
-0.33091130716174,-0.519252169156964,-1.07966512753889,0.784334873849441,1.92664993174877,1.21403196082788,2.47559716707944,0.765242888715656
1.33218291925054,-0.46512556965345,0.270020687723564,0.777983715961619,1.86632050586672,-0.13426862934912,2.60256162991059,0.926370784899163
0.437723312146106,-0.401343414234908,1.04185377780618,0.318233553101371,0.815538564181673,-0.904716494346282,3.17949372197114,2.08114984085473
-1.45157739976742,-0.327710372811024,0.123751717458401,0.351147479807623,0.505586204192648,0.0147707910869499,3.25804914941269,2.49750313270669
-0.798878700790501,-0.244221520838687,0.506785028499694,0.415382479864759,0.666031788203101,-0.366877294868888,3.29698403265253,2.44488106803783
1.19269544313741,-0.151115044730766,-0.460013934914416,2.6206549223303,1.67332134847266,0.601306893630675,1.18372985783363,1.54565683255707
0.100337865041587,-0.0489252958748021,0.235038667018249,-1.23923874710226,2.69781881486297,-0.0923604832165366,5.12144381704868,0.628080235484231
-2.44751314675139,0.061468738780442,2.81892507238442,1.87391678687014,1.56665785894885,-2.67486166349725,2.06877587139845,1.86343000850016
0.118643648229333,0.178805922542984,0.319290886671616,1.14567262679276,1.93959841364351,-0.173842252698997,2.83709400983088,1.59017439574759
-1.14597452990189,0.301423815887357,1.37764118465999,1.71860755539678,2.59667808480794,-1.23080732560191,2.28096810658718,1.02635238177235
-1.44793396446034,0.427265489932455,-1.73312607223777,2.80606052287279,3.24886693266411,1.88134515638129,1.18463842589436,0.45896880905314
0.707488189053317,0.553918851965377,-1.03844134420509,2.52631190946333,1.03617149502466,1.18804565343407,1.42804591971925,2.74595783900873
-0.83274714611644,0.678692401511594,-0.29310874406056,3.0014990303858,2.52680855360182,0.444098278374993,0.888118163566793,1.31709263571904
-0.227800472781699,0.798727122224909,0.939378298658397,0.64161441971539,0.477515431217404,-0.78700353925851,3.1549374995168,3.41377054268033
1.86632685573415,0.911138825123391,-0.25645471028163,1.44311858195586,1.00057073232819,0.41021469476697,2.23323399604837,2.92209351712185
-0.374466797832053,1.01317957702646,0.776458275799545,0.957691912945675,0.309557774663205,-0.621313066228751,2.57365663152725,3.62720325435395
0.163587140021088,1.10240211536385,1.70156730101916,1.63261724200068,1.75621530315342,-1.54503686636291,1.73231809518718,2.17651696615106
0.513466722796913,1.17680866388533,1.1508138016573,1.31351133994192,2.38799624214635,-0.992898141915595,1.86789438524116,1.52223376406609
-2.05452696775138,1.23496626266516,-0.0335994791558385,1.64061105280169,3.00185677767348,0.192900363982993,1.34508740509383,0.86758167866412
0.710133756521968,1.27607481452098,0.166289371779979,2.07437854869714,1.49051276349035,-0.00560326186737155,0.708712836363056,2.32056359702251
0.229311968650041,1.29998082959288,-0.738564347240524,1.59404813831906,1.91132636627934,0.900635682238586,0.984826059380794,1.82503831857724
-0.124264529799309,1.30713786542494,-0.0392116521691374,1.66251809790114,2.60419520300738,0.202668212252652,0.715519978760038,1.0427676347742
-0.360217078966042,1.29852213193138,-1.59956064267325,1.66021283041368,-0.112710794582117,1.76440242784222,0.524802061972126,3.65759086250532
0.362984125657207,1.27551710325499,1.03396295851172,0.292984254480569,1.48195283567391,-0.867735948257298,1.71050444222304,1.95041823916431
-0.195340125304284,1.23978336294548,-0.0275383781648161,1.50012396901783,1.27924968659083,0.195150613504691,0.336165728021546,2.03257608521062
-0.632378525196328,1.19312925690518,-0.670356420924542,0.733919736878226,0.570302094743606,0.839353881349871,0.951448860388564,2.61536050693664
0.94169721935603,1.13739490566047,0.873029986830555,0.882253179800412,0.918741882139281,-0.702647301319773,0.669586437134113,2.13749123991981
0.0550176911076522,1.07435792228149,-1.02632778658982,2.03842565424508,1.52428694012477,1.19809569718606,-0.60235143828019,1.40145636524838
0.0163158698488746,1.00566446549006,-0.0401682763483435,2.15108526829631,-1.46286750944894,0.213321412030033,-0.813259465014979,4.25906166565752
-0.628384523391936,0.932785359911804,-1.04719783755043,1.07556755196246,1.93506711222976,1.22173619831757,0.180801069322297,0.73427517436383
0.441889602115924,0.856994915810104,0.583078766783571,2.08558268631614,1.95954378490998,-0.407155180930975,-0.894948317643262,0.587135500507785
0.5831803037041,0.779367539257802,0.562784088635305,-1.57261981315695,1.40987305601786,-0.385475277697255,2.71195674314102,1.01955401419929
0.999680470400082,0.700787402134662,0.654931824601391,1.12275149449805,0.279998055602315,-0.476237788577888,-0.0216724659605471,2.038548096546
0.930418362284423,0.621966490795504,0.191428557559351,0.848723646099258,0.340258204583183,-0.0113492964503942,0.225714455937073,1.87449525892515
1.49643377994283,0.543467061559923,0.761183825411324,1.29635056645591,-1.49846349125056,-0.579719339216914,-0.238319070131515,3.61701004987616
0.839413223559797,0.465725499118738,0.330125209191228,-1.10909648792706,0.0888206049676481,-0.147275497911364,2.1596602267675,1.94141076656966
0.545011342783662,0.389075724518405,0.293107565575432,-0.410103691432325,1.20056946175386,-0.108872629210115,1.46095900922789,0.749382482866314
1.82780699567176,0.313770204692321,0.785119011744218,0.625688724329749,2.85643229197754,-0.599498850293447,0.432172743479905,-0.978713363529544
1.34621060510232,0.239998651621148,-1.05737398439712,0.559036156702248,1.93375905509877,1.24437937093335,0.511642965859648,-0.1203216447912
0.0280476797233847,0.167903746955547,0.605429743912955,-0.410405058397961,1.50513890378611,-0.417039132291277,1.49895179316923,0.251793400559266
-0.940551144761515,0.0975941049407818,-0.516156397950969,1.45518305529338,0.237645033131951,0.7059322346581,-0.344343911395236,1.47032579932649
-0.781345785601617,0.0291547223041171,0.977245186458118,1.45772256396256,2.64011389340802,-0.786084124665533,-0.320663496348578,-0.973831603902421
-1.40368021217387,-0.0373446801185274,1.5747951296456,3.02599729695507,2.84021131748869,-1.38224884276756,-1.85917054691619,-1.20863650955309
-0.424931323434464,-0.101843085157109,1.22328131783539,1.33806264133741,0.799758099443747,-1.0293498058719,-0.138194036316075,0.803791298597424
-0.872696361707018,-0.164282969015985,0.522242503470664,1.62302391832219,1.54423139833367,-0.326925766421719,-0.387018129661043,0.0376800103773169
0.870842914156313,-0.224606127511498,1.15589797238751,1.62171355388684,-0.0397846857756646,-0.959196010253112,-0.346570483077397,1.6061643571687
-0.0909090195931959,-0.282750245273481,-2.05401770107578,-0.494599206808474,1.73354165393585,2.25210488829563,1.81185759396094,-0.176848022477663
-0.735606860153749,-0.338645966121885,1.04109934640613,1.42583123776085,0.310902616244492,-0.841626934100826,-0.063438082209891,1.24171608950923
-0.570406990621933,-0.392214269057933,0.212236636273118,-1.16636208233204,0.209144991109091,-0.0113789988823585,2.57700549381667,1.34480515434116
-0.727348571026408,-0.44336398918354,-0.726325804261078,1.90076829781086,0.371424948984802,0.928568666737291,-0.438616578157495,1.18909066561459
-2.13968063585101,-0.491989362131137,0.618272114548938,0.990805529927104,0.903247459636251,-0.414644026987272,0.526294207296707,0.668929234785259
-0.473591417449625,-0.53796749709435,0.194410370829669,1.51238970064386,2.40039653400519,0.0106029418174512,0.063311557014507,-0.811567061255046
-0.68334761721621,-0.581155709477823,-0.307678950408965,0.918336521915003,1.87943910777022,0.514077488141539,0.719858995944543,-0.269034762024082
1.51815563486901,-0.621388666815986,-0.137912650722563,0.938940406764578,1.51516706021578,0.34569641354059,0.765900102716769,0.121698063088071
-0.542309742461194,-0.658475323646311,0.0685399273028471,-0.146775587308065,0.524201194057442,0.140629060600634,1.92268158600634,1.14400629285857
1.0458010973363,-0.692195645273366,-0.270748357371397,-0.963693873712576,2.6619057109831,0.481302570360331,2.81535979192499,-0.957448897404347
-0.607928051090778,-0.722297148569087,-1.10121408393927,-0.0114768367102843,1.44178092795479,1.31315352201366,1.94386659284712,0.303884410140421
1.52952278720044,-0.748491323304604,-0.711912670274175,0.744067852613086,0.427716092246645,0.925237333434017,1.27426467293185,1.36419249417177
-0.861250865092552,-0.770450043016691,-0.46203589776523,1.43282883274888,-1.56647195973661,0.676745786010524,0.676894025666849,3.40975293241542
-1.33090902682484,-0.78780213326552,0.0345440050862946,1.21477592766293,1.86641412894362,0.181551108244454,0.991972805705121,0.0334762821911472
-2.02182680195099,-0.800130341043746,0.949876440352595,2.06397119821717,0.150408652623792,-0.732396101936394,0.2455691252311,1.81144310214624
-0.419517553050802,-0.806969045246023,1.05563832550896,1.13828007566436,0.209964573447416,-0.836772762007305,1.27986937422266,1.81931426107829
-0.711382452944064,-0.807803167231207,-1.07082502421618,2.04663053927767,1.72275371729789,1.29107581280329,0.485894625805701,0.379521123717814
0.683126790902667,-0.802068883727868,0.571932405824732,0.653843777784473,2.11932018270193,-0.35029639215217,1.99864130653161,0.0616005859191295
-0.45401585783196,-0.789156908924257,0.175532048902467,0.279186834528928,1.32811085111601,0.0474891898555484,2.49849543464308,0.937150785693268
-1.02529027603861,-0.768419297026832,-0.404098519085793,2.49510545568518,2.03854381813826,0.628504982929262,0.412462319559141,0.316746406743926
1.87797470413795,-0.739180882714993,1.58571166221798,0.756870383154281,3.40387368472344,-1.35991997328906,2.28447903868156,-0.952945569486268
-0.868981211262838,-0.700756643654257,0.285326620124445,1.73703629349128,0.907332069074846,-0.0581497061100682,1.44091176093397,1.64467189233089
0.821650825787096,-0.652476348467559,-1.35618614765736,2.68091820368656,2.75248774740348,1.58474828675719,0.63503524014818,-0.0942586666388896
-0.156333338306318,-0.593717823353084,1.70662992995493,2.68925570079982,2.55737529228868,-1.47668256576964,0.764327451981771,0.211795461288267
0.623786234245922,-0.523949873429036,-0.837652479776288,1.64064457388648,1.62253917880713,1.06898506904702,1.94800453358694,1.26168483903943
-1.08702698938384,-0.44278537643282,-0.374616107727842,1.94996808569814,0.678773594434696,0.607333922084032,1.76857006445585,2.32380966208623
-0.380737710854788,-0.35004408798728,1.20888756540816,1.47115746220218,2.25641564040291,-0.974784525966521,2.3690568912316,0.866799871772758
-0.0309906746885496,-0.245823254174057,0.04990016271609,2.80209665156109,0.987811151516176,0.185588101811007,1.14815535349987,2.2570270294919
-0.771457042295551,-0.130572185675746,-1.07739298161029,2.08576210120443,0.564776931266763,1.31426647122284,1.95914636856262,2.80112754024893
0.327463590409464,-0.00516460862636601,0.569433976794633,2.4633009844118,1.86328649076381,-0.331175262096629,1.65694403594554,1.6213141423404
-1.42090195174259,0.129039859914674,1.03760318622204,1.63083068843569,0.0350606147910093,-0.797959246438578,2.54146991230076,3.56379868391037
-1.29820692060262,0.270155875081348,1.08538205944749,2.80709080370346,2.98359429470216,-0.844352894578575,1.39022708416007,0.722798828131401
1.55316954072854,0.415765999363939,-1.12640575719042,2.86089286184601,-1.12323526723111,1.36882014714478,1.33112005525309,4.92798727634082
-0.118447797314014,0.562958884948074,0.138432451421662,2.92619560210494,1.78652883384,0.105367163618157,1.22767397937859,2.10487660271809
-0.451818570337664,0.708419812991887,-1.51521918062441,1.64234132025309,2.18993551612788,1.76040402074968,2.4390887489244,1.77391315936738
-1.48550303190692,0.848575361722778,-0.69227326290207,1.3096398454544,3.40949187924249,0.938843328112795,2.66490434366893,0.610236334756547
-0.70937627104028,0.979785624315035,-1.48250324678984,1.78993758220244,1.45428836935013,1.73045853708602,2.0445998386652,2.60268958265801
0.595726653408884,1.09856808760795,0.549858185395598,2.46522453730488,2.01820466991068,-0.300517670013966,1.19903734467797,2.05574970054309
-1.1552299294588,1.20182912863965,0.918036428908388,0.608463818583327,1.88808362577586,-0.667310688441302,2.85954342727589,2.18147315881631
-0.212055224440977,1.28707444900303,0.447199711296916,2.66729472237932,2.78980156520293,-0.195088745744376,0.583973920097259,1.25351712245988
-1.93716441750419,1.35257046201583,-1.63368055507157,1.14760001112595,3.10607302972803,1.88717674570956,1.87279190287394,0.889385444531974
0.379296900328277,1.39743516923614,-1.30456152430956,1.90259620350547,2.24640939011742,1.55944294003301,0.879541594001057,1.6804729520328
-0.624262474962104,1.4216482076333,-0.236761988196696,-0.575538006106644,1.61799305277443,0.493028629005596,3.11875823467374,2.2211451037685
0.426384584251059,1.42598283043481,-0.953334566500574,1.75465495212184,2.17030664377093,1.21098643239493,0.555221347488713,1.56401865362599
-0.0235027081835282,1.41187482585659,1.18194808230932,0.506056391642001,1.91752820287022,-0.922910991329513,1.58146178401211,1.69744294261175
-0.181865703629872,1.38125072066267,-0.656626028009478,2.17598269919909,2.06905727429711,0.917048344074739,-0.295487291668616,1.4148303340197
1.13055775419482,1.33634109352321,-0.450023803089167,0.69608496093694,1.69226926089238,0.711831344239881,0.995897513641573,1.65175336307228
-1.27662128064588,1.2795021810867,0.841061727730305,1.22645341449272,-0.304964235471023,-0.577868961494137,0.297526790233957,3.50328434832284
1.35324442800611,1.21306316712348,-0.483613688690195,1.22285321375749,-0.243475897012181,0.748191680011816,0.154556826563495,3.29307461703146
-0.226959016994513,1.1392092339721,-1.20707356316818,0.664849802001664,1.25334248434985,1.47303677957525,0.58742131567332,1.6471134099176
-0.122549072477959,1.05990323691531,-0.697164931338262,1.84573659250836,3.42679363953263,0.96451337283079,-0.697906753618919,-0.673593531192671
-1.82142796803618,0.976843177921656,0.87329575067197,1.81892512876687,1.88045769093547,-0.604562084093989,-0.756108766104934,0.729352510871561
-0.981285041978669,0.891449682528887,-1.26516865178491,0.400797593879366,1.29514843974248,1.53528754344835,0.594811646397128,1.17677110026325
0.506036437898763,0.804875656729154,2.88783075728778,0.983316330901681,3.6939370791378,-2.61632664053889,-0.0389216260725177,-1.3531169708819
-0.991212111429347,0.71803010143457,-1.37554241723842,0.938579549169556,2.7846674727717,1.64843175907277,-0.0312828338834255,-0.567186035872122
0.026795746463603,0.631610483665538,0.198039227755501,0.925967693975528,1.35373436927184,0.0762353391642946,-0.0434929201453567,0.74884617748645
-1.05549255977283,0.546137463084315,-0.593547628332721,-1.14674560406441,1.25675781514836,0.869207420337971,2.01493933735779,0.739779717337876
-1.79988233219115,0.461988925248608,0.194903539555682,1.50192742123491,1.00066564272619,0.0821414775350208,-0.639058388676213,0.898888353627025
-0.127230131870966,0.379431009187717,-1.49722307367673,0.908490885690559,1.28374398366848,1.77565331585289,-0.0433987089461187,0.527907582700288
-1.40144013586488,0.298644978423123,0.431467944678797,0.237920657219573,-1.56106873509579,-0.151652477417187,0.635720522005752,3.29377735323988
-0.435552393258499,0.219749599033667,-0.680430028996514,1.83980837464631,-0.00787596161524773,0.961630721343578,-0.952328175735312,1.67036996863059
-0.758183355942559,0.14281913882285,-0.304008746972767,1.48862469897842,0.798851571094822,0.586594664405284,-0.582872954351226,0.801845528462592
-1.73632845862598,0.0678975885902705,0.621018638162382,1.15080980981546,-0.14825337011576,-0.337047495644411,-0.223045345686153,1.69520733030731
-1.05567778562322,-0.00499067168016241,0.994440624778964,-1.17376069616074,-0.190904392987667,-0.709084257175539,2.12673876518624,1.69177374134693
-0.685988418541443,-0.0758326727757636,-0.815955149347917,0.113254472311757,0.135392778855584,1.10269674203679,0.867733173579901,1.32664234572265
0.358464965162116,-0.144620847185468,0.99618578368868,-0.181273735833482,-0.0677897138357632,-0.708058965914349,1.19278161040421,1.49783486371426
1.19136274676707,-0.211348579332672,1.28813549474167,0.182873847914172,-0.980201917743723,-0.998623451881883,0.86148420988137,2.38470904115285
-0.814383817131849,-0.276006899593816,0.0267716278839042,1.48900617815994,-0.177759616293969,0.264125640061334,-0.409557838172022,1.56281135520326
0.0358124932891546,-0.33858196051472,-1.29540398639528,-0.435916326228637,0.457728803851406,1.58768647942597,1.55268366768054,0.913610766432302
0.151608550587796,-0.399053011297245,-1.79166088016991,0.522142166254837,-0.163233552887762,2.08532859828606,0.634229117876582,1.52629960513212
0.77372417860463,-0.457390648723904,-1.01106355061812,1.15895845763302,-0.724324184577021,1.30611649381972,0.0394161236529587,2.08428908422852
0.323623258341423,-0.513555173350019,-0.556219813596942,-0.511984877665882,-1.56214509603863,0.852657981883994,1.75492667015925,2.923955362153
0.853533260147321,-0.56749491914244,0.460873796889303,-0.852580839411591,-1.69593398977157,-0.163050403516797,2.14286163494526,3.06435189039601
-0.702144395156519,-0.61914445432617,1.5406071701727,0.063332913419926,0.561006701929737,-1.24139855171474,1.27730407762403,0.818638816771031
1.00066117534086,-0.66842257277336,1.44356491030905,2.74696511315322,1.58244698045378,-1.14297106676564,-1.35267678413294,-0.187054418053537
-0.656745888838356,-0.715230010815177,-0.685233059016691,1.77585728542711,0.095827088746515,0.987212127645557,-0.324316362126581,1.31977239434098
0.57282228313442,-0.75944683581731,-0.446755395716731,0.206371803340877,1.22825587261728,0.75011968943105,1.30635319418793,0.211990769147487
0.400226059809109,-0.800929462182299,0.135034096568514,0.0733687357436281,0.975492932841945,0.169715422231259,1.50482214495137,0.493859950976103
-0.411371502457329,-0.839507259625942,-0.844838913166674,0.773470182871756,1.17809001283232,1.1509736570519,0.874834556737576,0.324883794889562
0.311223226321251,-0.874978729755499,-1.05420457286111,1.21907136736901,0.258783785224775,1.36172454183179,0.504372330177197,1.2824159245584
0.0800538533763313,-0.907107242578622,0.630017776738035,1.78821157097134,2.81430814424262,-0.321112582681901,0.0157783702407452,-1.23015499570603
-0.411390453617726,-0.935616347445719,-2.72491904470719,2.25381383593175,1.29951932473257,3.03520946384877,-0.363490474648404,0.332466707272193
0.144463495976791,-0.960184706534931,-0.985386722792423,0.88906434976837,1.92352519876395,1.29706236701946,1.0937478554145,-0.238649110930936
-0.65145974076752,-0.980440747525332,-2.16001306980777,1.29130791353952,1.13148496147304,2.47307393912026,0.790493232229185,0.61153756797702
0.143816229011738,-0.995957200164458,-0.383198386271163,3.05824317140246,1.30021970637649,0.697644480669111,-0.870647064134224,0.506420979889215
-0.559290331516444,-1.0062457730537,0.834579023653351,1.46306092135695,4.61113641282468,-0.518747704169949,0.837384185294895,-2.73518109972359
-0.699635990814992,-1.01075237070841,1.40657518496537,2.69185283144748,2.6439193268211,-1.08935864039652,-0.271338740236561,-0.692727175700336
-0.703239454821367,-1.0088533911384,0.693780195188128,-0.557233974332983,1.0748888228632,-0.37517842553382,3.10509137935096,0.957678661171673
0.392746069525128,-0.999853867505621,1.39345317153787,1.06696434261518,2.14266005217425,-1.07346617679811,1.61541741761598,-0.0223848972188423
0.629731360053028,-0.98298848673169,-0.513155312899783,3.56932628861735,0.688623177378502,0.834527532724998,-0.745523193241509,1.52584736463258
-1.51539820267173,-0.957426801361073,0.796521962933561,1.31853492989792,2.64783649496647,-0.473764518022892,1.65306119490099,-0.332585473939608
-0.963568529896685,-0.922284299573843,-0.712161101564368,4.11636341446266,2.5513275734937,1.03630377156049,-0.991426578958794,-0.128695082866536
-0.263041702252063,-0.87664131789547,0.598674456261432,2.25816661414425,3.10569451887033,-0.273146561179856,1.02447244162737,-0.569172908956638
0.551106498149279,-0.81957205172599,0.596752116348784,1.71133835727436,3.14429816455711,-0.269838996181755,1.73174919696529,-0.487614522088504
0.921758748654046,-0.7501860312431,1.53164985324758,1.34679060566356,0.614305536703763,-1.2033515079951,2.25738129426102,2.16840063118528
0.365424568320089,-0.667684252841154,0.474882835143102,1.45715817892391,2.11258179146941,-0.145199264805166,2.30606942095553,0.801377675485142
-0.732016521800729,-0.571431510148354,-0.0534791116471388,2.23751755078941,2.21416531366624,0.384547907070529,1.67947618151451,0.835389843857105
0.474649215441506,-0.461045148992249,-2.37801106895762,1.45613530890766,-0.262399852294279,2.71046508946646,2.60546384965554,3.4507055069302
0.615895233730884,-0.336498292455482,1.35745330718508,2.00332524159979,2.0885285063157,-1.02361406159078,2.189266646854,1.24015970861306
-0.578707650250799,-0.198232435480537,-1.5735731308115,2.10396503357442,2.1297299275822,1.90879760149125,2.20106249033385,1.33908867708709
0.829658544743006,-0.0472699513923685,-0.138989501449573,1.65336851955207,2.42900815518623,0.475599197214777,2.7402639769059,1.17743276148149
-1.0697515272894,0.114686819489623,2.03527661949316,1.4446668592294,2.6722353423077,-1.69728169864251,3.00838435312449,1.06670486992765
-1.79186011207129,0.285188131215596,-0.514724016295935,2.77443394222427,1.22499342904006,0.854104162232046,1.7037461109791,2.63839195915395
-1.26458857832402,0.4610213667508,-0.0332842406138829,2.578598690769,1.48271504906029,0.374049611635447,1.88597608563342,2.49389292048189
1.87425714090642,0.638267050128675,0.638635783323159,3.49276240488527,2.57872962378342,-0.296485187216141,0.916138966854861,1.49659042443829
-0.440979135410984,0.812440234036419,0.24726566909706,1.61767827781856,0.129889693370179,0.0962701520954117,2.69170186789642,4.02637980773882
-0.979845346363152,0.978719884018547,-1.40455736518314,0.928520126422058,2.68707128717398,1.74947841146107,3.23763856471242,1.52935364413623
1.1690638388367,1.13225346764049,0.522968199486496,3.41086969282929,4.49065763216094,-0.176661928123118,0.570674230901276,-0.237481668252525
0.569517973932503,1.26850658844317,0.0584660551074774,3.05859686049294,0.190772547788831,0.289225441341355,0.70143669214868,4.07375635696224
0.593610915891988,1.38361346933141,0.302499277201121,2.86278986901934,1.07253094374027,0.046577444333164,0.645323751790383,3.17674357613515
-0.104746306869816,1.47467752791879,0.978188218441397,2.19143747355794,2.01473924176167,-0.627726271821658,1.04239087973792,2.19236609447146
0.529118285372363,1.53997633984073,0.19769788051468,3.11371092343163,3.40165634783405,0.154149291190512,-0.167538833453639,0.73700905311268
-1.15558482098624,1.57904091916147,2.62365002842177,0.700106886924829,2.49674814723285,-2.27041763163112,1.95427844265607,1.54877563446474
-1.07065444142619,1.59260133559937,0.144857656204525,1.9909156375529,2.5648509763498,0.209759965671575,0.376343444504061,1.36522347915872
0.00568717226081473,1.58241614816241,0.799315260858479,-0.247451666324496,1.55476360844296,-0.443312413896926,2.33999169866026,2.24061209939512
-0.979179279840157,1.55102111912123,-0.975691785971078,0.312184470603238,0.892185230429161,1.33307985801809,1.52432161130924,2.75276466098111
0.84470986209072,1.50144052399708,-1.62326731393536,0.799483293099646,1.63918252003428,1.98204061106782,0.804259792993339,1.84338471864451
1.31579377204512,1.43690515570993,-1.52830114377387,-0.261614565983755,1.77646571649822,1.88845966599178,1.65873159469348,1.53557168317508
1.05088362140983,1.3606092171333,1.16356462740961,1.06859893375587,0.94068969700617,-0.802020880106246,0.149305894418021,2.19633722273173
2.64329444784462,1.2755254265363,-0.144732562882827,2.43353144330377,1.47524176868948,0.507661535271647,-1.36749784249786,1.4856727827505
0.145238521429325,1.18428443452003,0.530977888929135,2.39181501988918,-0.0139732531801189,-0.166663691454861,-1.45143992127204,2.80066250005017
1.19934215986651,1.08911397551893,0.922275757805126,1.94671283691536,0.407237399103754,-0.556576335245399,-1.10766287951396,2.20965326505788
-0.687447151821957,0.991826600076762,0.212774104198288,-0.869832900093746,0.645585402157414,0.154310543446894,1.62954143676234,1.80800150475866
0.362851790649905,0.893841543312902,1.06252559975606,-0.642658094581903,0.998046563703661,-0.694055727025422,1.34242608137937,1.30033537656083
0.516838855151129,0.796229049605103,0.0162199864090455,0.639825670216808,1.4587346003545,0.353635111407043,0.0167740579045039,0.693711145600711
0.0103162721315976,0.699764307634001,1.5382655751769,0.878133083774429,1.82389388781123,-1.16702525227536,-0.250468026797083,0.192664530134993
1.68699232889061,0.604983636419982,0.814590833086748,1.48555381487759,0.813654918362515,-0.441965285099752,-0.874947438069728,1.07750739099762
0.643988004006848,0.512237243897437,1.29023916999332,-0.367672524586591,1.22560280106106,-0.916228396920875,0.970972818585978,0.550814119096193
-0.853067504979267,0.421735434039047,1.25955002400431,-0.695226492267875,2.21722368703345,-0.884154025846403,1.29911058114125,-0.544971284767112
0.52835637686377,0.33358725936695,-0.50594799116302,2.39794329310568,1.26266081668692,0.882729214406376,-1.78718304122106,0.315759169093698
0.497443315411981,0.247831351285549,-1.48689989172883,0.833596319204392,0.71341054308131,1.86506634005764,-0.211008904122021,0.78112648656521
0.914360793343224,0.164459649996361,-1.61949564686643,-0.0983026308964693,-0.428702673738549,1.9990473202807,0.736565261443655,1.84882907609543
-2.5573267784421,0.0834350451099432,-0.340549707997991,0.114181156925684,0.775369878871027,0.721486606497707,0.542717651750696,0.579279994192402
2.16633684971519,0.00470410683577781,0.864655387617226,1.03799538610658,0.786924637277657,-0.482333264032056,-0.360194964422065,0.510611144125715
1.47745619301123,-0.0717941224990922,0.993524032411495,0.0605439797627799,0.338836765516257,-0.609816683740872,0.639894790525684,0.909364730152583
-0.0152243339007744,-0.146122222123914,-0.856854187014425,-0.568146409507728,0.180165862600692,1.2419467607705,1.29257509318382,1.02590519091278
-0.966740799744911,-0.218340611926819,-0.409348821147737,1.09960052668536,-0.79555266814526,0.795826619989267,-0.350093410147872,1.96614143090801
1.11736207463548,-0.288505256776862,-0.993012208621294,-1.02777205866752,-0.25377838478554,1.38087523254828,1.80328606059241,1.39500772808068
1.01341504788811,-0.356666361820346,-1.11274282419694,1.83936337157384,1.62077482295569,1.50199107320937,-1.03698783180614,-0.503269676737694
1.82500789673792,-0.422867687273762,-0.269519643817043,1.29533360650718,0.256123079989501,0.660153117914934,-0.46524370615489,0.84284797135645
0.850035034815375,-0.487146214972929,0.501366907208263,-0.256946157728325,0.394685074779339,-0.109348208024918,1.1156613888856,0.69054239896021
0.388710435700666,-0.54953197479857,1.68249064539744,0.0784317225984529,2.19367074405269,-1.28908672112864,0.809928065994495,-1.11774882723046
0.106945693047259,-0.610047897502935,-1.9281449822108,2.69130337209967,0.765553359828348,2.32293413156505,-1.77212938159091,0.305196067215496
-2.03310264830116,-0.668709601777326,1.02094898767238,1.26588350632658,0.345293871081194,-0.624774613232677,-0.314539328797565,0.724158371684441
-0.31611842494753,-0.725525051562654,-0.561272722497034,0.866791407861589,1.02739099697249,0.958832322022193,0.11829645820354,0.0444278954404615
0.105056651479632,-0.780494037528237,1.39856695134853,-0.48444361621452,1.41055578606572,-0.999622126737916,1.50509390404401,-0.332872846875457
-0.0159225712258242,-0.833607446814118,0.286892674289911,0.674166583840989,0.249864988482212,0.113437375406154,0.38413543512394,0.837056546190523
-2.07437009196921,-0.884846289484111,0.348496320011681,-0.458499601534135,0.862630576257982,0.053218954769838,1.55683711489513,0.236823330486541
0.141820715160116,-0.934180450077927,0.35554096495656,0.125244837874228,1.33923769639765,0.047559534910413,1.01582952729375,-0.223997820390258
1.52202706714297,-0.981567130731298,-0.879527643340149,0.37238358755845,-0.105018085223844,1.28401336829258,0.814469547673112,1.23929654886962
0.872810713146844,-1.02694894559536,0.317649058777451,0.49415159391835,-0.374008378139224,0.088221891260429,0.741885977712743,1.5306150160786
-1.59158531480895,-1.07025162051252,0.911747885739152,-0.760356129814255,-0.869166412291519,-0.504491710615819,2.04937118408323,2.05146463151301
-0.419049818208927,-1.1113812455819,-1.25658188138082,-0.423265156420245,0.398669758235298,1.66522328158961,1.7694622446607,0.81279318018109
-2.11031914295711,-1.15022101860954,-1.6688915693977,1.11507532085548,1.67136207084346,2.07891819469194,0.292944318962677,-0.427116438249864
0.991951797904628,-1.18662741201242,1.72469374676083,-0.0509526639477533,0.725440056158332,-1.31328189638113,1.52589574513748,0.555385477500695
0.370128854186175,-1.22042569232307,0.334276928479517,1.14018716850326,0.347420040167457,0.0785201469856306,0.407264308302054,0.973995546916049
0.341640782840932,-1.25140472510736,0.121580877056063,0.391790086879523,-0.917338765612833,0.292601423494538,1.23426076972433,2.28360046895171
-0.288244470540629,-1.27931096862758,1.54682009938955,0.384030739837036,0.0682634187090413,-1.13125257375349,1.32723531771414,1.34737840675823
-0.452401539917187,-1.30384162043218,0.370535596477423,0.459013834272986,0.184071439271482,0.0464171542440848,1.34462178230246,1.28579320324332
-1.01566658043248,-1.32463688386303,-1.039696147184,0.522416602961437,0.794633284041501,1.45803412299096,1.38128747272423,0.734634459728536
-1.21272439400781,-1.34127135913112,0.620917819180492,2.05255085487219,1.12906170837663,-0.201194618288077,-0.0405399507217452,0.465153244687537
0.492000259390074,-1.35324460119715,2.70761531257433,0.505345105470278,1.18807351860359,-2.28650688659646,1.623729761488,0.477018929576807
-1.81351684562638,-1.35997114132189,0.10050874474125,-0.124021023837954,1.2908133386335,0.321984906322072,2.37939407516206,0.451489994840433
0.0753070250021854,-1.36077024381368,-0.64968638121589,-1.57218660098345,0.304801184130608,1.07356525736467,3.96349947089555,1.52145891785663
0.560433601657779,-1.35485599954464,-1.18112703950322,0.449249622464925,1.32518892510439,1.60639114073744,2.08794582534573,0.59218541173842
0.0198204587445476,-1.34132868010163,1.23181166176241,1.03114614318271,1.39901859945423,-0.805162335442728,1.66202260888843,0.617024311383978
1.21101033796177,-1.31916870212765,-0.0596674146541948,0.743041786461075,-0.258050026872474,0.487701966059331,2.11612689049809,2.38067985829084
0.399343484415225,-1.28723508669844,2.06017382078889,2.44511241363451,2.2831759733428,-1.6307540442983,0.589734054455252,-0.0457332262405299
1.04057685383452,-1.24427099173208,-0.60263734354293,1.35550683763492,0.0189500640412943,1.03344234511897,1.86397457909679,2.34175302776636
0.210437733337305,-1.18891967914546,-0.0692331830911113,2.3087941424607,0.0760737242654264,0.501423409752608,1.10308465670554,2.41643515475687
0.220453988351431,-1.11975510257449,-0.577892400977877,2.30567433193514,1.67336574988426,1.01146785272483,1.3045805240412,0.959423585281924
0.463761120632063,-1.03533202594252,1.12636165938142,0.644268954234352,1.88312451161809,-0.691400982549014,3.1678444902453,0.898126467815679
1.41147296351206,-0.934260967699969,-0.533196497630846,3.16634333086953,2.8600326828789,0.969542399548703,0.847779761952827,0.077282820413217
2.07261710059263,-0.815312937511163,-0.135698412849949,5.02778969540335,2.22125134028698,0.57342953985326,-0.815781060700355,0.878799652094122
-1.32427094471234,-0.677557382220014,0.629561842644044,1.60887430551773,1.64866637287781,-0.19044549055528,2.79160389933816,1.6194333902341
-0.613096895101164,-0.52053338105018,-0.68626619647002,0.344928235335955,1.90010710193358,1.12676777364424,4.22828514750606,1.53950128970421
-1.3189323709534,-0.344448363343077,0.155736958542095,3.05804372779153,2.11127085382518,0.286149843717576,1.66491239898002,1.50089745381654
-0.826885774253108,-0.150390213212947,0.603623374058698,4.29630461877916,2.19467850052432,-0.160351346713573,0.545423663928582,1.58809980768667
-0.376183546501267,0.0594719566267272,0.505940955640881,2.39436635705024,2.65398816652204,-0.0612837032103031,2.52684807762356,1.2938547526312
1.61834384683499,0.281734168478087,-0.247798982282972,0.91797092055494,3.54667064608935,0.693841459799003,4.03535206964917,0.556551111648068
0.248010583207012,0.5116952980344,0.634951676731367,1.84250712759076,4.22344335316015,-0.187523974129882,3.08840410635896,0.0209003873446054
0.775342786328117,0.743431597847296,-0.00112595365132531,1.85876140520736,2.7350333237384,0.449938881338264,2.98985721958458,1.63136163392627
-0.0164084516304545,0.970042846319548,0.208256392860707,1.44198701825851,1.10083832040857,0.241941759911685,3.26171852060339,3.3637413180924
0.340660599649086,1.18407974901777,1.09297882196699,2.28981506878455,3.19820432208876,-0.641395444109143,2.2069400885666,1.33623601476771
0.827870150924389,1.37812438218125,0.628121708790109,2.22838634213588,0.584529171453701,-0.17515310584681,2.00369526675156,3.98767921663881
0.453765152219059,1.54545319740602,0.510612765087,0.773986936637575,2.75153475116018,-0.0562589370582477,3.1437260273867,1.82360781347152
0.129772743510288,1.68067881968798,0.204364752664895,0.30810421125268,2.75262244247582,0.251374300449311,3.25678333833126,1.78918474220713
-0.447233421614094,1.78025655200783,-1.69672275963335,2.96669799302123,2.10191181950084,2.15384703783301,0.220405305339356,2.3703325079651
-1.35117472733049,1.84276199015661,-0.913150643139091,-0.0562720361451541,3.39619490502184,1.3716601464242,2.85513479551791,0.97181428193819
1.05103852313751,1.86889304326103,-0.312894837604515,2.39473228250992,2.40834032251776,0.772789565975082,0.0195956726972011,1.82371933467279
-0.957150886261839,1.86121324792131,0.313844419579289,1.56579234624594,1.33446866833884,0.147435533876731,0.480327022422436,2.73405093479683
0.474364258916368,1.82370230895619,1.76459074867072,1.16146100326536,1.76743704337788,-1.30192557012925,0.542958603829585,2.11491268743371
-0.991922149726485,1.76120916027434,-0.325023811428753,1.9620407507533,2.95844201963402,0.789074215055681,-0.565546142741275,0.720533697107457
-0.0410191560151162,1.6789102858924,1.3565254830873,0.187582522542166,1.18973527697845,-0.891089854374922,0.939044305164623,2.27418827890611
-0.47700933289042,1.58184951932817,-1.19812445757401,-0.311385364060398,1.28131663394941,1.66494531137184,1.20776374149266,1.96118440343662
1.84642556379077,1.47460441468509,0.0906575041304134,1.34822605115258,3.04590102808972,0.377548574752874,-0.643155150428136,-0.026349016844033
0.610334547939763,1.36108574607385,-0.52109523737587,0.54603384854844,0.390520731055146,0.990686541344612,0.00431978156763269,2.40876896731883
0.638251276655514,1.24445832384793,0.340067290574589,0.535122096992236,1.41398672745138,0.130909238479606,-0.106345226177712,1.17122196678818
1.02969967961935,1.1271536957808,0.276107854518071,-0.438657138579125,2.61841958708079,0.196253899621578,0.774948997274283,-0.238356212420118
0.479866591457973,1.01094319427222,-0.927600583232995,-1.18237683265988,0.0528725381575006,1.4013475624581,1.45102635499299,2.13302490694029
-0.515441724659728,0.897040855616785,-1.49060774204582,-0.354568725747769,2.00665496401074,1.96573994635637,0.576258730569507,-0.002548483681726
0.45538784772667,0.786217780216152,1.02753870015673,1.056349855015,-0.313372688495955,-0.551021270760718,-0.864818078790941,2.14889547768368
0.650971587854687,0.67890299521832,-0.24890988432806,1.15480921241761,0.624899063610669,0.726812538809522,-0.980121180298571,1.05559867291605
-1.58319137987432,0.575284066832,-0.391590478488948,-1.03156693529108,-0.960297004167926,0.870878358055864,1.19967758026371,2.49929855703426
-0.0913516287654815,0.475381223931303,-0.719357298925502,-1.1933874736553,-0.210466194783464,1.20003040357787,1.36258539492356,1.62117032818692
-2.47486429408667,0.37910645159974,0.39995393556088,0.595086953096909,1.30986631781912,0.0821043941769429,-0.419313006802144,-0.0148164539220149
-1.43593497159242,0.286309341214502,-0.38384098918799,1.85072051166913,0.796684094331374,0.867284544011267,-1.66466962055741,0.394640506856952
0.234154548501871,0.196807686447309,2.65223683777994,-0.882764254741692,2.57728108180055,-2.16740805787121,1.08134899834144,-1.47857219657738
0.960916437966802,0.110408979850907,0.33096308250104,0.701392831986766,-0.134320503296757,0.155250922493143,-0.489164343928139,1.15064299946509
-0.113353470803131,0.0269247068975129,1.97686474008918,0.55287621413548,1.06398969233595,-1.48926551000954,-0.326791285969924,-0.12072856348604
0.285956660679697,-0.05382291042935,0.216579671548394,0.373127155259888,0.51451076501292,0.272404783616697,-0.13366061187232,0.364109999539984
-0.655699480756599,-0.131996284555987,0.0872701181996001,1.13725369148752,1.25530516639663,0.403099562050944,-0.885397126252689,-0.433785852730377
-1.09927471282696,-0.207740971142603,-0.822490833373601,1.71212283347757,-1.50012272389269,1.3142457387096,-1.4492474227618,2.27123376340475
-0.839667040734258,-0.281185899260689,0.995749471530752,-0.279067675403515,1.48300864337348,-0.5026093411093,0.551319628033794,-0.756412633672447
-0.557506826994907,-0.352444463828469,0.614451178863936,-1.21336332947309,0.255079035703713,-0.119925823357032,1.49316224146975,0.432147072172367
0.452364568151479,-0.421616120370175,-1.81166245215201,-0.562054191615164,-0.393295390099605,2.30757303274437,0.847446516891547,1.04560314870212
0.185785273544949,-0.488787981001806,0.0990392648979677,1.21400201174242,0.723396531691093,0.398256540779844,-0.925047980828722,-0.10219366369991
0.021112736136429,-0.554036498378945,1.422240039162,0.860942327305034,-0.356591226154814,-0.923559008398735,-0.570504754779203,0.949918722260371
0.437121149162639,-0.617428948057831,0.978595163485614,0.831953979761129,-0.791113732202392,-0.478528907636895,-0.542137432997063,1.35926317202712
0.239374808792363,-0.679024683242822,-0.8898897904431,0.553997362017206,1.20449620297904,1.39134127137727,-0.26692227922697,-0.65931123084094
1.5234241541395,-0.738876166442562,-1.40313982018152,1.83778426998473,0.465689574592533,1.90597652620114,-1.5555841114563,0.0583053323997856
-0.859586454338634,-0.79702976467407,-0.40860221756428,-0.736719314653507,0.963052227489278,0.912824148669359,1.01189475244188,-0.45887191747883
-0.0665829073939482,-0.853526332779765,0.794726571931116,-0.667027205537784,2.45960255714518,-0.289119415740583,0.9330034228378,-1.97422450265394
-1.26230297806203,-0.908401583618062,-1.18297288291337,0.897571823209985,1.52187699138643,1.68996526418935,-0.643006392865905,-1.05462072205493
0.573348692783685,-0.961686271932001,0.281248067752072,-0.36120207472378,-0.694384078784811,0.227129538609368,0.602092439049022,1.14389392764317
0.433240639366814,-1.01340620317573,-0.751139457131347,-1.31597012193308,-0.0357659249221147,1.26090228857824,1.54085003948558,0.467622004081707
-1.01093845322351,-1.06358207211139,0.950833266830592,-1.48736913163922,0.269737690261797,-0.439685210298245,1.69381141198268,0.144292708339634
-1.40410651110928,-1.11222913358353,1.14623285049797,0.565734432247948,-3.85546697410311,-0.633699568880173,-0.380271536735309,4.2512493063197
0.541726309289326,-1.15935670109286,-1.17240072358067,-0.0576593607809779,0.155363046550079,1.68631923028392,0.219461956014149,0.221508558018929
1.47333577165091,-1.20496746200416,1.20067265399929,-0.857848816272033,2.04864886379011,-0.685368922210585,0.993144648099235,-1.69158443647775
0.18595242884596,-1.24905659099569,-0.317279920580117,-1.09403682965345,0.0708627685655493,0.833968877454278,1.19978576716297,0.265267183946822
-0.0610585949301275,-1.29161063576573,-0.089928722793098,0.0198725516491128,-0.921301703092613,0.608002904752712,0.0530658164453146,1.23513857893115
0.613371496981472,-1.3326061406992,-1.60903632978573,-1.47463522280729,-0.385722301561147,2.1284957368308,1.5112441264622,0.675672473636601
-0.795983285041691,-1.37200796510499,-0.667393346271653,-0.74081175715347,0.212004614607504,1.18823797840217,0.737283555666939,0.0522233306057899
-0.497227957469693,-1.40976724259454,-1.25008703871989,-1.7669201762181,-0.218113404529356,1.77231689593586,1.71912307077555,0.454531781796931
0.988350419283328,-1.44581891705126,-0.119517893672077,0.93461472772586,0.265478677807304,0.643132975973505,-1.03117399080419,-0.059221913405973
-1.62097710767468,-1.48007877839972,-1.08749412937474,-1.24539015976356,0.250003594669198,1.61249443676162,1.09517492141266,-0.0765409588751118
-0.282643796144236,-1.5124399081054,0.0820156750705479,1.10799657467357,-1.17497448695061,0.444369857401788,-1.31720291147034,1.31271144757086
-0.492238545483954,-1.54276843031127,0.461390475229912,-0.26770525723321,-0.050878582113006,0.066380282327877,-0.00631064426166372,0.149638044256827
1.02343767300437,-1.57089845038279,1.39503653360877,-0.725255224898923,1.93315077801343,-0.865880550965528,0.380085171915439,-1.87696470176685
0.591147357842548,-1.59662604952564,0.938655878420664,-1.91457126745096,-0.0731584388229795,-0.408114670691968,1.49133369501717,0.0828050548138669
1.65924747099824,-1.6197021939727,0.166696105984807,1.01898882877271,0.97048631651583,0.365230326829342,-1.527817351488,-1.01174358076973
-0.215154031894728,-1.63982441304459,1.34216159682229,0.494753048778079,1.18262828997688,-0.808849938922686,-1.0973441165629,-1.2795819598807
0.828659173312593,-1.65662710682875,0.762512066039815,0.248681132228768,-0.903215735128813,-0.227815183054759,-0.953886912528745,0.74531429193856
1.2692963138565,-1.66967036824883,0.102196031093868,0.167797109184367,-1.05363228910787,0.433886076976642,-0.985173622596894,0.829042031808978
0.194776709877932,-1.67842725601691,-1.28676338193995,-0.514658255523521,0.444043105846612,1.82423071509591,-0.42515839334922,-0.741582586045382
-0.286433066880761,-1.68226954871885,1.38062703665441,-0.919947344289998,0.907104276047906,-0.841774478412993,-0.153281871538701,-1.28439962536041
0.373993937592706,-1.68045216587368,1.74785178248006,-2.01706289876244,-0.259207126589885,-1.20761399915319,0.798783894285641,-0.205218733707299
-0.382521300412642,-1.67209668587418,-0.900068278374876,-1.52642180895414,-1.09784612855044,1.4416912867872,0.15086742958247,0.538333524979195
-0.255508756161782,-1.65617475458387,-0.223146557788814,0.945250164790483,-0.450582337323779,0.766154791286591,-2.49076631849341,-0.21255627310892
1.69293223914767,-1.63149267597473,0.23204726727419,-0.754251392667055,-0.575474033282769,0.312346191309041,-0.97417917856165,-0.200397049890984
-1.32033662520157,-1.59667937556433,2.10411162760103,-2.5404924100116,1.61152863770623,-1.55833294393235,0.616210469794757,-2.50976583868827
0.735797061946652,-1.55018063541979,0.234425894552731,-2.52529460911719,-1.97144895900716,0.312738014201407,0.392630656674941,0.940756935681282
-0.265767373994911,-1.4902639545414,0.352481420049471,-0.807825764252372,0.628147211536599,0.196067713790121,-1.54482002124712,-1.80172357916445
1.50557353461087,-1.41503994624102,-0.77770641688738,-0.999461050468019,-1.11652866752416,1.32764077581243,-1.58315106490481,-0.210534124258543
0.079763714289136,-1.3225076604299,1.4802653202214,-1.20961596941758,-2.31295119915708,-0.928945736210899,-1.61046411698603,0.821862999022812
0.0815692157013323,-1.21063286740052,0.456108053165201,-1.49782741496916,-1.3718199634315,0.0965967559307512,-1.56367353543149,-0.293452361256291
1.08523888537707,-1.07746915890558,2.42942961654345,-0.593440810555078,-1.07170665218642,-1.87533958236204,-2.70862113941231,-0.777115815062247
-0.506506891192893,-0.921331121222258,0.326684153174586,-0.188066149323446,-1.20300176904285,0.228791106092274,-3.34744886806591,-0.837425409178757
-0.503220551214724,-0.741025593343128,0.116500649281609,-1.14201100882124,-1.6499390006468,0.440359835070704,-2.61206107702233,-0.588205872947145
-0.0837216288532419,-0.536139744885323,-0.558761182452459,-2.47354725936315,0.198096145271167,1.11700689189023,-1.47487351074034,-2.63739397646857
1.36294572988343,-0.307372149436656,-1.15766495484837,-2.06242842720697,-3.47610915000725,1.71729588937158,-2.04549645622467,0.835721704277789
1.14812700553512,-0.0568748670744354,-0.292373753651963,-2.68583410817275,-0.694776148967507,0.853389913260637,-1.5352413299546,-2.14227607115755
0.0401767307448596,0.211447497408933,0.382505685521946,-1.45185473756073,-0.9918873696424,0.179895699172181,-2.82438637947622,-2.0322068990982
2.36313362009813,0.491756725880775,0.414804112019788,-1.64876975620867,-1.64410917716324,0.148982497759792,-2.61395499874816,-1.55149168837401
0.636746604480417,0.776303963960028,0.17123626227268,-1.66219472938447,-0.774948285618893,0.393935572592354,-2.50986645824358,-2.57023382258596
-0.376602179035581,1.05573304116662,0.352350012955436,-3.67710194189081,-1.93744181677333,0.214207046995051,-0.322298121056754,-1.52889009822255
1.19889232906384,1.31970091165885,-0.280698775599666,-4.53415606705957,-0.586707079418682,0.848641060635607,0.789427345148353,-2.96618997963473
-1.40694978006361,1.55778259079084,0.333731818081693,0.612911726792257,-2.95313524688794,0.235595692039701,-4.02655423745392,-0.64647566029963
0.822025561545171,1.760543148732,-0.342789040820339,-0.911134202552153,-1.40605845550315,0.913501776027186,-2.10626685088786,-2.19656358750398
1.08213451731759,1.92058782360175,1.11373387535477,-1.08258799407857,-1.56354402394191,-0.541635915062472,-1.48954819638698,-1.99638857277354
1.25909006895626,2.03337602783935,-1.05244492032298,-0.735645724781235,-2.39728592580518,1.62592810570074,-1.36163118043866,-1.07437938844236
0.74529783923598,2.09762577619403,0.713740153576089,-0.831636947112187,-0.945517646569514,-0.13887174311288,-0.781821838856469,-2.39458681298146
0.92137977944662,2.11522741229759,1.08352232090055,-0.46496199322501,-1.08222571482291,-0.507268685351889,-0.675398380456315,-2.08727314870414
1.10981800717869,2.09073224044545,-1.31048903232161,-0.739281882721506,-2.0915475255239,1.88812789295572,0.0444622159178465,-0.874120346876688
-1.07426113524996,2.03053508255833,-0.450618045366022,1.0254279292795,1.46798792745609,1.02964213108559,-1.3150226546307,-4.20345900922009
-1.10077221856956,1.94195860342726,0.804751555459951,-1.21183012526954,-1.24568490240329,-0.224342244654929,1.2789676295297,-1.24055208176483
-0.413401599063132,1.83241168908101,0.751346112317399,-0.0959785913208726,-2.25990060002749,-0.169551576426924,0.467586625883733,0.034670136938775
-0.570140229728319,1.70873962449573,0.784145518927983,0.0260385595396604,-1.1881350535693,-0.200965757952053,0.597760459481384,-0.771082691311406
0.798826093584292,1.57681356798497,1.29717189427226,0.86231468365229,-0.945312683969851,-0.712606908210874,-0.0357801120911856,-0.74884654928103
0.855747862600625,1.44134704559678,-0.369228465278659,0.00685818864457938,1.15737981002885,0.955178676425495,0.977668241640865,-2.5924131280096
-0.664324485133126,1.30589086258197,-0.296274699941654,-1.91511005679231,-1.00387279846519,0.883610136173944,3.01862897516935,-0.181902243671176
0.953696368788394,1.17294548712068,1.00918603397223,-0.146578303223636,0.500671631367415,-0.420465372654488,1.33618740526897,-1.44997504847026
0.135177695773725,1.04413369784247,0.356282803692172,0.266714308745372,0.152035845744693,0.233823082711026,0.982043011790695,-0.879643732420587
-0.34962251082825,0.920393316203105,-0.426628380083719,1.0919359293191,-1.21545224579751,1.01811949157237,0.19454720969426,0.69358084327306
-0.611590404227668,0.802155853296888,0.841948194830512,-0.332152173196787,-1.27652780346064,-0.249071858256408,1.63984480712074,0.943924859870271
-0.935764744520355,0.689502543468274,1.02355172512941,1.3909394655832,-1.03308694692737,-0.429290163469848,-0.074323540682331,0.873314162981089
0.0993802879929113,0.58228868281305,-1.99101328402954,0.989962534479371,1.82119616251146,2.58666007077456,0.326850238885872,-1.82413258739296
-0.245021454503793,0.480237561415484,1.03730649708802,1.18454245440271,0.0663526769917423,-0.440274485257554,0.126676468550082,0.0723035061018339
-0.943961296565714,0.383007762249528,0.41853584264342,-0.44148402332495,1.2136356023183,0.179881394272499,1.74369855335059,-0.947667497252205
-0.0540487334899902,0.290239041639564,-0.820342695062499,1.06867466853658,-1.03458684255421,1.42014515706387,0.223024527195388,1.41468651590324
-0.365078167698431,0.201581439641336,0.812693151134679,0.319984232594278,-1.21721304020548,-0.211505464047854,0.961184212710794,1.69944079480651
0.118074342361217,0.116712403440671,0.0456963838994469,0.494206578480815,1.24183783510144,0.556876528272832,0.777577517690984,-0.668278731213994
-2.0899709883522,0.0353454919407266,-0.377049371539239,0.820769596841237,2.06273544233874,0.981007508796972,0.443667693365911,-1.4074402517958
-0.13799349763663,-0.0427664333420666,0.257039145996678,3.10095948638138,-1.0553005741705,0.348304216346508,-1.84115589388334,1.78390721175741
1.63525187421034,-0.117831456488648,-0.0348222237440868,0.273078052759797,1.44790269701676,0.641550811172726,0.98531207632793,-0.653287005863686
0.65833727741026,-0.190020743964815,2.08319434400271,-0.0476178013706244,0.162828198268519,-1.47508053148862,1.30819311141774,0.691556723919981
-0.529907173732761,-0.259471555804814,1.5765795761076,0.738018192027677,1.60083917930879,-0.967080538508054,0.528623736750417,-0.691928223497894
0.997448367706982,-0.326290441368721,0.467840214528229,-0.691529122808439,1.15728491655727,0.143044048156771,1.96833360804181,-0.198162907334668
0.26571882973034,-0.390556203106596,0.137666230056289,-1.65552063789089,0.557196839128184,0.474603257714165,2.94675217565005,0.448681485558497
0.533893434275379,-0.452322387770481,0.410501036294201,2.16616855058128,1.03360898516103,0.203153676561706,-0.856104729456631,0.0163657375807189
-0.322000650943876,-0.511619172516862,0.712930585788625,-0.0717843498783077,1.35878338472577,-0.0978906478472644,1.40521308100078,-0.266638698163242
-0.434330123508073,-0.568454606724963,-0.523537978129749,0.989525780473311,1.77841948173368,1.13996314115656,0.371926139633683,-0.645354109943587
-0.147999191992449,-0.622815163670147,1.35521070908874,-0.629382857620344,1.87554665522246,-0.73740032097647,2.02364902110226,-0.70218333758781
0.752237676742529,-0.674665639879512,-1.26203664600049,1.94831931112604,1.2592944412738,1.88123225919821,-0.516301235203704,-0.0456740164880381
0.658872535230304,-0.723948415663445,0.696118650385703,0.282971031658844,0.986262783061324,-0.0755378121025286,1.19190194183686,0.26811716979249
0.558424045030842,-0.770582089037001,0.729667812067673,-0.184587495193099,0.950915980618103,-0.107701748699045,1.70760551013467,0.345236417158182
-0.459042368121831,-0.81445949678137,1.38843196822244,0.225898308701214,0.617015010676783,-0.765080679768359,1.35076546827752,0.722406045996502
0.0226417099300489,-0.8554451316968,0.0898073916250731,0.567666623149912,1.02056856567791,0.534929121914462,1.06837768369538,0.364078582249373
-1.50227803978934,-0.89337196272488,0.380659887541051,-1.1228436905389,-0.895979359973947,0.245461851083937,2.82425929894634,2.32825372646236
-0.363418358871669,-0.928037666182935,0.0306322476605765,3.04564926219181,1.19295091072275,0.596874716049866,-1.2725968295142,0.289781840441676
1.18693717555468,-0.959200285983393,1.56492784413002,2.40392539273333,0.822991639732584,-0.936035655334127,-0.552682246257983,0.713450096935595
-0.536408541203208,-0.986573369619758,-0.882831905531613,-0.160193618891604,0.896893202970747,1.51310931941296,2.09647602007221,0.696919063163488
0.214960712136962,-1.00982060295252,-0.252955829432478,-0.19960447421564,0.241523139173385,0.88461846839928,2.2280654233187,1.41372455930526
1.02416616802041,-1.02855015436958,0.888681056987073,2.58896190058406,1.1302510366158,-0.255633192934817,-0.46090948658872,0.590892408954226
-0.962994438461314,-1.04230885982942,-0.946006439306786,0.704262368422572,-0.380973495868123,1.5804395284445,1.53103376541258,2.1728584982814
0.905842925651499,-1.05057656571316,0.849039608688391,0.944507395743545,0.327521893956652,-0.213221294465228,1.40586789446293,1.54032215601264
-1.14083047683471,-1.05276108779387,1.49243617903279,3.09995610838567,-1.02247178038719,-0.855232639724176,-0.62656655717856,2.97184406883627
0.828506374270614,-1.0481944368105,0.909182517588767,1.05467688385841,3.95494274941155,-0.270593753194698,1.54964447352196,-1.91815016109831
-1.67512795331707,-1.03613119092873,-0.670559465579825,1.54087221699641,2.06557078147644,1.31053345505935,1.20212278885359,0.0648161903460742
-0.454380236247018,-1.01575020394252,-3.4069170410481,0.560273833059916,0.0741265273276843,4.04827625561308,2.32875407196315,2.15625439050473
-0.428608535511748,-0.986161184312156,-1.4078647801458,1.13317594324362,0.171900205598961,2.05060921979623,1.90859781439789,2.16502327670758
1.31196761233878,-0.946418058868449,-1.2142005650796,1.70936602280078,1.36733853889564,1.85833022981548,1.49089208734518,1.08272424179795
-0.250768583434085,-0.895541401142408,1.09278574964776,0.944632346738639,2.49117263165856,-0.447270859826419,2.41847542785387,0.078543892689503
-0.663712035953734,-0.832552485692834,-0.0690687210247686,2.93189097444725,1.59717427090441,0.71596883593156,0.596586212192596,1.09846330331526
2.93656647090236,-0.756521608825195,1.08302557067321,2.07088268326942,1.6713838266244,-0.434740230680968,1.62309420165186,1.15599109156732
-0.108056974594619,-0.666633026261625,0.0929053840541535,2.00262628817446,0.693336028337329,0.556765181023545,1.85398570026844,2.2708951109171
0.504600829804209,-0.562267984263069,-0.481420407906546,2.73920845476865,2.23158738599491,1.1324761980697,1.27353322480854,0.873630968516115
0.0896391824868176,-0.443105621001381,-0.891409775015092,1.91550240764825,3.32925327353831,1.5438507902637,2.2425715094428,-0.0802374969037531
0.999400945521169,-0.309238775856712,0.0793421163601143,3.0887582551131,2.56925885875519,0.574484123973944,1.19895398579036,0.824674572346921
-0.55263286552407,-0.161297877253292,0.784550111744448,2.49201784193568,2.36452524282988,-0.129338646324936,1.90425471161886,1.17336277610691
0.050656208726289,-0.000571263029935297,-0.626110566562121,3.13599441792503,2.7568061444532,1.28270725706709,1.34209139238583,0.921592048840029
1.74898413764729,0.170894871505452,1.51011481775897,3.805456762727,1.37033718880038,-0.852132902168549,0.722039387939785,2.44227004637007
0.467987724908945,0.350238047184093,2.22489127376284,2.44335082030914,4.32462850817864,-1.56552413308697,2.09590123160813,-0.387287730227823
-0.503019726970801,0.533785596543584,0.53729587399951,2.03008373894364,0.96317252768875,0.123456491761816,2.47888681382648,3.08603280312118
0.561504707896473,0.717145732373799,0.479748214703366,3.22813446181207,2.95418650572569,0.182389376143414,1.20549886997333,1.190543011456
0.263766823372962,0.895395588791254,0.240275245543661,3.09958499603893,-0.323130464078608,0.423247570388572,1.21246767195687,4.54367463276077
-0.11777845117524,1.06336366398545,0.606361825815083,2.541654742577,3.12699527078604,0.0585462152026034,1.60357663619665,1.1465949964062
-0.0576234875115159,1.2159852764641,-0.402625398146319,2.60397752733905,0.4217299880967,1.06891866424946,1.33256306863477,3.87960646541835
1.4011003269235,1.34869075543598,0.384774725938095,3.16083853464456,3.40955331535204,0.282903765250499,0.530818931010593,0.892428883077883
-0.41008858368122,1.45777376779498,0.0463746392644986,2.58799962689556,1.65762977382769,0.622689077009549,0.83024114121962,2.61699129349774
1.79285645587315,1.54067795893212,-0.108801916620737,1.70694175788925,1.15172484282917,0.779250857980237,1.41843067072876,3.06761342745029
-0.335446172815024,1.5961691711429,1.31763815789308,1.09658869807948,3.16645384748638,-0.645803991448126,1.72624818009691,0.970778785560896
-2.08907987370042,1.62435462245773,0.685052981773196,2.54555068360743,0.225599359794257,-0.0118335902427884,-0.025208777072008,3.80475297000362
-0.129541983286689,1.62656318068206,1.02149445166711,-0.520123609314098,2.84338213401904,-0.346889835051253,2.74692073147592,1.05817377731417
-0.696328705306454,1.60511203121726,0.563751103777065,0.28509958020702,3.32029708192591,0.112238737924249,1.66464370533769,0.43401967963505
-1.97342666903999,1.56300607097864,1.23294558384069,-0.880962463345692,2.15051833942341,-0.555570517053927,2.57595419107478,1.44197726513182
-0.0875131526005804,1.50362064004654,1.66192370771788,-0.705368012851669,1.32360580213688,-0.983163415845654,2.1718564202715,2.09650278208527
-0.544969590247363,1.4304105109846,-1.06912697720798,-0.526965641903752,1.15831493659768,1.74927249416566,1.79334178013544,2.08279889552215
-1.56682702156725,1.34667514154263,-0.850720448378268,2.31136298073056,1.35916370201579,1.5322511904214,-1.21615651088396,1.70007009843231
-0.615835245720802,1.25539359848081,-1.42851302417783,0.56119260801905,1.56466604004781,2.11142899130641,0.391047769072194,1.3131564512637
-0.439839779395095,1.15912955100158,-1.76534938263448,0.952117181209496,1.21957541384759,2.44965057484852,-0.116335676342688,1.48020463310618
0.466904446780514,1.05999621762201,1.88047632746908,0.668821056203456,1.66091201781511,-1.19478991016959,0.0746762096191389,0.8665989271499
0.288178479089051,0.959666407553183,1.24898935512807,1.57457199187541,0.93980999111528,-0.561917712743123,-0.901871213810951,1.42310853406409
0.0333535366265488,0.85941284583067,0.786146772050043,0.803144766834939,1.5476524613124,-0.0976899045796465,-0.182564572126373,0.659775148833159
1.07054292962384,0.760164456461148,0.726223672062411,-0.292856339307002,0.583708825440095,-0.0363815795065614,0.877223163165525,1.47831772348483
-1.10587373255567,0.662568157911025,1.63353592251941,0.104380409888466,2.02253144451288,-0.942308604878106,0.457073356266008,-0.0952113714724911
-0.0481881558829195,0.567048935404969,-1.83684540704197,0.194246823831954,0.828605315755587,2.52945794976872,0.355222256400584,0.97498230795577
0.591719276554358,0.473863624138304,0.472564085311272,0.105149570583764,1.38231829061709,0.221433682500939,0.441163645190631,0.308523644252297
-1.55313381506573,0.383146465656826,-0.235215245977428,2.17213316429986,1.10586022679192,0.930598238875092,-1.62196123239833,0.483024196504088
1.16389128305,0.294945913752543,-0.787113267639055,-0.330994281777438,-0.787858929230193,1.48388148562217,0.890504862057326,2.2852148069381
-1.49237275005547,0.209253165344877,2.50951868612487,-0.435517003311763,-0.217614483900235,-1.8113652430563,1.0085741700196,1.63339539940745
3.37553032850212,0.12602352522342,0.259422467859522,-0.71998122703832,-0.099748802549729,0.440116200294502,1.30976024197361,1.44335482502214
-0.712451804143032,0.0451917716080013,-0.772851756967512,0.776037150162781,1.47391173239584,1.47377565020699,-0.167180906425803,-0.193680465130991
1.54533399483775,-0.0333170487639055,1.00897132780119,2.39010578362702,1.38037422621079,-0.306662209476255,-1.76045075043635,-0.155338123032535
1.30000817996162,-0.10958052978103,2.31443552791967,1.23845203662895,0.183414845664534,-1.61074118450929,-0.586750632309553,0.993985068209352
-0.944934169578155,-0.183674368270193,-0.909001374741965,-0.0566906402880428,1.02669544420158,1.6140809432378,0.731347786436969,0.1100223891855
0.936875041739349,-0.255669668770459,-1.33844142347997,0.511866023920591,0.217708956689367,2.04490621706126,0.186432163375481,0.884703664433813
-1.39314907813822,-0.325631504875896,-0.270990583524108,-0.340865705948171,0.866779891953731,0.978840602190853,1.06336125961679,0.20716336534177
-0.889137623870618,-0.393618283132782,0.449267318380626,0.478345354845237,2.93876606176839,0.259967925371573,0.268853630624027,-1.88795528633098
0.272752178427411,-0.459681578915773,-0.746840998443239,-2.57059187986571,1.56640709467927,1.45746146728089,3.34301497451874,-0.53384514382998
-0.376174807937526,-0.523866216403422,0.363118119035105,-0.468686227627754,-0.132840120838701,0.348887574888001,1.26692211616263,1.15163138969523
-2.67789872433775,-0.586210433747327,0.353643357327823,-0.514051631004791,1.54937886170592,0.359747561680737,1.3388010714346,-0.540237270515547
0.727434261145962,-0.646746027528267,1.10337373702234,0.720840665359314,1.4267101393715,-0.388597592928326,0.131271807266918,-0.423406270377678
-0.782577099979246,-0.705498407002816,-1.181893341373,1.15495787595646,-0.361911069945418,1.89805471055247,-0.274453249705869,1.36292724509488
-0.453937938615,-0.762486512642486,-1.40254110894281,-1.43657925106262,0.247139889050182,2.12008770320773,2.34671144497252,0.754922408694836
-0.341591866717343,-0.81772256827223,-0.753092395180913,1.66635165606991,0.0381024093600261,1.47202421453129,-0.725126545078912,0.968167669256543
-0.512487661440321,-0.871211643876026,1.08607116743245,0.353700619056121,0.651010609918982,-0.365754122996623,0.620334397919128,0.362499036269587
-0.48041364591002,-0.922951008862942,-0.329709518233188,1.20243410413245,-0.692896481907423,1.05141178775447,-0.193599890114584,1.71658814127969
-0.49460879519797,-0.972929254545667,0.250959427634631,1.55211211014149,-0.0604743157196854,0.472128066972103,-0.50619674350401,1.09723996519416
0.899016964696419,-1.021125161593,0.555265390304815,2.47887188940128,0.337615671757309,0.169207329387373,-1.3932800867394,0.71510284713292
-1.00424239839132,-1.06750628167477,0.2029400269984,1.78893973821656,-0.293075645916467,0.522917917779242,-0.66074146058411,1.36464888856676
-0.390437288229313,-1.11202719576716,0.143168307584257,0.601532080793323,-0.0757759379941686,0.584074862278838,0.572559989794412,1.1691637354316
-1.14196140828311,-1.1546274046308,0.512960564235494,-0.0847848687617042,0.679110177970772,0.215667830713055,1.30843915538664,0.43914414154524
-1.02120508207136,-1.19522879404438,1.15270133535729,-0.834745680124739,-0.531944606547383,-0.422687715323288,2.1120369017951,1.67824309599957
-0.975184766455128,-1.23373261696765,1.11135281855424,2.19341314276788,1.37134653605088,-0.379953973434784,-0.85797751358801,-0.193667420402514
0.907480228229841,-1.27001590929273,-1.245943949943,0.335946408665819,-0.598442186995383,1.97872802014791,1.06260130718141,1.81103007286498
-0.615492214278291,-1.30392727890424,-1.55433608422609,0.14303484662364,1.70525688831134,2.28850537951645,1.32408077616809,-0.454007674158676
-0.661510042988343,-1.33528194394363,0.570166420730523,-1.19302489227578,1.46665207742126,0.165388099645293,2.73468001345748,-0.172731953748157
0.933443690880608,-1.36385595194928,0.983637178724911,1.53382227429244,0.668620364203753,-0.246697433263642,0.0888858906358542,0.672269681777029
-2.21340146398538,-1.38937948738398,1.59671373708535,0.579388881268562,0.205882193196124,-0.858388766538631,1.13145096546131,1.18659820603913
-0.788744180526353,-1.41152918171422,0.214716157111186,0.861463191411817,1.29210618438529,0.524994038520991,0.94516999099761,0.156937583713019
2.33134122589063,-1.42991937466887,1.62936405061861,2.6357578840229,-0.306591624819093,-0.88826862990098,-0.725076886838882,1.81755407490512
-0.676970151540132,-1.4440923213953,-0.804922450591005,1.2173065794061,0.742951244356437,1.54740309639409,0.806267423286895,0.835694825140793
0.289933497963249,-1.4535074201711,0.373428220008634,1.29561270125009,-0.736607169107624,0.370437650879904,0.850271235640227,2.38913504800545
1.80596664902958,-1.45752966050122,1.19710012976883,1.84626822720288,1.3436299986012,-0.451849033794842,0.431872159154003,0.389429268970739
-1.08523817380913,-1.45541768037996,-1.42908881987606,2.19635373246056,0.135144191731537,2.1757251409355,0.224445976749421,1.68555770708807
-0.170167626967016,-1.44631207507481,1.15936113569793,1.5063646386779,1.74690471208777,-0.411339589553032,1.0678395823263,0.16901206149061
0.527636232589918,-1.4292250430616,0.191322377256101,-0.0151571209051742,0.629778742645043,0.55808439397425,2.75368599340482,1.38937037780182
1.42538775348881,-1.40303289024412,1.23686382104834,0.806631576565198,0.27236659011237,-0.486071824732536,2.10708300206974,1.85844188065675
0.396016718290082,-1.36647359885385,1.63464466402079,0.284921567962982,1.62193808409523,-0.882467442619535,2.81446378066313,0.629304491348997
0.778140825469927,-1.31815256749886,0.962904536950206,1.83130816272839,0.88323412498548,-0.209342090463495,1.46343955507899,1.49746976526485
0.172718032781593,-1.25656050562513,-1.67345321543523,3.49984878949631,1.55227246936618,2.4284008870074,-0.00137609514744996,0.967034995290089
0.345743780918617,-1.18010856281656,-0.605777035801428,2.28610738453998,0.945255279218426,1.36210993245905,1.42245487527926,1.72172403947561
0.340877812634427,-1.08718665036765,0.199858507260349,1.1504343089479,0.397246272484975,0.557859614482723,2.7717715946548,2.42614849453298
-1.33514009998409,-0.97625140356611,-1.31320198326429,1.4554284207848,0.252892833421972,2.07230533009282,2.68020944666786,2.73501427258035
0.252088381275768,-0.845949807252904,0.22460143747657,1.49294672865134,0.877867065664568,0.535887134437409,2.85106582170621,2.28160148881549
0.118891821750472,-0.695282506072609,1.61369923063913,2.24791267678711,1.32663688560001,-0.851825433639693,2.29341112053605,2.00991056882622
-0.545026442376854,-0.523806452846252,-0.399411791456732,0.37162430363801,2.49625191028738,1.16267081354162,4.34877818687173,1.02079669893283
-0.330865576260977,-0.331869099030178,-0.0960354253073507,2.44720703963066,2.06451697013066,0.86067967247769,2.42582686404213,1.63373012154634
1.46780721870491,-0.120855523727434,0.0181728857914621,3.44401703909558,3.16145002374644,0.747856586464331,1.54622118565461,0.715299471182394
1.86823287813759,0.106583514149937,1.63704847412709,1.55231345930787,2.90756540891902,-0.869633776785841,3.51043644760342,1.14093421356425
0.721809242633605,0.346368224948259,-1.34144126774915,3.0765055411048,3.82883235099994,2.11024119017585,2.00520383075445,0.380014415394511
0.402199104948493,0.592946122685413,1.01325441426772,1.75760073228615,2.75986748185514,-0.243069266755567,3.28194062922623,1.59282498041701
-0.539724308510874,0.839422100973316,0.491843299265812,2.98712957954135,1.79004144389458,0.279727073331796,1.94381074208553,2.6846830496085
-0.701542834255731,1.07789924796175,1.29397850785764,3.35485920762121,2.41644232392473,-0.521022910174577,1.39896576264797,2.1532919884159
-1.27869039131288,1.30003172912453,0.227582599825801,-0.0606509645818769,1.83754330869997,0.546758222942713,4.57073138884356,2.79545366010034
-0.779600125966466,1.49774115911957,-0.258006104425162,1.7893060253736,0.880183167245764,1.03373215227913,2.41659370132315,3.7804911449593
0.432989599310702,1.66399651971611,0.370930214714129,2.67170091473162,2.57878925176739,0.406181058225292,1.17988352072357,2.07139857021823
-0.44258099877083,1.79352331636546,-0.323971224740941,2.01338534887285,1.9895392983463,1.10246772276582,1.44738046305064,2.6109633000816
-1.73088815048064,1.88330697789119,-0.556559622881938,1.62874244952275,2.75164917821769,1.33644134599227,1.42039746859047,1.76062342631791
-1.10288456588174,1.93279479366237,-0.39884338659125,2.78352498882081,2.55396177626712,1.18011033478703,-0.150600103116634,1.83385694390191
-0.300502636252043,1.94376370430055,0.549233798307975,-0.806359128762025,3.07684760710374,0.23341837497326,3.03370010657145,1.15409332677569
-0.25072306296959,1.91991383959644,1.13262287242782,-0.0117440825945454,1.16957057023194,-0.348585474061129,1.85706773196326,2.87702796031955
0.882826634951015,1.86627135994986,0.607755444192087,1.18784017437294,4.60242473525752,0.177667179260055,0.308864136701646,-0.761920606770461
0.562627801377515,1.78853894872115,1.53154383312595,2.29592921073482,1.24212278352808,-0.744735984588354,-1.1080428699163,2.37657378490635
-0.287164637218211,1.6925002652237,0.271884630065445,0.810691911567771,2.52596905160216,0.516308443557604,0.111283351660401,0.861176037337476
0.331270380208811,1.58355442870648,-0.100214984655813,1.36175103083187,1.93338079319789,0.889793283364316,-0.662513126656493,1.21804367687454
-0.14054483253511,1.46641143670785,-0.492806483149475,0.219120822079635,0.899379263255906,1.28377000694343,0.298618700629779,2.01710197072237
-1.5446538034074,1.3449429917252,1.28812728162588,-1.12834279586873,2.14918891296927,-0.495778532746467,1.50236796444315,0.537305350832696
-0.98646790515305,1.22215912712487,-0.768205019430444,-0.385531680003202,-0.0918529829131054,1.56193899339531,0.649276223214388,2.55667250565104
0.910454914434562,1.10027152140591,2.22696881485723,-1.68041795679417,2.73133269559024,-1.43184961580691,1.86258370638705,-0.477331297467282
0.899070498967095,0.980805854576632,0.158192076146573,-0.392253976770794,-0.0255296351439729,0.638312347989198,0.516814722646868,2.08136031848179
-1.02221848058605,0.864734338124812,1.9632228502613,0.363034643744297,1.98113245666299,-1.16533320104008,-0.276571256289848,-0.109699760185312
-0.324250708936213,0.752605506315332,1.65393780824537,0.308794633985613,0.665490943023681,-0.854662933938697,-0.244970348344306,1.03587676698681
0.966699360328297,0.644659866420455,0.888980544022049,-0.352524359668305,0.227669366531182,-0.088320444629918,0.405611746704085,1.31806434231552
-0.399521327990563,0.540926663028536,-0.882170186400152,-0.35131563305918,0.321297586944123,1.68421551087774,0.40252283975223,1.08296779811031
0.793381780489321,0.441299452528654,1.07399973960727,-0.12361211216109,1.61170402779095,-0.270569190044229,0.179241954864048,-0.335281472312974
-2.82591113013629,0.345592535255297,2.67214486388901,1.16924276402771,-1.71884290271564,-1.86732908924052,-1.10499026661698,2.88031001858157
-0.20200361965648,0.253581135738654,0.310023560327233,-0.489948085420952,1.49342066184493,0.496177439406712,0.565320364990926,-0.434893064368135
0.114740670504351,0.165028621592509,2.82252294706788,-0.921271208491925,1.21135499270845,-2.01493672224848,1.00890292705315,-0.244703186278386
-0.525559005692461,0.0797037462309912,1.29844831788059,-0.0723506379688429,0.658620879824948,-0.48947686797574,0.172315517916827,0.226227884565301
1.53581700244127,-0.00260922188992832,2.54131670018245,-0.786714470948984,-0.118738525480285,-1.73096002519214,0.898262053205624,0.930859411569867
-1.32192325388016,-0.0821053693275491,-0.0600050778142644,0.730452361533672,-0.308714910284902,0.871746977890024,-0.608699609977489,1.0562030021763
-0.255607194065209,-0.158957305821293,0.0699508556183845,1.59257099949588,0.7424958295132,0.743176269542828,-1.46245989531206,-0.05249068484619
0.838892758216637,-0.233315389770716,-0.0267388098211589,-0.198064622436271,-0.279032359257388,0.841251160067825,0.334341847807969,0.917805732604055
-0.477998112395117,-0.305309108132838,0.103970317026216,-0.419388993903446,0.723373710214449,0.711927258305903,0.559389716326794,-0.130425766423817
-0.341741923911349,-0.375048988488253,0.326935471078774,0.862343615106171,0.154640677925424,0.4903473293388,-0.721241651533828,0.397100907260504
-0.588463690914266,-0.442628684341099,1.34511925268678,0.310507586165228,0.350192654704985,-0.526451227183749,-0.171055743656049,0.164232909926795
-1.78564113542269,-0.508126949487342,0.0198691981851526,0.564145792897466,1.06487336505522,0.800184052403328,-0.429190751561229,-0.584544766622533
-1.57444734746579,-0.571609349252622,-2.03453495067063,0.797857069401524,0.770034170469415,2.85597342634456,-0.670320795130798,-0.32119991651734
0.704617318327219,-0.633129670015006,1.26489935541243,-0.441094582530987,0.152965084598357,-0.442075654653045,0.558223630910672,0.266412158905259
1.28047657698431,-0.6927309754942,0.778326387277347,-0.334641081433327,1.83750504340002,0.045882538567494,0.438307609323246,-1.44606606252939
-1.46817680184622,-0.750446312512381,2.24054039339731,0.977307710617364,0.719033824649718,-1.41494624246701,-0.890233624094,-0.354491134453059
-1.54860531934975,-0.806299060247476,-0.421021986594589,0.167532942467815,-0.293822805565994,1.24800136261034,-0.100269611747549,0.632071037667938
0.61085215823509,-0.860302957857336,0.920901765472664,-0.506024701550691,-0.394402114747281,-0.0925371643714627,0.550151839055471,0.706548997586266
0.579769884632302,-0.912461785603968,1.07015013017841,0.468141022640624,0.733291987639429,-0.24040030399175,-0.450605334546317,-0.44743589219703
-0.808305796432003,-0.962768721892328,1.91994127684609,-0.49538264514827,0.098989176696843,-1.08880622557398,0.482715831185034,0.160025204609962
-1.41595559632457,-1.01120536704891,2.08919515979444,-0.521620545890158,-0.4766531254949,-1.25667488343688,0.474955659448414,0.707929494068348
0.365951560831549,-1.05774041287938,0.236421563263462,0.0951206762874698,-0.368664150557934,0.597483938179553,-0.179794719103962,0.570972202447767
0.255546961466772,-1.10232793178845,0.315873579696084,-0.994887315291204,-1.10938978875255,0.519417146832385,0.867944632805553,1.28117206264783
-0.827751430920243,-1.14490524730769,0.544628716236349,0.463744073322691,-0.262306725913218,0.292047235377573,-0.637497698002946,0.401681179538028
-1.30494222345657,-1.18539033677607,1.26168256867171,0.231633275417348,-1.92018315731959,-0.423621391972334,-0.457058546087255,2.02494173306478
2.20245029778537,-1.22367870584116,1.94782779686508,0.447411688916051,1.87520634480024,-1.10838139508025,-0.72972402237268,-1.80760288491251
-1.67660311972533,-1.25963966430429,0.371490503837823,0.664412580818088,1.04543918256874,0.46934112303246,-1.00921859902186,-1.0178698473597
0.854420645981132,-1.29311192398708,0.00760080803476954,0.500136401798249,-1.74612848640084,0.834616043920967,-0.913469874487152,1.73043324583348
-0.994667367370186,-1.32389843312553,1.22594783940652,-1.89322415539908,0.0287831871805466,-0.38234576236533,1.40486790569984,-0.0913392457427566
-0.439211604126634,-1.35176036016887,-1.20499813587859,0.312737082636786,0.349196588908277,2.04998543800524,-0.883104511751535,-0.462592035499831
-0.600229960583883,-1.3764101455745,0.165594047069943,0.341675094626979,-0.271692535140655,0.680778480142154,-1.00156202743046,0.103078689493364
0.540563821809479,-1.39750355633116,-0.17477321918399,-0.702217513221807,-2.93861869420881,1.02253097148154,-0.0552369092622267,2.7099880880967
1.00544990727515,-1.41463072101839,-0.394580407243936,-1.21950705061498,0.643242358705337,1.24372338462694,0.355888017185825,-0.937126144890334
-1.01986112446677,-1.42730617136021,-0.19503218670858,0.842225106508458,-0.648091667481945,1.04556038917704,-1.82115009434124,0.283263005953352
0.92978468334679,-1.43495796387975,0.493275062456846,-0.667320998624511,-1.00118714835034,0.358638365097065,-0.436570613172704,0.559252677029498
-0.195998078783895,-1.43691628613171,0.509684470438428,0.990327182704794,0.385165473289186,0.343614182200937,-2.22931403517682,-0.910844534653358
-0.689203153837082,-1.43240193266147,-0.261580635592743,-0.0812017648920135,2.05855108937258,1.11626451331756,-1.30339048727354,-2.67509182453837
-0.0540200453970166,-1.42051546571876,0.542018147325814,-1.92523772307109,-0.69808849388917,0.314050955484458,0.38428032766645,-0.0168980390978267
-0.14288307904274,-1.40022829473796,-0.565862039524352,-0.564497171049981,0.214969544670756,1.42331636742008,-1.1436447450405,-1.03642561302957
1.38326501047353,-1.37037747434277,0.316095346980744,0.625828330165636,0.848174967744597,0.542744206000434,-2.51177135049746,-1.78451488146037
-1.57294997795143,-1.32966670826973,-0.405328638259362,-1.06630407552094,1.13658846073275,1.26555341632599,-1.00750271943604,-2.19653983941797
0.69975664866304,-1.27667692861397,1.95779155072644,-0.46410974398627,-0.188213932353016,-1.09618154757435,-1.80661271157707,-1.00427658012923
-0.914693717983114,-1.2098907846783,-0.664444059958799,-2.0276566644291,-0.540886396122628,1.52743928819634,-0.447443597354467,-0.793112867105956
-0.382578083007327,-1.12773633357413,1.1373296106957,-0.77320216926169,-0.472409058080404,-0.272949157372708,-1.91143430568638,-1.01189797455264
0.121512561530824,-1.02865595149925,1.66876011400119,-2.01049635943469,-1.03781512445441,-0.802994435592745,-0.885676387405453,-0.60515138499164
0.874925636015727,-0.911206616813204,0.66235299845149,-1.23020186863415,-2.18820423097039,0.20479790504241,-1.87536108097502,0.379023469819428
0.159975440760814,-0.774196712546506,0.796708899693012,-0.794129799148005,-1.28928677769582,0.071827228886341,-2.51343786745292,-0.692437470390323
-0.790971635743475,-0.616861660561959,-0.144358072630626,-1.8705534417624,-2.17478711849245,1.01427942629543,-1.62525138537322,0.0159243283082109
-0.396630320706821,-0.439075281285145,-0.212449750518665,-2.0585546252175,-1.40239361831837,1.08375632926892,-1.6042382819246,-0.935886925107944
-0.147631453237736,-0.241585222961946,-0.416325221758261,-1.88167256661843,-2.20142114148007,1.28901702559397,-1.91845561869809,-0.315604366067809
0.422991022491324,-0.0262492157721245,-0.639964840393589,-2.12354820560679,-2.00546119349422,1.51404186931476,-1.77528773952126,-0.686027247545792
-1.11633821660289,0.20376439521642,1.23857603806976,-1.71382125756903,-1.81925384076714,-0.363113784063143,-2.23610141329335,-1.03817851014236
-0.977071627122714,0.443860294106586,-0.645568356513974,-2.48755898704778,-1.63331346723364,1.52241583560605,-1.45756925769316,-1.37677614830147
-0.776860016018955,0.688038015450738,0.438590387616627,-2.87139266758588,-2.88496958761666,0.439642316560901,-1.00644036924404,-0.259370207289675
1.99901135636172,0.929099184547949,1.62120459541814,-1.63458683988486,-1.22465453167971,-0.741586666155163,-2.1094329595643,-2.03031761125739
1.51444795030059,1.1590637306572,-0.0327834634334163,-2.26913178630427,-2.15347030826296,0.913786617781851,-1.27400596845432,-1.18355241528286
-0.674766419516314,1.3697779888556,0.492107996343965,-2.61843860310898,-1.78775438476425,0.390280383089924,-0.660247781150898,-1.5984042661133
-1.25546733596024,1.55364743188051,-0.278809204876085,-2.81416596671714,-0.394141119981354,1.16258280939543,-0.144183969145376,-3.00492412139891
-0.448962043239025,1.70438194375235,1.28445961282222,-0.225245124165234,-3.64639602338014,-0.399300783217425,-2.36833620943452,0.272614903672771
0.675499860429061,1.81761991718944,-0.810480276612667,-1.57869991746536,-2.97005308075739,1.69702433130292,-0.619946980391926,-0.339873452391831
0.91009079827626,1.89131169229127,0.508495172810721,-1.30828891013512,-0.72824562542227,0.379434106964982,-0.480981032410141,-2.48053795184411
-1.47179766260621,1.92579279243906,-0.554439926609906,0.318179264109384,-1.05057955229958,1.44375443147106,-1.69928370070012,-2.02263166125083
0.00663437328277909,1.92354595682904,0.720896633791303,-2.55805550291314,-1.46512721106733,0.169803096155306,1.56972173392709,-1.44228174945223
-1.24325742704801,1.88872732572771,-0.0536065306039888,-0.932918659574025,-2.40232105416155,0.945691485636052,0.310352940588255,-0.314247270259503
-0.510714074260125,1.82655502666417,1.26568935961063,-1.79015332986932,-2.94476987246997,-0.372219179493115,1.49793491852045,0.438306972221477
0.846937046891996,1.74268834606848,0.617994773791662,1.51182150073845,1.39902002298356,0.276860631411308,-1.51419606114831,-3.68205865207399
1.65258439241235,1.64268968289204,-0.40250972340981,-0.9791064617764,0.550036227740099,1.29875035369823,1.22406950775085,-2.60208598730504
-0.293863466929334,1.53162735995844,0.91266038414445,1.42059080572824,-0.511356246448659,-0.0150345287705731,-0.970240969252508,-1.30741686282929
0.515858942021097,1.41383486167313,1.67589703167308,0.123725911894277,-0.693907794216481,-0.77688595121375,0.492528586686236,-0.893905302117073
1.17749220038072,1.29281196792274,-1.47519856716671,0.899475717805999,-0.255376421533388,2.3755948727115,-0.153066527238486,-1.10761972602562
0.0106423398168066,1.17123456554292,1.44343397372205,1.8334006475347,-1.11203401852527,-0.54165244309181,-0.98816410219522,-0.0353071828364748
1.84338213814264,1.05103543403215,3.33972556494179,0.034878022772764,0.274223575322416,-2.4365588092261,0.882515325651401,-1.21731204529017
-0.264960804140428,0.933521765199106,1.10050951334028,-1.0826608177281,0.690149804840552,-0.195957532539132,2.05009886672164,-1.44191704340838
-0.103487894630412,0.819504405879445,0.555226510796444,-0.496902977450306,0.541011622982583,0.350710695090154,1.4965194586416,-1.11529922093303
1.51098672176165,0.709419679246328,0.273886575408381,-0.45379186262404,-1.7452145583535,0.633435855563671,1.47152972295807,1.33417477088374
2.03266838085526,0.603435875282492,1.45718672824266,-0.276719521555516,-1.82875475402456,-0.548479072185157,1.30184043439152,1.56676078895267
0.917442493663442,0.501540331225555,-0.582034381365499,0.258895229146437,-0.050296384056773,1.49212726250846,0.76569474765516,-0.0764974580561453
0.50896810054986,0.403606505635072,-0.201555889134772,-1.30605996876813,-1.32096676867279,1.11303399536318,2.32456079446658,1.31612732950959
-1.58198403667031,0.309443451824059,1.00321061547956,-0.227420861377927,-0.25042456023044,-0.0903472841656895,1.23620478110892,0.355066110185587
-0.355885006094009,0.218830577030785,1.00712147229631,1.64424628561094,-0.365729475596723,-0.0928729158969878,-0.647250711281269,0.568263948276117
0.0328770173355099,0.131540854748925,0.61440541349001,-0.471862342351518,-0.937578907365837,0.301228367994763,1.45623314447968,1.22736854238748
-1.05824816030312,0.0473552488668934,1.38110474635668,2.0078373064157,0.0642921517447932,-0.464085739786456,-1.03596256731887,0.303092212800421
0.36628404247251,-0.0339290485194886,0.587052180490017,0.632240888503832,1.23526717248727,0.331352051165663,0.328008654486502,-0.798973037694028
0.345816968655962,-0.11249467720033,0.987852164214028,-0.651807591379142,1.31875517878059,-0.0680627074728944,1.60186389844832,-0.821284082059608
-0.324898528156554,-0.18850296898206,0.044777139562528,0.966244361484214,1.16603570981216,0.876397542264059,-0.0245326089785725,-0.614206830778234
-0.753563165039597,-0.262094520373476,1.37760316247434,-1.0736770613912,1.48655794374825,-0.455043255562297,2.00919682960899,-0.886325413371765
0.261596220304639,-0.333390689547069,0.222491516447487,0.282711622036385,1.24243594016789,0.701453615550007,0.648986542276792,-0.598943438764153
1.55194979788686,-0.402495503192897,0.791952248298745,-1.83967001457846,2.42770368521264,0.133378108784202,2.77007113890441,-1.7453418252466
0.300946743601687,-0.469497652750128,0.168372017954308,-0.504035520660038,-0.183277976327889,0.758343564214093,1.43577341518734,0.900813952908582
-0.757992564375767,-0.534472343335943,0.14411709116374,2.45175259950043,0.475571959563828,0.783983716090114,-1.51596438317095,0.274082092828392
0.156317936116641,-0.597482888157063,-0.113748836505118,-0.0030070317139605,1.3048742894687,1.04323486884443,0.945622018542875,-0.525572287514804
-0.524220061495195,-0.658582007642554,0.0227900471705549,0.580849760189422,-1.17311793722662,0.908081210254207,0.371424830312344,1.98013423857755
0.737912428407916,-0.717812800847082,-0.072359096603678,0.949557158219881,0.0414365038053425,1.00461557911389,0.0152681446539921,0.791851963246107
0.585148543588161,-0.775209389615198,0.314073181864347,-0.561998288077741,0.905449724103982,0.619568525731322,1.54233239261335,-0.0468797986123295
0.95087495750402,-0.830797249012052,1.04069557427916,0.34980879711942,-0.384877988673682,-0.105668641598041,0.649073429320446,1.26815506568749
-1.12290117250882,-0.884593234190821,0.497967212467752,-1.13866182086651,1.26494977823934,0.438444945298824,2.15923152055946,-0.357153371220943
-0.00764869092495034,-0.936605302597971,1.29302077603359,1.25177145038967,-0.484599004879553,-0.355223393181565,-0.206252399460988,1.41708857735319
-0.0414542177781526,-0.986831943925992,0.751956763815099,-0.926279717449033,-0.464995105182799,0.187225844122383,2.00015812034945,1.42269345843845
0.501721457892134,-1.03526130870775,0.866914658225208,1.56012195903843,-0.501252905681447,0.0736531747977284,-0.454297857622702,1.48500234349554
-0.395428013190538,-1.08187001750506,-2.12917384678842,1.61400215428274,2.03558437840312,3.07112690489681,-0.472439195380793,-1.02462535914329
-0.481890053302566,-1.1266216253419,0.194583646789954,1.41450191310983,0.238187984171694,0.74875463640389,-0.233167716447006,0.80144919157906
-0.174193433020374,-1.16946470490298,0.829283720536586,1.79564256059082,0.654674731887655,0.115439787742711,-0.570231440165066,0.415417296450858
-0.88420371826498,-1.21033050090141,0.2706637663363,1.35885847866077,2.03896581938502,0.67544496702845,-0.0847559507116666,-0.936332150394588
0.418517534715638,-1.24913009681809,-0.494800418929411,0.289622841140866,0.859453895936866,1.44229437737961,1.03813096550798,0.278123953495441
-0.61214544262635,-1.28575102419872,1.12416140890122,0.571960572145815,0.379496979872366,-0.175282225365559,0.814787059150232,0.795752436297231
0.566614572776698,-1.32005323421184,-1.79514774782725,-1.54510458598127,-0.29331543137604,2.74541215644836,2.99660870239618,1.50930089675367
0.5142092465353,-1.3518643421734,1.76767451638002,0.765501876579666,-1.27416590806991,-0.816024882673458,0.756978334027948,2.5343040828298
0.22757780983662,-1.38097404958502,-0.276396675244092,1.05644621725569,1.58197633815173,1.22943153403611,0.543721820260081,-0.273899091771907
-0.793635218763386,-1.40712764706615,-2.50675325107116,0.121720922173995,-0.297904185362042,3.46117333494863,1.56337086432417,1.6580960489855
-0.915411254718212,-1.43001850859065,0.902671686106798,1.57397053297868,-0.752932492717398,0.0531336228561272,0.203832097818315,2.16982451812057
1.45792445205938,-1.44927951503182,0.572649540302322,2.09661756721618,0.264293470037677,0.384540993746056,-0.217746545328523,1.2143156069941
1.06554470057619,-1.46447335502796,0.783061005039939,2.92663097690773,1.86480239506219,0.175514754093893,-0.937755532860248,-0.319007223247067
-0.166244774396196,-1.47508173939371,-0.168134315811702,0.115226966445469,1.41003000739349,1.12809530003099,1.99315954087563,0.208891299120856
0.162053408570879,-1.48049374870448,1.26940300185617,0.746738622162582,0.874373582021672,-0.308056792551429,1.49120666873251,0.824099996877278
-0.424182089784911,-1.47999355450662,0.0120046610449824,0.0245858487631145,-0.29088342340854,0.95072677334521,2.35344825221843,2.07583048828554
-1.39027734251903,-1.47274809286128,-0.431207576492341,1.43420739064215,2.1473361103935,1.39532423596799,1.09483039862826,-0.268499488672493
2.59432498641212,-1.4577956261267,-1.38200394633783,1.34988512574246,0.9399590879111,2.34750583089893,1.34130845635751,1.04066471882226
0.787545935723663,-1.43403659859031,0.0843237257461776,1.93077516167756,1.42595251600361,0.882563383900375,0.93375198274091,0.664806409985834
-0.740185812391984,-1.4002288222336,0.465018561691474,-0.226012173844085,-0.799593200237544,0.503253773040532,3.27478484966794,3.00923026510671
-0.564232139071332,-1.35498985306843,0.181700232132517,2.52011793490933,-0.323988758187771,0.787957327684943,0.723157354855897,2.66155561698131
1.15984448991753,-1.29681039164462,0.185634323815594,2.33565048648782,3.29827078630002,0.785408461087319,1.11122446278879,-0.823540046207884
-0.476120597524649,-1.22408361737948,-0.900545056159217,1.27880367049509,0.625883731406893,1.87297306614758,2.37896947728078,1.99525180063279
-0.249745647578614,-1.13515639950888,-0.141931893522394,0.987681807248917,1.86510941089659,1.11574512859621,2.88570486418473,0.91144324657207
2.25815716578588,-1.02840904581969,0.217487400044166,3.42553511096054,0.69908372380659,0.757711060115108,0.664662402235527,2.2413642831882
-1.01094391233205,-0.90237020829918,2.32306311465903,1.86411347166003,1.94601417726618,-1.3464794294143,2.43950108232696,1.16588864579556
1.69955218928505,-0.755872118709986,0.635227512606305,1.58733687065896,1.83642497383604,0.342741397723876,2.92053400763572,1.45310396839951
1.75869158894729,-0.588247666538036,1.1708103490019,1.99429750438262,3.0776055723171,-0.191456213586267,2.70169228599349,0.393778911768574
-0.75354801908963,-0.399564131043504,1.99589911724509,2.2007073278635,2.99120369604653,-1.015159756744,2.65915361038861,0.663695827444944
-1.96831440457132,-0.190878131232515,0.97691758063735,1.9202828417269,2.20043261921486,0.00520700494919213,3.07018941390499,1.63639249526495
-0.886488368234015,0.0355170733197789,-1.02688240889195,3.27981793092895,3.37632538785758,2.01039221956395,1.79852121614391,0.636897152050044
-0.0176759158262439,0.275895483387484,0.960582344589683,2.81628230489536,4.36565025127777,0.024312691167765,2.29787200022033,-0.186138583182373
-0.319096302788001,0.525008913464611,0.440423429203274,2.06231783197263,2.61949289125745,0.545856831639628,3.02732805373634,1.7111033432776
0.734987959985952,0.776162728442769,1.84841186018127,2.85980945347548,0.0336033962927433,-0.860746374252912,2.1387695140384,4.42747470671772
-1.28202668151898,1.02150296825308,-0.90336509167424,1.04166480596268,0.360711442415722,1.89241580268805,3.79610868690503,4.20484962384097
0.403792031691813,1.252529197279,-0.298695180732274,3.71338881776435,3.48839706193906,1.28913111683154,0.894569919996866,1.15063091890423
1.60181852539325,1.46079817460909,1.73525765554389,3.28308931297511,1.81235616702062,-0.743436494359171,1.03117432939201,2.86489952541954
0.482072658407366,1.63872788931186,-1.12199889352707,1.16955219098081,1.33546421618467,2.11520527979724,2.79662315228309,3.34175105497035
0.475386738003043,1.78036818612662,0.847989666529965,0.0811655104476219,1.08117431026314,0.146601944825658,3.49572558549068,3.55622231362218
0.263478773749813,1.88199241227625,3.06122273771607,0.40298682724377,4.26140585869718,-2.06524590127499,2.75913612473123,0.296595584780923
0.392927078044827,1.94239454881257,2.2521435039009,-0.448295757563834,3.02474394934779,-1.25478144237437,3.18684288431481,1.41622374159562
-0.669237248687283,1.9628401067424,1.07235048116573,1.37197195987163,1.92091292098062,-0.0736031945537482,0.95021261058406,2.36890494457301
0.998624858662232,1.9467057268585,2.20442751246009,0.512832540291584,2.34989785768433,-1.20429500076265,1.41416192061579,1.75946183357026
-1.26685053801215,1.89889726467988,0.20947118237233,1.10014178560607,1.57952944777397,0.792046554410561,0.463742798554721,2.3257538259843
-1.25567281400624,1.825175245802,0.2375744157798,2.05279346441607,1.58493274609196,0.765328546088545,-0.812538409806542,2.09878647814413
0.0559993787619221,1.73151418576527,-0.394599839424142,-0.427175836825712,1.56189249818943,1.39888802637794,1.38720631598581,1.88892509498844
0.322541647330047,1.62358435438583,-1.77626209926101,2.09104196882541,1.79930020017767,2.78193551130026,-1.36696104743415,1.41309284006091
-1.00896485873746,1.50639759271593,1.31006607777018,0.394879405961413,1.91244362636759,-0.303007440645472,0.135965170072651,1.0612180975447
-0.0491931405274841,1.38411865960101,0.466817132269232,0.75953640557056,1.40510542224158,0.541626729940926,-0.382494199941736,1.33396988993084
0.550999622094269,1.26001675202561,-0.6617282114078,0.0682095343310375,1.48305191292697,1.67155729870341,0.190133659836507,1.02919461139507
-0.0834355279592889,1.13651603443826,-0.175719437315296,1.37195678822285,-0.812380387352044,1.18693374969636,-1.20203120212,3.10832806124414
-1.11155739083094,1.01530573989075,0.566128629068942,-0.235805361150121,2.23894302325375,0.446470908397578,0.3427091297297,-0.146780530786313
0.157917167917296,0.897475308735669,1.15097218983563,-1.06758937753306,0.769242660015923,-0.136987427283657,1.13220968799253,1.13292874661502
1.16691090062107,0.783651518245197,-1.63664357538842,-0.645135134255698,0.21381217667852,2.65201356302584,0.68396158837253,1.51284151209376
-0.826708771427184,0.674122738177619,0.376983226812448,0.146902964478336,-0.119294932283923,0.639771985910432,-0.121129798710952,1.68508926670934
-0.832392316063319,0.568942982911037,1.24421826827131,0.636805833846106,-0.206031688023552,-0.226077830462972,-0.614568149322351,1.62541832106287
1.59717997116253,0.468014531127533,0.644290470337473,-1.76338369105413,0.262523330202591,0.375235192556314,1.78889419733983,1.02440216668124
-0.612193420292052,0.371149870241643,-0.148025529259116,0.732846079843557,0.351628583445927,1.16893641723836,-0.699490791328303,0.816060522178559
0.498071597006512,0.278116128073745,0.210652368539612,-0.0204023351822338,-0.77866294191439,0.811643744525082,0.064359328614422,1.83947047986311
0.775238051785603,0.188665202854474,1.81428263100002,-0.340949081132601,0.975682029928137,-0.790601292849872,0.396814154307095,-0.010362957046806
1.20911298476084,0.102553274581478,1.29975553422358,0.852178164544441,0.146492412717949,-0.27468897098798,-0.784240357088189,0.733722570756286
-0.384783860196809,0.0195522476535613,-0.0672843045760414,1.19064019552868,0.568649939409743,1.0937360928971,-1.11135033803692,0.235824380765142
0.687839460164843,-0.0605442936507727,0.974847200826728,-0.461814743238153,1.29341290530889,0.0529898125797792,0.551059826212337,-0.556322905984669
-0.544733641100034,-0.137918822930618,-1.55474022450276,-1.61859584255616,-0.530382858499509,2.58396246299472,1.71589087207415,1.20747048088892
-0.352269542017612,-0.21272990280419,0.0885954130114959,1.09371543304213,0.76275532312686,0.942012050565918,-0.990652352208691,-0.139216933902374
0.543940036247232,-0.285113543021466,1.32394222343736,0.774988662951805,0.447849701651706,-0.291949534774495,-0.668714717861951,0.127717488750626
0.535689200074134,-0.355185154350373,-0.137229803877723,1.66238822904826,0.859534583353389,1.17060771762605,-1.55566028871463,-0.327177603442131
-0.804629715549005,-0.423041743320602,1.24256371745916,0.214257702528779,-0.0444748165851032,-0.207800578625381,-0.109978132828275,0.537624953578562
-0.777918429979366,-0.488763982866315,0.19189815848417,-1.45928346434288,-1.34303194869375,0.844250205435059,1.55810324439009,1.8002795859417
3.18187538965627,-0.552418046068551,-0.61508667197527,0.974922223209987,-0.152533663710266,1.65262026097995,-0.884660847216802,0.576540230105896
2.09338099165231,-0.614057077812603,-0.845668281091587,0.483078517363464,-0.115416361787983,1.88458709518172,-0.404551418052942,0.508252822205599
2.0473472181101,-0.673722297571168,1.73859067285053,-1.30862196733851,-2.19498479194385,-0.698286633674943,1.37216189620437,2.55817963153459
0.507131924881339,-0.731443716143361,1.65158040080731,2.67848675427978,0.822502301984442,-0.609891136546262,-2.63327153455228,-0.48792008416816
0.855171584208645,-0.787240467940313,-0.411655844545643,-0.553644684140167,0.0975305156677175,1.45473033389214,0.57709902338142,0.209006317705311
0.181302977089536,-0.841120768424987,-0.200602563595862,-1.47632347695659,0.133775118069815,1.24506227802781,1.47446299266308,0.144854149520549
-1.09810519182395,-0.893081503861578,1.28172278048446,0.148254044157162,-0.124747723797845,-0.235877840967055,-0.179124371834271,0.375204795825989
-2.72319169139639,-0.943107452750794,-1.46396907174211,-1.23331908396328,0.830730931561127,2.51119923634496,1.16957613278365,-0.609091425562439
-1.12800542702334,-0.991170130419454,2.27430559299326,-0.619695245874284,-0.414444150458274,-1.22569020330495,0.519019706738846,0.606256602982333
0.940911417608626,-1.03722623802472,0.353611044770795,-0.0852403686941941,-0.918523077797823,0.696389570002968,-0.0566565235272956,1.07914662709654
-0.614765869556427,-1.08121568615178,-0.507532591740529,-1.55505742347581,0.714507114218181,1.55891843159975,1.36738828864859,-0.586779539111479
-2.02291254725948,-1.12305915085582,0.854566110997079,1.50922010968173,0.142634368800422,0.198204953947592,-1.74750905763806,-0.0498522495720157
0.0528086517381018,-1.16265511195991,-0.59825959095602,-0.218176166147571,1.98047872390186,1.65241588098614,-0.0759121193454792,-1.92503516621055
-0.44065740161928,-1.19987632295165,2.46139751794516,0.953310772993126,-0.730947927973461,-1.40585600282958,-1.30874526854738,0.746311289191486
1.42169276728782,-1.23456561688803,-1.55798237185097,0.465775839913845,0.908494125563513,2.614909112052,-0.88850549749592,-0.936309334871895
-0.948117061263906,-1.26653099154379,-1.10333461359018,-0.455798716820572,-1.52462397076963,2.16164657887666,-0.0406101989498483,1.45016399993231
1.61169243498311,-1.29553989870604,-0.116129966828162,-1.50142670102195,-0.704066780665315,1.1758271572001,0.92448921584575,0.579114612607257
0.163094942971117,-1.3213126618932,1.22303796803933,-0.0907329473740748,-0.0304740021249385,-0.16195555258194,-0.574072939087565,-0.149214182437479
0.979688407386779,-1.3435149717497,1.80850646452175,1.1698659434325,-0.608792728173134,-0.746038823978908,-1.93038878540667,0.369712271202507
0.487454255739773,-1.36174944144838,0.260261706886112,0.678418212817656,-0.154689512666871,0.803591158742187,-1.5430233214272,-0.148867866152993
-1.33823448605244,-1.3755462626601,0.719308001308191,1.86258767307063,-0.142615670511513,0.345930089405561,-2.84015101298355,-0.230946242794252
-0.218967454039374,-1.38435309529506,-0.696933258156107,0.450618875777415,-0.484306989932574,1.76355657395531,-1.55050173878169,0.0347584376967136
1.29411861598541,-1.38752446438385,0.620758160025839,-2.80522098669,-0.0563030962091628,0.44725038085882,1.57322295494679,-0.475675064929944
0.296900959242981,-1.38431113321644,0.412396130463033,0.0762456665556592,1.06655454049025,0.65699763550708,-1.45050442205534,-1.68786473686297
0.70585354828186,-1.37385023450491,-1.62206639498608,-2.29510161162777,0.578647069497229,2.69284538604164,0.768214877042917,-1.29663843151621
0.604748071679693,-1.35515732276106,1.40188356947809,-1.51907925734706,0.37005190402285,-0.329719353337068,-0.170841386300934,-1.19249211642263
0.814714773627935,-1.32712198218392,1.86539432842646,-1.23219790150836,0.918676315786998,-0.791844887199983,-0.630949918270563,-1.85370291364506
0.123851218967408,-1.28850936285016,0.0978347974826506,0.0108622328246784,-2.38031051368302,0.977099868829276,-2.05688303576462,1.3242656427997
-0.711698734693403,-1.23797072499932,-0.15176763811457,-1.90658578460487,0.758607636194059,1.22808752951195,-0.330972510453281,-1.94428744090987
1.15722304013341,-1.17406698672796,0.793570073956301,-2.34227245918407,-1.20444610183843,0.284135042526533,-0.0939588751800837,-0.119518217580553
0.725252301754412,-1.09531010056067,3.23302300667948,-3.5165041362415,0.323542262159704,-2.1539326651112,0.8766663082072,-1.79427058310009
-0.891792471514294,-1.00022772112755,0.39873780096799,-2.80637053351637,0.867643399015622,0.681737765685751,-0.0390017973031704,-2.49318197875836
1.50629812930729,-0.887456714978288,-0.0794223298486709,-0.183417571617439,-1.47748502398029,1.16128312158787,-2.8654854488335,-0.310145577733831
0.481969536622622,-0.755870133107574,-0.462168681538391,-1.95787208683763,-1.33527290447538,1.54541469836304,-1.28760221979729,-0.620562060442757
-0.475608985459244,-0.604739700623654,0.850428594617458,0.30570216652311,-2.12972700134937,0.234202647292643,-3.73476306921545,0.00122425482571931
1.37217690330014,-0.433931025733178,-1.19984971069687,-3.8670398937695,0.0353253186674358,2.28586617769242,0.274433611405586,-2.33876271630894
-0.171669609109294,-0.24412110813951,-1.86416071609594,-1.71472303873573,-1.98366810503513,2.95156240817695,-2.0134599717067,-0.494175439389557
-0.304913212552486,-0.0370174123373254,1.16544078420883,-2.15497514935537,-1.59690124982655,-0.0766538670423638,-1.67233600838854,-1.05140497676401
-0.812153107889147,0.184454105629939,1.39660409269946,-0.969213198422016,-1.97708216679117,-0.30643195044754,-2.91224669919996,-0.833734022240433
2.40622614652821,0.416035406873593,0.357360961405239,-1.4484157177927,-3.05205951831023,0.73419640593213,-2.43431720645181,0.0912026694436505
-0.217232826976596,0.652145992495885,1.32433193208884,-1.92940557249358,-2.03196038766167,-0.231389339666015,-1.89529402561855,-1.06160476096726
0.148463341154493,0.886059334601773,-0.121169776707706,-2.53193081771694,-2.22809386852597,1.21549759421598,-1.17135410264353,-0.975876769780467
-0.224786877857652,1.11026974711857,0.280498771633203,-1.76556717541838,-1.39048948518455,0.815214270960527,-1.75201657030871,-1.89681520591106
-0.651127213460836,1.31703816062516,1.81630290060548,-0.948118452652115,-0.824754822290337,-0.719204632926295,-2.32231694601854,-2.51460138662581
0.295735522188371,1.49906076126505,2.62657325828243,-1.51797885246756,-1.77433706716388,-1.52808976551779,-1.45062363729581,-1.58249775856827
-1.53728151416324,1.65016309305153,1.65147978122698,-0.177535992334619,-1.65598183422561,-0.55161106337689,-2.44491696431639,-1.68171028440931
-2.22056394091286,1.76589964517852,2.13736506052696,-1.80432992791177,-2.0713760378074,-1.03611111759142,-0.440811438802123,-1.20997417191318
0.0410807995851319,1.84394717442828,0.383960252807298,-0.65352004463543,-2.54242009406671,0.718678915213699,-1.19787913070552,-0.646377680025766
-0.26258793011376,1.88422067158295,0.315418459332145,0.129196457687274,-3.73308676207923,0.788605933774306,-1.58532953981312,0.670552470720476
-1.52112426241109,1.88870034292313,0.744307360886753,-0.952042846380199,-1.23657929432324,0.361102257305152,-0.121052560901018,-1.66979106462427
1.10604176284957,1.86102878331438,0.896331299796307,-1.47917682844411,-2.98047608263527,0.210463543481051,0.765379526675353,0.255358175470807
0.434291070641009,1.8059615062298,1.38398404505279,-1.68920689325811,-0.92174185449598,-0.275803976689976,1.30235389934602,-1.60247120848856
1.493508981268,1.72878859488974,-1.0235095405636,0.678912495940727,-0.985740134685399,2.13307483401186,-0.776668539371769,-1.32358982370337
1.36183188949579,1.63481609312834,-0.692466745722808,0.594408108427051,-0.223038958376013,1.80341726425653,-0.443452796731121,-1.86298986555689
-0.49687556368724,1.5289666189033,-0.447492755831168,-0.261019429355176,-1.26415597719251,1.55982849945034,0.620281453024447,-0.595315125034347
0.485400886470368,1.41552322901854,2.00406967428028,1.23944542018192,0.260940008511098,-0.890348705575658,-0.710359660230408,-1.89515770685468
-0.403623777557946,1.2980070129465,0.0739942591153606,2.79598815182653,0.0502952861252562,1.04111193467472,-2.13230659374939,-1.4644061254697
-1.65561144251642,1.1791626918706,0.39493993108457,0.26668580114903,-1.49709755101357,0.721551487790962,0.500399725055803,0.294867402353712
-0.734212487543621,1.06101800583859,0.233349798137072,1.44538589064385,-1.24023597707672,0.884526845823913,-0.601724033864815,0.239328874179526
0.055885409760085,0.944984644109461,-1.56166575891432,0.49726211176951,-0.0153081300126728,2.68092762796076,0.40050172943711,-0.7964722354509
0.219974421205358,0.83197536875391,0.586928201645467,-0.478286677221415,-2.41558288936452,0.533718892486426,1.4117892965621,1.77970646786481
-1.13725169222387,0.722519831497171,-1.1294289693646,-0.112818112266488,-1.51014021179722,2.25146128858195,1.0674301058079,1.0364375423999
-0.850495150856387,0.61686675481205,2.50680021632735,-0.63811017311526,-0.828409546709908,-1.38338267202455,1.60248755002245,0.503068901565243
2.0113523763227,0.515070140058174,1.09632331658634,0.389079496187138,0.749404676594695,0.028479452801915,0.57653931683359,-0.939941319892997
0.479359490742968,0.417057012395509,-1.09217911737234,0.937924112836824,-0.766037744052616,2.21836711184605,0.0227828042427589,0.697254798091954
0.99536336907993,0.322678228247066,0.189576032355182,0.895135083649567,-0.426051067117787,0.937997187203978,0.0564629085435712,0.466662646126944
-0.246529054170171,0.231744982284342,0.422241348574383,2.07587699850808,-1.78315530637707,0.70671709607023,-1.13599774061656,1.92161719466902
-2.74166359724103,0.14405377833903,-0.795188089197413,0.0789692554254608,2.47791517161003,1.92553175892748,0.847848347374131,-2.25225715015606
-1.26926845849287,0.0594025018458627,1.41138836371335,0.633220596784466,-0.34091938639395,-0.279659468897832,0.280187397557401,0.644045511376468
1.63436102265621,-0.0223999553885274,0.627798181015192,0.773610728637437,1.62382143566764,0.505315938885782,0.126807981855308,-1.25202309192106
-0.30342387991123,-0.101528606822382,0.654961692125103,-0.146470768631304,-0.399602158702652,0.479537652861325,1.03490288705898,0.832192339815233
1.1496618969824,-0.178140331392785,0.617617162547166,0.948780311132999,-1.70089342827391,0.518267407524716,-0.0708995872559235,2.18727753172833
-0.382773932009538,-0.252373766316569,1.65995037152062,-0.56338076998817,0.050811816305903,-0.522680576363288,1.43245919956715,0.483206520490929
-1.6875188721799,-0.324350321127588,0.0101934686265458,0.0631009772138956,0.31339743469183,1.12846155161624,0.799146239156774,0.262882390834671
-0.330497115260299,-0.394175760120675,0.516567809002151,1.63600251316635,0.476927281088884,0.623472436326092,-0.77846286012237,0.136973219075288
2.333549833519,-0.461941986463499,1.12396939484445,-0.511987539736208,-0.727117787307751,0.0174560755692432,1.36704523869951,1.37467390267358
-0.0159234571332576,-0.527728797627643,0.304902330341865,0.822586860965701,0.281264485848438,0.837908365157284,0.0322814150411908,0.396602548241358
0.329645177928816,-0.591605478502258,-0.319300906929635,0.224479940974301,-0.111475247066288,1.46349682751424,0.632536125213229,0.816875703483282
-0.0552687056856485,-0.653632162444603,-1.08318521474134,-0.174518480409359,-0.713458946145563,2.2287663604114,1.03605244264862,1.44413262520043
1.46782071030524,-0.713860931911261,0.199341248164277,-1.16222701944495,0.512915933267974,0.947625122591232,2.03067857818121,0.241242123803243
-0.668802881934231,-0.772336654751157,0.246550747932148,0.811079466749974,0.419326049601832,0.901800847908815,0.0667225626900543,0.356957360719982
-0.185317937544849,-0.829097565080406,1.97477056122302,-0.694695964705646,0.0692279361213619,-0.825033740296605,1.58432366009998,0.7282147394816
-0.638937315377035,-0.884175602262157,0.377211815837091,1.0579739068565,-0.799417752894802,0.773910230174779,-0.153989355877208,1.61741440577612
-0.126486724260179,-0.937596522104836,0.535553710768881,0.19746150342065,0.388811011676794,0.616953560328443,0.723484465593877,0.449467731462746
0.163042620539805,-0.989379790067771,1.47692365981449,0.224488111720074,0.812024391655713,-0.323031163631714,0.716117670221206,0.046575205990667
-0.73733395004941,-1.03953826119411,0.587385388652018,-0.0800016276554193,-1.17882226704408,0.567892332616214,1.04308253387305,2.05807389205094
-0.301332756300494,-1.08807764462232,2.24692519196802,0.738414249044882,0.625041226819656,-1.09026224561434,0.250099383339808,0.275472108898433
-0.76521050663967,-1.13499574295352,1.44394788926267,-0.414647970377547,2.40472271178445,-0.285899717823535,1.43172166065249,-1.48206920568834
-1.41902900215569,-1.18028144795787,0.787106316902045,0.335173773566705,0.616126357458039,0.372327079622546,0.713786398267801,0.329808800848095
-0.707061845146075,-1.22391346635317,0.751228902784831,1.16983011286302,0.602970196612459,0.409589718825214,-0.0854267513680216,0.367649165914993
-1.98851115176983,-1.26585874527636,1.10626788084632,2.19904817141507,1.7640985922349,0.055935965849177,-1.07538165475429,-0.767129717255045
-0.609889831309624,-1.30607053960936,2.50035147714347,1.09259834587599,0.217805266762425,-1.33676240536252,0.0744492473511634,0.807446346504185
0.356513388352051,-1.34448607155049,1.92118181015363,0.00967988370372885,-0.849082827279564,-0.756207513287221,1.20520101256033,1.90482681036
1.43576704860355,-1.38102371613489,0.544584153165254,1.10210739465722,-0.805220129819932,0.621775368786605,0.165431208595454,1.8939541914077
-1.44924925007785,-1.41557962920538,-0.713329381608621,1.15304805398014,0.886426302402473,1.88107412864593,0.172384008864697,0.238098327147153
0.153728350302673,-1.44802372527557,-0.911874619728434,2.04532336359512,-1.08881081133252,2.0810045918512,-0.656310638317195,2.25224684702328
-0.412659705764613,-1.47819490038074,-0.4231663049008,1.94390791959507,0.113031210950237,1.59368150210902,-0.485135419763613,1.09277764843345
-1.18836146324909,-1.50589538400334,1.83619020475638,0.190484167544199,0.602747799926997,-0.664289782462704,1.34475908959878,0.649258514599909
-0.929188701218039,-1.53088409658746,1.03311391862731,0.835350330764388,0.83283651904445,0.140171728751815,0.783644765134501,0.469579788582577
-0.154214135261895,-1.55286888767851,-0.49272783263669,0.3345980612905,2.04979003438657,1.66739870510127,1.37603480781655,-0.692337010494764
0.980454873583558,-1.57149753867167,0.308836657381868,0.124793949547201,0.43939165671064,0.867219440168165,1.68599635934382,0.978166207988071
-0.312646047357559,-1.58634743989326,-0.57296159085556,1.37507075682076,1.16529756246169,1.75040291349105,0.545050137904378,0.31790193290175
0.956724010712391,-1.59691390343033,-0.942000324251776,-0.147948905006621,1.063022763096,2.12082687197272,2.18723327825516,0.491849917565042
-0.371112221529392,-1.60259716360818,-0.306113423366872,1.19150692256959,-0.0528421887911956,1.48632519617327,0.977420633138614,1.68593767272883
-0.825111044320637,-1.60268826379561,2.13635987044968,2.20567405516647,0.962361167906508,-0.954762872557834,0.103983639278768,0.756043113104406
0.947740329427314,-1.59635425439903,2.03977663848065,-0.590097874600616,0.654290387358291,-0.856794415503347,3.05210425982009,1.15705550323431
1.45607588293549,-1.58262344690992,-1.08315735999534,0.466608001989212,1.46817477531943,2.2675248080581,2.15977380494876,0.444291248517575
0.538912206753961,-1.56037199507251,1.35409175123569,1.32481808941246,0.747430526770246,-0.168339078087487,1.478187574039,1.27486217492484
-2.41293609821243,-1.52831369720122,0.48316766488525,0.857430308798271,0.121953284328141,0.703970233348411,2.13440302494522,2.01936045897143
-0.103563171941801,-1.48499573463432,1.21944517032524,1.27441608077651,1.40371009974305,-0.030922047006124,1.91803785847276,0.866236664205081
-1.47935007079464,-1.42880429057412,0.449945825867203,0.821959441334541,3.15998342595743,0.739962522537365,2.58200850105714,-0.751483398856607
1.06077066887145,-1.35798518489711,-1.7637309394547,2.52406908958422,1.79505095512651,2.95502451294472,1.10077313083614,0.762071638939588
0.735950189290302,-1.27068612944579,1.52495727126377,0.345355727452622,0.761205943050231,-0.332278472688294,3.5073893842297,1.95453660615831
-0.704506569177323,-1.16502845815616,0.38346068608694,1.43201023837956,0.133926953759716,0.810603337573989,2.65235818803427,2.75006563024439
-0.277006732743062,-1.03921687421182,0.946765797410556,3.17963712278422,3.3913815728435,0.248683451335827,1.13561328640973,-0.330258156830965
0.748065140362464,-0.891695176338333,1.83718450505142,1.92263586572542,2.01246156795825,-0.64035003121958,2.61698707123955,1.23344592859139
0.0474655250939439,-0.721353101764939,0.87201836334656,1.99955973755084,2.11311005520146,0.326201335570729,2.75075785385649,1.32342825746134
0.499872761779361,-0.527783199373081,1.44283093067712,3.04407788564156,0.865290598954059,-0.243226006674372,1.89469921518744,2.7652438668534
-0.136954926946039,-0.311576006290671,1.0448906447899,0.774145995332102,2.62233422266644,0.1560995042983,4.32108183487842,1.20232815624513
-0.325884945720745,-0.0746264518663942,-0.574025513083,2.17945452094985,0.907520968825769,1.77640088725665,3.02961578760355,3.10737534690882
0.532059132771522,0.179594278615892,0.341019561285828,2.44293562795289,1.62014324392195,0.862741037973276,2.82659576462898,2.57629493454727
0.169171762327495,0.445865242214263,1.34352465762165,2.5242343082979,1.51624738069,-0.138378833277091,2.74235264596553,2.84757303613463
0.29791843807418,0.717214804411049,0.813722290358081,3.60449643757381,3.38022835089283,0.39280875907193,1.58760867463943,1.13088276297721
0.000551396050764774,0.9851601600187,1.64524858688492,1.68505345481322,3.0743178435353,-0.437332312369452,3.35602941086375,1.55791117818912
-0.178868822695964,1.24022444744688,0.388179792367825,2.04290091725283,2.5110475782733,0.821121707233093,2.7698710663958,2.21031000954425
0.663983163511497,1.47271225779749,-0.241540201131863,2.26058157968233,2.76307492224514,1.45222692581823,2.25086162096342,2.01034820280216
-0.158174522262271,1.67365274157693,0.842378042827675,3.79046589266939,2.17987482804615,0.36969390694415,0.356087596266891,2.60470395803201
-0.497607283001934,1.83575503335492,0.91666472846877,2.51765325593658,1.81461535464219,0.296792446388508,1.21452382397863,2.93800542467742
-0.802249971810339,1.9541907609964,1.8589678780154,2.8702778764552,2.4816556044857,-0.644125478072666,0.415445575364562,2.19560814808205
0.0833571512811528,2.027043256404,1.91115956304496,1.29424150624601,4.57455118866153,-0.694931938016777,1.53189959285408,-0.0143292816625578
-0.432255591651339,2.05532922634236,-0.38984625475676,0.515612744974186,3.44515538611888,1.6074591048704,1.85635769263485,0.959919793734362
0.112604194879124,2.04263182850086,1.19188873948428,1.10016668141218,1.67174234263669,0.0271093357148103,0.839397266601783,2.54520845296086
-0.0893599175481459,1.99442317651125,-0.535970168956318,0.685489442468794,0.256756919072627,1.75635346924086,0.856331570859847,3.74530764248178
-2.32564896648404,1.91725907249145,-0.391966161774866,1.03123241819783,2.02268976090896,1.61373468714487,0.156320513541409,1.74451649733278
-0.337524322368926,1.81799636040812,0.759821975695255,1.85530415816296,0.763114548771151,0.463331774760197,-0.973830291265723,2.75612582828726
0.793061508624846,1.7031530238205,0.42440516974545,1.44670576131393,2.44446638270306,0.800133805795457,-0.822033537023457,0.820214338005097
-0.818038972990439,1.57847216200889,1.75981912596446,-0.174887622649275,0.955390261648426,-0.533894925338099,0.590256201047303,2.05398386814623
0.520587949793582,1.44869209187919,-0.183504020777606,-0.925708310614276,2.16216177713349,1.41081344648942,1.17547832727049,0.596140442209414
1.77401519824249,1.31749020867197,-0.246648808505183,0.730662748935211,-1.44462282612462,1.47534345930245,-0.607790098196902,3.96011509869923
0.419067230733665,1.18754862011681,-0.28214845764774,-0.93194645254079,0.151161570534273,1.51222833353046,0.96107859463777,2.13285410513562
0.753594714941407,1.06069269000011,0.782145886863493,1.06375391686083,0.416051878896394,0.449319214104681,-1.10078441634417,1.64999845648333
1.34772547102521,0.938056283965074,0.316014526824681,-1.30222618995399,0.989422207421207,0.916835799228946,1.2213282484275,0.873559109245881
-1.88759241978113,0.820248321227058,-0.644242412214032,-0.26315423357522,0.883289917026139,1.87847796335311,0.155904610974191,0.792230337152737
0.207561076784721,0.707501127742423,0.0768794951944446,1.09360869055057,-0.318351873955133,1.15874128103009,-1.21387970983954,1.82218175526865
-0.851727453481848,0.599792759563194,0.658860993031397,-1.3094423143512,1.13767976068342,0.578145008278591,1.18591078961101,0.209961491610351
-1.68297910633993,0.496942727486884,1.63932315303361,-1.4345183190072,0.980212586159912,-0.400931926638172,1.31450895692709,0.226147551808377
1.73775846078931,0.398682654295847,-0.4150755533947,1.29676893815232,0.12954784430558,1.6548520048756,-1.40891405612973,0.949611059315226
-0.0662920177456006,0.304705684344189,-0.339789445906578,-0.69474762384363,2.22004519676749,1.58095112247293,0.592841210058886,-1.25499236046809
1.4955785494759,0.214699189618433,0.232159289756162,0.0956442904778492,0.000358587856157278,1.01038761189564,-0.186500738125519,0.862603518705884
2.71639176475253,0.128365429449749,0.219767065148919,0.96273666175317,0.382195533693688,1.02416506158834,-1.04295643925477,0.389565255592478
1.11864178928294,0.0454331389191267,-0.326202885418766,0.346579152107032,0.157725223609091,1.57152023724147,-0.417522211642504,0.532589251878805
0.218090341361197,-0.034337565196363,2.61217355091596,-0.987129888268143,0.214972033591886,-1.3654709740078,0.923381310635807,0.402535402517808
-0.444985886767228,-0.111153485897348,1.39112352358575,-1.34251742612426,0.961477607901458,-0.143035721592138,1.28333644165174,-0.409214915719944
1.24818191038255,-0.185189289370542,0.911971846981564,0.264130000741297,1.56290309802968,0.337501180097506,-0.321777115360379,-1.06934794818739
-0.120311044986732,-0.256589813124452,1.92371496286146,3.20184706039024,2.56462168904638,-0.672856710696936,-3.26129624125122,-2.12420243968236
-0.461238334056539,-0.325472613879383,0.343161584308155,0.832900346568592,0.892671279135023,0.909081892941821,-0.897713804346152,-0.500717788847479
0.0331630119812635,-0.391930782995294,2.20242797197058,-1.49035153818012,0.857336355271753,-0.948799269635151,1.41643850742729,-0.510015512153534
-0.861380158644545,-0.456035317187694,-0.0139865985704438,0.84822917333212,-0.0705859114111588,1.26900052599133,-0.935115868961192,0.37633332499308
-1.01788115944527,-0.517837181270402,1.80824999298103,-0.297266548616821,-0.803239903050613,-0.551850840474695,0.193411648245832,1.06975899000032
-0.118862341535084,-0.577368694036856,0.0549856466997417,-0.381036644879165,-0.517590470787848,1.20279873089205,0.256104954521034,0.746567698406118
-0.517751090921833,-0.634644460673836,-0.0941780514721202,-0.506547370934438,0.549739479106946,1.35334765414936,0.356312581521383,-0.357225902036303
0.613559676674432,-0.689661732725544,0.114195472535299,1.61137860623469,0.721343703069144,1.1463593552274,-1.79127223448967,-0.564779166079938
-0.760865671388837,-0.742400194694359,0.118952552860815,-2.38415017522842,1.93897498047541,1.14298749998734,2.17009468723893,-1.81836970115677
0.385858304366714,-0.792821219380808,1.76756890860664,-0.995502664558142,0.691779507712461,-0.504243630673036,0.742612663405096,-0.607635501328994
-0.178869173536721,-0.840866531091372,1.27805165865822,-0.571682980020391,-0.0627173574214357,-0.0133411556391571,0.275090355815855,0.10943335124884
0.847090642303218,-0.886456347529477,0.592809039213668,-0.701991478091366,0.232729996480949,0.673286688890844,0.356604657012907,-0.22485189102755
0.26156571636932,-0.929487010414792,-0.977131064921017,0.175191655411299,2.26122800640797,2.24461201811098,-0.57471658710477,-2.29402407679565
0.819080593733149,-0.969827995916408,1.59080338151944,-0.473884902885567,1.22383176817936,-0.32193720324402,0.0145967559442062,-1.2995528079452
0.690055591704719,-1.00731832208609,0.972331879744595,-1.20526336054249,0.394722386134564,0.297919523616277,0.680278090741335,-0.516026016778464
-0.223441374497632,-1.04176234623342,1.57903289715737,-0.60398656160392,-0.0352438727970053,-0.307396268711039,0.00703651614428175,-0.1347026602382
-0.56460404812349,-1.0729248910488,0.678055226650672,0.49883873925389,0.781681080261408,0.594966626881107,-1.17437554156852,-1.0037322237205
1.45813675974794,-1.1005257279223,0.369408247927287,-0.444743726940992,1.16019964084446,0.904998830689947,-0.316370371226546,-1.4382192066679
-0.428549879598042,-1.12423344122875,1.11337361497575,-0.716515400892747,-0.106293398393199,0.162418688726938,-0.137540506949386,-0.231962231393097
-1.59302968030713,-1.14365871161035,0.673495500621426,-0.135760948017414,0.800271426385925,0.603682028166714,-0.818968713789186,-1.20343611481881
1.01688521227272,-1.15834716097993,0.91588706308129,-0.530592563104522,-0.582657052488768,0.362675690792304,-0.532887844509768,0.109505115399442
0.474254329937664,-1.16777200419423,1.32461554370983,-1.3034817551182,0.751975171472853,-0.0446675647507839,0.122871533278377,-1.30059411720176
-0.803181456870031,-1.17132688264051,2.67646050694026,-0.604960466794781,-1.26489757925988,-1.39512730289576,-0.701391370273907,0.63493957469725
0.257886325125326,-1.16831945060588,1.55468267393971,-1.25137834306164,-0.585845518143287,-0.271964244809759,-0.189457004272332,-0.131698286873251
-1.67217728306275,-1.15796654744257,-0.651682606935348,0.543297416003284,0.596329737867156,1.93578626115076,-2.12734423602407,-1.40805164162226
1.26113637900041,-1.13939212004561,0.705442919541607,-0.756381674407759,-1.49959535165312,0.580045959759255,-0.979396039363919,0.586802007248004
0.112657992204432,-1.11162946941385,0.866525893573745,-2.31776441578003,-1.19978286293166,0.42034821081257,0.422200153862114,0.178788097437919
-1.51241471608064,-1.07362987345891,0.578814398150943,-0.962098559234169,-0.696505996329552,0.709444931320826,-1.10051796919635,-0.439967327227964
-0.434447213679975,-1.0242801568619,1.33615990032816,-1.10326302374085,-0.749704385271758,-0.0465153457709415,-1.13247478020104,-0.509551455416568
-0.957360151124458,-0.962432274571261,-1.00168526233412,-2.04649636075172,-1.55333242794865,2.2927150419768,-0.366740167871881,0.164120636796481
-0.217692102609017,-0.886948335661565,-1.03709547958015,-1.51790777273963,-0.318298700040816,2.32951048430827,-1.0749273788849,-1.2077114277484
-0.393309513141255,-0.79676453982414,0.0866391063426689,-0.424398143416183,-1.37192481349254,1.20716112347091,-2.34718522072598,-0.297145767058643
-0.512364144444068,-0.690976974454361,1.34332462214771,-2.64353187635497,-1.60315331605067,-0.0481391672486712,-0.302255082328152,-0.214357684281933
-0.905912141443052,-0.568950801683637,0.583687720684798,-2.00876241384933,-0.9506578881827,0.712882959299691,-1.10220551401248,-1.01943572761543
-1.3053445513347,-0.430451700354839,2.27688300895013,-0.436521878067662,-1.51247281046808,-0.978927103880184,-2.82535383725476,-0.612701904495458
0.652367284515528,-0.275794237578187,1.62113423807442,-0.864264798201012,-0.415848535446677,-0.321793107919021,-2.52830786660111,-1.86481562617599
1.10704079301415,-0.105996089048051,0.238884378786264,-4.09313661859052,-0.0915240540785489,1.06184197645459,0.596519597884174,-2.34247902001123
0.700502629057331,0.0770798564896759,1.35054522016556,-2.36420275974047,-0.919801968974654,-0.0484336398392605,-1.2031594707132,-1.66236754436279
-0.847804984122406,0.270620329184347,0.611585873963844,-0.0370964766661395,-2.15278429909984,0.691910931447913,-3.56128325946991,-0.568938245157694
-1.02527373774903,0.470823094055071,0.190467494569187,-1.55063995799148,-1.99618393715112,1.11441453592802,-2.03335282432739,-0.85270988244537
0.00350942757017719,0.672954733840092,0.0807714930971174,-1.65284520817557,-2.46565726716391,1.22549576248555,-1.86703677649434,-0.494074946756054
-0.439868273723122,0.871527374761932,-0.177198509478308,-1.71555799719068,-2.849463807876,1.48485099014643,-1.68813572731962,-0.200836858128103
-0.333101934776526,1.06060093405722,-1.02091029112454,-0.854139048992515,-2.81497856046235,2.32994799687811,-2.38141859569348,-0.301937057178983
-0.680713562557276,1.23419382211792,-0.825170499000836,-0.117201023679744,-2.91271653485147,2.13559342983986,-2.90120860559006,-0.243693022581298
1.19059023074649,1.38675834267498,1.59159185403163,0.533230883597766,-0.387085495506937,-0.279783698107155,-3.29126140050792,-2.77930291637489
2.46853860480988,1.51365486703285,3.61559001578442,-0.339592440149297,-2.2621109363796,-2.30239663477449,-2.12315913226985,-0.883339630626408
0.906877916313898,1.61154942734089,3.24242761286543,-1.66363734657394,-2.73586077740488,-1.92784900677004,-0.479201891705045,-0.357474660763797
-0.230349463734637,1.67866803298899,-0.711380218818286,-0.311766607258022,-0.474646972974931,2.02734404999912,-1.49787175124908,-2.53633062850414
2.10610732535944,1.7148672398001,1.1176244924263,-0.85760482734735,-0.828444854803252,0.199724563839987,-0.616999995296247,-2.07201149881927
1.13390984332555,1.72151727256586,-0.0298142056771288,-0.0944580825065445,-1.79427409346297,1.34854848702887,-1.05392078535048,-0.970572950321857
-2.87409301281249,1.70123032997027,1.47128899839622,-0.877865246340766,-0.812225930117956,-0.151169491959022,0.03783191182826,-1.79576962192744
-0.78956911528154,1.65749215926328,0.522874397954191,-0.290154019435799,-2.77028681671719,0.798630333568461,-0.266430303110063,0.336039510473298
2.02023352106583,1.59426379851417,0.915365323818158,0.430689436854341,-1.29145550547568,0.407524632789949,-0.733480960401883,-0.956709860549727
-0.770999999937024,1.51561300098181,-1.15841041332842,-0.529978542252093,-1.90449940657141,2.48268559502198,0.448758240132253,-0.149769207084967
0.768251441159111,1.42541652368201,1.998903210092,-0.820476084234138,-0.128277741278897,-0.673242803312987,0.927974808652371,-1.72853514299111
-1.90459533010588,1.32715345263222,0.472776283065664,0.526536648531809,-2.48221300808596,0.854269348798802,-0.262240082374756,0.822584787404952
-0.232986971186125,1.22378761736702,2.53934494424602,0.0703698832771197,-0.682915204029784,-1.2109140872961,0.32087728056422,-0.78309851016635
0.947859089873641,1.11772853885352,0.175126842517944,-0.00343515893397112,-0.433357851303674,1.15468923951743,0.49460180758102,-0.845329999758731
-0.612917850828822,1.01084909137834,-0.12697018239925,-0.23541700476585,-2.22479107820516,1.45817148952008,0.802683296908898,1.12500787677699
-0.649664725068289,0.904540884264952,0.356008820612687,0.304735441876595,-0.681460374309379,0.976577711593593,0.318141957418743,-0.24941537599769
0.346986103591644,0.799787978071744,0.208889647460286,2.15961688948466,-0.0669292699078471,1.12508210983145,-1.49836683817664,-0.706107355376563
0.0551277476998174,0.69724569760497,-0.0700771808896857,-2.15606289078058,-0.196458212370129,1.40543416326687,2.8414805967996,-0.430438456347442
-0.61665030234105,0.597315761641419,1.26908703909802,-0.274097906190064,-0.566442205581405,0.0676551683646205,0.972215403173672,0.0737257608447609
0.446259760531329,0.500212249778933,0.888558790921139,-0.410665790928575,1.05355110113691,0.449568641626955,1.11241851438676,-1.42400677628818
1.35013244361606,0.406016439925452,-0.424980055265637,-0.348714841564774,0.702469139471516,1.76449271289919,1.04709994161831,-0.962307532515798
-1.2275229933712,0.314720098461507,1.83388059101998,0.114692530301601,-0.42930863190049,-0.492982708300978,0.575054955527372,0.268897124575761
0.544632766222108,0.22625827233429,1.98338162934476,-0.220563304761505,0.964779745875958,-0.641098521540302,0.897832026129161,-1.03637540268014
0.860831067103874,0.14053346936791,0.63020982002115,-0.148882416808357,0.836347629204482,0.713458512868759,0.81098709206858,-0.82907605677825
-0.477874029446667,0.0574321201479094,0.456969745465217,-0.537960337918935,-0.0458707684092042,0.888083812510145,1.18313250042166,0.122771232455813
0.16146886744827,-0.0231641377639709,0.260610039893395,0.783439034178725,0.316060306827878,1.08582874316742,-0.156256796930996,-0.178039627853671
-0.767356053257427,-0.101371458451664,0.397195724080151,1.40837206356702,1.96116521857047,0.950628284066119,-0.799700291931271,-1.76980616004487
-0.287861896921785,-0.177299711583414,0.00787919965160411,0.582303457210569,0.55879653123701,1.34133003358012,0.00772878324634357,-0.321173782934651
1.63221362203856,-0.251050470936843,0.91179083541975,-0.353449030046178,-1.17223129734104,0.438803622897426,0.924984311339656,1.4497181911437
0.988282493515781,-0.322716396574323,2.31592832897546,0.94650881098082,0.10757379279383,-0.963948645572828,-0.393153958780453,0.204012414191174
-0.476075221163732,-0.392381245467169,0.60348677324637,-0.011447898587644,0.353011522994593,0.749878135241714,0.547034326765725,-0.0125024022103553
-0.812866290950786,-0.460120513989121,-0.799478393268623,0.23976974708317,0.991243303016408,2.15422852684216,0.278493230651852,-0.626448529626687
1.03106726939358,-0.526002269208103,1.04538346533843,-1.42658015326172,0.987702011666321,0.310751893320559,1.92794839125498,-0.602770236880337
-0.534775874532302,-0.590088015155936,1.05786688049203,0.942431651549695,-0.214462636622776,0.29965370325241,-0.457584051226613,0.615820934769921
2.72806302613338,-0.65243352794266,-0.18697411723565,0.561449225212404,-1.00255008875321,1.54587992606555,-0.0928323993604946,1.41701335841749
0.0513337124585678,-0.713089600355698,1.25024841995181,1.09898383769524,-0.240358193107389,0.110042613963545,-0.646414922426782,0.664946448429708
1.22383325307451,-0.772102669392004,0.748292647174858,-0.804429733835552,0.0581130725690923,0.613383611825946,1.2410091172536,0.373916750327835
1.1579082973828,-0.829515317490371,1.11350539463924,1.3228177646769,0.969001013286514,0.249556089447021,-0.902307587762252,-0.531958839930441
1.28840563531197,-0.885366648698745,1.15747471318637,0.489772473849198,3.00705899670445,0.206971995985337,-0.0855600233656666,-2.56721912286152
-0.235004159783112,-0.939692546018784,2.1902596777845,-0.318132923046606,-1.64315512654817,-0.824427743527338,0.705661304781857,2.08375570400576
-0.948253814010025,-0.992525817570916,0.146992525862284,0.025800293786023,1.07557548781624,1.22022463348033,0.344491890242614,-0.636107854409732
-0.252751287306098,-1.04389623857408,-0.749456477920423,0.344135855284268,-1.75476560962178,2.1180588623485,0.00819459534121602,2.19131812937634
1.96822698779484,-1.09383049403621,-0.662123294833681,0.646696076763193,-0.379132136913865,2.03211090434721,-0.313234135823572,0.811069187604147
2.28110407423631,-1.14235202412248,1.4164240128408,0.166379031498401,-2.95871433587791,-0.0450511782418224,0.147117869122441,3.3843896601816
0.668330270177476,-1.18948077067491,1.25316459788826,2.7857719232289,1.38539289459635,0.119593461796177,-2.49353593419189,-0.967597504578099
1.38018879176258,-1.23523281947477,0.862546567734982,-0.56979083937169,-0.360080819030352,0.511596717034904,0.839259712350994,0.768381442453797
-0.565596892373579,-1.279619928602,-0.686000929341316,-0.178641570860041,0.308699472611136,2.06152943919666,0.423614103672157,0.088471330454701
-0.928115724124617,-1.32264892861462,1.11254983162865,-0.37782116244699,0.0456923939779527,0.264363903312143,0.596330479524661,0.338670494804045
0.913155340374041,-1.36432097516201,1.88016296595814,0.681419552261573,0.681572759337049,-0.501864005931894,-0.491594778248101,-0.31176125482137
1.45462589787222,-1.40463062891691,0.497936945533449,-2.93667373690002,1.29680686061078,0.881747239578251,3.09531902026205,-0.943377729515996
-0.728745399965966,-1.44356473120614,1.02391187197357,1.19486188919557,-1.50291432584705,0.357157538223581,-1.07018637957549,1.83802034212377
-0.46258745130131,-1.48110103625396,0.691305709524933,-2.8389782096248,0.130368649634106,0.691148925757674,2.92657390841267,0.184341161321991
-0.248374500989091,-1.51720655233422,1.44516218727702,0.481029707209356,-0.692405278744879,-0.061322326908955,-0.433970861964714,0.984490220923694
-0.0881792210607824,-1.55183553416507,0.891596975474011,0.122061826934811,1.26498086174531,0.493628109979503,-0.119374062527968,-0.997929125848885
-0.916947511461764,-1.58492705740147,0.733356585103009,1.03004685539076,-0.75048899999861,0.653253725435958,-1.07597473400536,0.989894305735231
1.2628977992193,-1.61640209296722,1.30224497387468,-0.29012840664659,0.195454262852638,0.0857505617497388,0.19089389409721,0.0134599661687625
-0.997038981659659,-1.64615998419296,1.30341176262229,-0.317540449785959,-0.480178349230933,0.0859689980875834,0.159822976532378,0.65549738777067
-0.429227324897451,-1.67407421343942,0.0406157515742694,-0.0260702332829796,1.67985421684383,1.35015023422106,-0.195833308704053,-1.54152364777501
-1.44520042547648,-1.69998732751489,1.17347163187395,-1.20117731918461,0.440178192796571,0.218679579006829,0.90881431271329,-0.342549980330981
0.705534012927814,-1.72370487363046,-0.20666000374203,-0.376402799738084,-2.36657682701566,1.60019643970827,0.00669183419897315,2.41943498277676
1.49394297244958,-1.74498818146269,1.78542883515951,1.71129164033073,2.00874023519771,-0.390507174107819,-2.16589913649362,-2.00510853027323
2.02574948801876,-1.76354581476772,-0.158976611218322,-0.489920752411054,-1.10437442190212,1.55528349735546,-0.0578354154308375,1.05389825704508
0.776434492728405,-1.77902351215215,0.74200528150761,-0.31511382706173,-1.53401549792263,0.655686829714987,-0.334786388705364,1.42408765740362
0.255520493862327,-1.79099244758859,1.0976070160308,-0.508703026561676,-1.02707710282503,0.301470320277249,-0.253112435348977,0.851853677995193
1.1994574934842,-1.79893567686639,2.13304183001745,-0.438800596663282,-0.425790020778381,-0.732579268623946,-0.44549819627883,0.17888995550097
0.934357115241544,-1.8022327107048,-0.00663982783652595,0.520691259137432,-1.1776295104316,1.40848761431548,-1.53884191667978,0.85209971272542
-1.22223794191252,-1.80014228909637,1.7625270741382,1.70317739987502,1.50336834098391,-0.359294062573787,-2.86732702894449,-1.9150836417664
-0.21281387387652,-1.79178365274163,0.629038415239603,-0.516794664392438,-1.47866202330358,0.77557982141026,-0.806221932710807,0.972579244235321
-0.625538480563494,-1.77611695372436,1.8729589782041,-0.221680167336068,-1.56814717523879,-0.466955516468784,-1.27368545688409,0.958876198654162
-2.25166373398475,-1.75192396663725,2.48127172430031,-2.13446577171847,-1.43969609954597,-1.07388303747954,0.452827789369866,0.717781029135304
0.870612715136086,-1.71779100998452,1.50471633555607,-2.81217480512686,-1.42223909674462,-0.0959424236498481,0.930159341902058,0.577615182851401
0.305209424698416,-1.6720970260995,0.776100412771574,-2.34796392721206,-1.03087776581022,0.634058724220104,0.251655018196655,0.0529289523043738
1.48949834185779,-1.61301114614412,1.11441380763086,-1.84856509834151,0.41562019350154,0.297130554446267,-0.475253206849048,-1.53796196930352
1.40381615923939,-1.53850579806358,1.04622697782565,0.17566187747405,-1.61096405228158,0.366702609336939,-2.7388240066793,0.332863025060365
0.921820300905583,-1.44639342854821,-0.971797761154544,-1.2308655267058,-0.293155787097043,2.38611257340258,-1.58121100199281,-1.15214592424004
0.363173495288028,-1.3343969761133,1.74479174303309,-1.16866813981773,-0.225356645200629,-0.329091705699599,-1.89852189711506,-1.39835354057058
1.1366486490661,-1.20026586290584,0.0938922674166922,-1.88161761296882,-0.62771126956704,1.32319299500225,-1.44217009517988,-1.1849702506101
-1.16395116159348,-1.04194960424075,0.614581524046632,-2.18923082806271,-1.72018839490648,0.803888963457767,-1.38635955497555,-0.290853542882495
0.953306211584343,-0.857838843998696,-0.185143195034666,-2.69182889350167,0.0124657559750938,1.60499890762452,-1.12276135150204,-2.22942710989098
1.85323001109999,-0.647076971065981,0.67853775274968,-3.13238906856569,-1.38241317536083,0.742703184925625,-0.898612414294562,-1.04541287766096
-0.0708683570554662,-0.409932628972717,3.14466591771737,-1.93020225764841,-1.63805358268851,-1.72203975495661,-2.2831987062624,-1.00207424507677
-0.315219365683635,-0.148203284986333,1.43014951578662,-3.67694967395987,-1.05101317719151,-0.00613812794040258,-0.672191699277681,-1.79837975122481
-2.85534108249839,0.134406441824835,0.139439613169901,-3.12896163808556,-2.43011156379579,1.28595699976176,-1.29614651597091,-0.620068858637013
0.713560275969035,0.432015977439774,0.310737984434208,-2.07066922486766,-2.03425634238465,1.11604385358291,-2.35818133506691,-1.20192614649513
0.0330065839613188,0.736513459210202,1.0750105615066,-1.91980067222746,-1.48352955877876,0.35315650159597,-2.43023839470161,-1.91692585630207
0.577061198602619,1.03781516176299,0.234006860776522,-2.10342304460182,-0.384654421303848,1.1955454274115,-2.07866825783122,-3.15114197988218
-1.01511303242371,1.32450251395023,1.19223290575858,-2.93308082470839,-2.21637747226438,0.238704607514897,-0.99061057189415,-1.4188788913482
-0.258121348352861,1.58482263947905,0.496386357299355,-2.05166008857007,-2.76032193985256,0.935936381059579,-1.52819340020581,-0.932424730111618
1.09175571640822,1.80792365709668,2.61646087415227,-1.08915985477865,-0.753513363344545,-1.18275291070788,-2.07299958319614,-2.9501431846026
-0.192641728033302,1.98511787218593,-0.049821369491728,-1.89783048620175,-1.46784380784541,1.48491455802157,-0.790197750146214,-2.19754496232467
-1.28188465807179,2.11089931410668,-0.756222019246699,-0.57973660141941,-2.33114789586637,2.19270043286199,-1.59923732347469,-1.24656003637993
0.930998090420519,2.18349187922038,0.603613020915478,-0.143079873030232,-0.430365908153452,0.83425061778527,-1.51512499480795,-3.01246246205711
-0.881009025706972,2.20481298831921,2.2590533587745,-0.97947332732507,-3.0763373367683,-0.819804494988304,-0.168558116626545,-0.188883209287809
-1.37339055060386,2.17989600935563,-0.31288233816253,0.6025263176902,-0.31551057764162,1.75351642703418,-1.27014365190035,-2.73566142027845
1.35954917064027,2.11594168097398,1.41139712529094,-1.16772003818921,-1.08471728012887,0.0306221886661647,0.936257271949661,-1.72346855920212
0.371239469358852,2.02123423950662,0.730146896779785,0.816515226108438,-2.4041660255006,0.713257642262777,-0.665299727883031,-0.140155754425236
0.1297192630476,1.90414530940994,0.434885952180314,0.305579915757707,-2.24130494115381,1.0099038119477,0.17070557994912,-0.0262760588197481
0.965669196381066,1.77236719166285,0.776857142199729,0.495027045303835,-0.744322365784982,0.669317847013739,0.248888671279711,-1.24108112821389
-0.681004084948514,1.63243804213452,0.380494914428197,0.415937948363399,-1.81419347949393,1.06706529987073,0.541552475888742,0.109876442051911
0.298110483968734,1.48954126946395,-1.45447097906685,0.378687352932975,-1.06749548437484,2.90341641845122,0.743797294599537,-0.362245347153362
-0.484304423678043,1.34751553699808,0.492051903268054,-0.564385430392213,-1.95486760870687,0.958278761201775,1.80985155787173,0.788945533010457
0.994057155216874,1.20900097091589,-0.193772082205572,-0.281558109757225,1.66732371451597,1.64548797176086,1.61487735200584,-2.58329889589042
0.197442197181049,1.07565134547889,-1.47574179014527,2.35336299460356,-0.300555349578202,2.928842904786,-0.960661888246591,-0.381431611792288
-1.08568246269171,0.948361947857562,1.4314726948091,2.38930862778021,-0.889099538325698,0.0230136449170895,-0.959602507968421,0.423940670999108
-0.420528431750887,0.827480644742885,-0.485129689818979,-0.226952781826273,-0.615082450137926,1.94100125463062,1.67665251491174,0.349119984516186
1.08671621649855,0.712985298115697,1.34064384041955,0.147590979013167,0.129846767968596,0.116612949477552,1.30967048835375,-0.214137158165915
-1.27716353401097,0.604623949256664,3.38603956761562,0.366207520695317,-0.821217741165134,-1.92739755263307,1.0900009276425,0.901622068787769
1.07327125076196,0.502018472450761,-0.163802308565381,1.11081561816816,-0.136684475687192,1.62382954863338,0.338844457643835,0.365672441946326
0.00159469121676367,0.404737242898485,3.48908156838873,1.29502844002797,0.1737489005351,-2.02766910323527,0.145094683532582,0.188796305275452
1.00625308914829,0.312343360140309,1.51399702052871,-0.248466410894861,-0.374108266036092,-0.0511993302898037,1.67804839347751,0.856405831027039
0.48952993011372,0.224424364577468,0.314777603976256,-0.436773640214118,0.769159203570131,1.14940531134811,1.85635972101468,-0.179620181113276
0.296271758239481,0.140608742818616,1.00331184196198,0.801195870312089,-1.12491696367992,0.462256298447838,0.610133817462715,1.81050376378175
-0.589845317620658,0.0605734748610738,3.0719142787209,-0.311221141773007,-0.214747735743397,-1.60496091322563,1.71694319250025,0.986492688380222
0.881492834425841,-0.0159541371892922,1.06555518854509,1.88824375543519,2.03483984159572,0.402783402035634,-0.484796162797455,-1.18556149620045
1.54031536386987,-0.0891980340828117,1.13008762849635,1.05083385864307,-0.531416029837849,0.339636187169825,0.354182805793435,1.45081112001104
-0.544548027339041,-0.159336745577552,0.974845158892927,1.15599967737502,1.33166499397618,0.496263881858704,0.254808076996698,-0.348429356861764
-1.78724981552371,-0.226507352825954,1.52956132733419,0.94947524910459,-0.118542267368739,-0.0570670614971008,0.471626983091674,1.16040924258504
1.25562541899283,-0.290809468704856,1.42607694123771,1.71918625015258,-0.315172230246268,0.0478025496848306,-0.283073631936931,1.41145303652457
0.577358741417516,-0.352308743889935,1.29562255775163,1.76931560592855,0.518386876100249,0.179642158256357,-0.313310248371718,0.629007718746392
0.863393645408965,-0.411039704794142,1.13693918531039,0.240319362440369,1.00196408848747,0.339710755783054,1.24059955621301,0.194090620164259
-0.517768436538246,-0.467007808132998,-0.574960330581948,0.435113943178318,0.592615766806354,2.05299549676085,1.07586398080224,0.650425218386617
0.33295503221062,-0.520190683060885,-0.731130077328397,1.62021072616559,0.191694150343286,2.21055046859275,-0.0739068233848721,1.09737803185837
-0.129717847052155,-0.570538572623708,0.801491179545843,2.39433099390019,0.869284343250979,0.679314436803963,-0.807307916701005,0.465527590563449
-0.122939803120145,-0.617974036769571,0.320047428499187,-0.851915652808507,0.79503199181356,1.16214341293607,2.48518737774365,0.585842784664802
0.849074880279177,-0.662390911486061,-0.809021065824029,-0.866863111765136,0.937796804499197,2.29259713234474,2.55206219713331,0.49003529554509
-1.47437378109639,-0.703652614638877,2.01486278339488,-0.527822491033429,1.11913908884028,-0.529901491788714,2.27079062725066,0.357078628438785
-0.645707571218048,-0.741589850030357,-0.521305858734025,0.902756072042189,0.392031571264189,2.00765237542565,0.903998238162978,1.13450127941038
-0.577542130810013,-0.775997764475969,0.849126539668902,1.49157905239314,-0.669378931949053,0.638605202108173,0.38516298840354,2.2486293386538
-0.964847303376252,-0.806632635127199,-1.11115795290333,1.04991376576751,3.35986801831803,2.60027491976586,0.903205256771108,-1.7250496724473
-0.593138919014426,-0.833208187615227,-0.358700273074047,1.08039940177621,0.512410683256625,1.84920246502203,0.955668552064265,1.18125129582211
-0.294086108665752,-0.855391683919332,-0.131451707872715,1.99736942351103,-0.233839584989654,1.62333912490615,0.128386011389519,1.99002459257501
0.304109958641316,-0.872799974303483,0.977033418315643,0.334157573926302,1.64634929444557,0.516239223803245,1.88816003696121,0.176419802299426
0.127561649526002,-0.884995786429381,0.896585541369013,1.48043383853844,0.990446501058427,0.598072325835328,0.845408237741012,0.903325247177956
0.837303364330484,-0.891484612287645,-0.356065826038182,0.587523399099363,0.622242114557124,1.85210891832798,1.848822197596,1.34728012975645
1.78592908989313,-0.891712774350923,0.492816633347297,1.16121472772237,0.943039022649305,1.00461168402795,1.39253199123193,1.10727616014628
0.711324442584639,-0.885067261038114,-0.691895235703617,1.40688310313436,2.06355986775845,2.19070877816432,1.27095033636206,0.0728416872542591
-0.392069515783745,-0.87087825685424,0.277988949592909,2.94728568283538,1.57932244366435,1.22220981795325,-0.139060465765825,0.648654424336167
0.29164089438828,-0.848425503696718,1.14540246932877,0.304119246950962,-0.325806659668119,0.356181523302842,2.64021003665559,2.65097262978982
0.859082539980863,-0.816949819029819,2.08966933848239,0.380270807734242,0.62103413759348,-0.586700120765332,2.70502106274906,1.80697019681826
0.0541606565124324,-0.775671347972386,-0.861928877675849,1.95990815490457,0.219289423356976,2.36628332047836,1.27003746640656,2.31712625616417
-0.273240405306261,-0.723816278346191,-0.170300381348286,2.00814292164974,3.22040134304904,1.67604004923626,1.36861255155583,-0.570215386679399
-0.087038472337137,-0.660653754650602,0.513128007821963,1.18419259545736,0.701165687877238,0.993996885151461,2.33957416327902,2.06776838545047
-1.80144956224592,-0.585544492363366,-1.5602872586542,2.50410508073671,1.8947763542704,3.06879737671308,1.16445594423085,0.997303841656216
0.68609997210109,-0.498001989042541,0.959649693650509,1.01866582323849,2.99436817555824,0.550245649493821,2.78956124523123,0.02444489466416
0.0627995581818817,-0.397766110352691,1.65993296567185,2.64426766937076,2.55023417503521,-0.148652397442061,1.29508903829895,0.597824425629694
0.792959078792188,-0.284887080255583,-0.114502818327035,0.0829435995091268,1.07187661853355,1.62716861164227,3.97513286568557,2.20657620129047
-0.214269741820886,-0.15981547445457,1.38439084703917,0.855968046544798,2.15258678513855,0.129660171361525,3.30415896365334,1.25573655259158
0.653918098683817,-0.0234908042019967,1.48700171401542,3.65213938795566,3.11183511541405,0.0284345294707192,0.588861743162488,0.423849088567165
0.899115107419781,0.122581986977847,0.680005221522674,2.56818413863648,1.9743997157059,0.836816247048924,1.72796318558381,1.68384991352042
0.826755671248376,0.276281678955112,2.37667446535074,2.29737492878299,1.63968116612291,-0.858467771693684,2.02386418183017,2.13379074026427
-0.54692910252735,0.43486073327639,1.33144879712315,1.70851495771024,0.12309786760743,0.188143121619359,2.60398482920088,3.75550996918139
0.587092616369275,0.594990390748313,0.790066226426882,3.31407167514925,2.19844146110323,0.730910917401077,0.952987607898179,1.7723742940201
0.547502919692937,0.752871064719206,1.24789715672691,1.31966121066119,2.2047202926261,0.274465212186498,2.86364502496171,1.84256149923053
1.88375186484625,0.904410240681019,-1.18791289806284,1.41212545129567,3.2726002833556,2.7116604920617,2.64906218186885,0.832769262862107
-1.34098370701956,1.04545901392531,0.723491082363354,1.28578888058353,1.66817773228855,0.801641736720964,2.61661557010247,2.47460475076446
0.303568618750518,1.17208610016607,1.75851468967034,1.92841023998888,1.58589938586566,-0.231996645500566,1.7820477461232,2.57182469586624
-1.29094831314154,1.28085762836406,0.0351753414696454,2.0894499288614,2.43169261526005,1.49272792778558,1.4010694847949,1.71734558121839
0.523736210943003,1.36908554974181,0.672409095737988,1.96072766660399,1.67335380746643,0.856879398602691,1.28839459178281,2.44295841914731
-0.123773966192093,1.43500945803777,0.827585802770368,-0.00264213838713423,-0.438240974266135,0.703087916655765,2.9963505544263,4.49816998632443
1.33589192091939,1.47788640258784,-0.0194975196969891,1.82794015756674,1.87101575172327,1.55155646420858,0.904145041586522,2.11004379220165
-1.12469433662044,1.49797883811367,1.77182856323077,-0.0920319383840647,3.55911390646141,-0.238384393633731,2.56389830083342,0.322482577143267
-0.738918521375293,1.49644825700316,0.931940911562792,0.335887765469517,3.24641968313763,0.602888483119701,1.8840822585295,0.517616779809254
-1.36745173031928,1.47517684354839,1.59073840741758,1.27747543169314,1.9078824318719,-0.0545237876496345,0.704756035177086,1.72344307768387
-1.21752434097496,1.43654828516534,1.93890326624364,1.70541895731797,2.10353757940562,-0.40130342139024,0.0577449626169239,1.38314791964527
1.36079353840532,1.38322038240021,0.118679511181095,0.472475585678155,0.877313255221902,1.42030555875776,1.0933971801455,2.45612661177419
-0.573960702843541,1.31791723734269,0.395525657386829,0.587176361060814,1.271240103922,1.14484463763748,0.804928620326473,1.90361420946937
0.19237371775387,1.24325989778997,1.890167297258,-1.76859969888095,1.24751226347457,-0.348411777148241,3.01100066512573,1.76649157907961
0.642238124308516,1.16164509041496,0.966028820658834,1.50686023993653,1.48479606156842,0.577111924536381,-0.390554189463871,1.36887664722676
-0.385463092776782,1.07517069570147,2.61899661824296,-0.177649222933671,2.46732588824555,-1.07447064796229,1.19026068176342,0.228961925010684
1.18938028311223,0.985604232058642,0.582786973695661,-0.168987526639733,0.649340715370998,0.963124221670461,1.09857575246151,1.89454410354143
1.27614287180641,0.894383674380484,1.91602487879857,-0.786473249591036,0.410749915972101,-0.368728458346994,1.65167032644211,1.9873512979526
0.316586575147356,0.802640927525379,-0.477522534096825,1.74484646319537,2.32398490581368,2.02620417963385,-0.927583832433088,-0.063794167194305
0.45723528192908,0.7112385989112,1.7887354729474,0.417018706209134,0.839842206137012,-0.238668602324916,0.366589449705719,1.29121082982018
0.890289082302918,0.62081244875519,1.43789564056585,0.990522644027276,0.539701854066741,0.113556455142082,-0.228368106058245,1.4715707102619
-0.951269285603487,0.53181480212206,-0.215063220032944,-3.38889890085363,2.63641778855042,1.76790054082633,4.13988123197693,-0.735254217666162
-0.0442258466396608,0.4445539490851,1.66476572749234,1.46501316504929,1.02132844524326,-0.110543181613502,-0.716641524554285,0.779486119353985
-1.54950001309732,0.359229128995359,0.289043279106351,0.334808095486928,0.177101620791113,1.26656449185795,0.418011137771354,1.53303085999565
-0.423433916470214,0.275959651330588,0.86782695475164,1.10398019055632,-0.840042630184956,0.68916604129811,-0.340939559750159,2.46892634385129
-1.21414388541093,0.194808255732328,1.32076165691776,2.47375952844546,1.33621368674642,0.237616564217444,-1.69579712280053,0.220516763925551
0.0432391593001711,0.115799283271909,-1.66824697195588,1.34054993547556,1.85526141098487,3.22801041817653,-0.543841941387935,-0.36199879783194
1.76516624300972,0.0389324469275485,-1.03582940114294,0.887259190629807,-0.354630706326069,2.59697807244905,-0.068679107358961,1.79265561763591
0.601489816753189,-0.0358070669750514,2.50837943095417,1.11087170716362,0.616739223290367,-0.945845534562606,-0.267830426158822,0.773800147067603
-1.76179428470396,-0.108441323360477,-0.18672495282594,0.832505413664737,1.71586616771627,1.75064407430296,0.0371894696498606,-0.36554254204293
-0.247979584408953,-0.17899452084011,-0.122348595888913,-0.534344582955585,0.737167880985979,1.68765294245138,1.43261102935459,0.579737541074876
1.0864837751835,-0.2474894374247,0.0214539230118466,0.634045058975124,-0.22047635434998,1.54523564863608,0.29454185068434,1.51031021517701
0.482098315561887,-0.313944974616092,0.071479407829938,-0.313024883630133,2.11812409518102,1.49659538890344,1.27360232685499,-0.849436258763914
-0.469439044288751,-0.378374428370533,0.290956195508445,1.91047442815592,-0.236996142594876,1.27850382631039,-0.91623824811461,1.49007830679092
-0.856546248529268,-0.440784199418979,1.63071214675929,1.43771241810801,-0.854966132222712,-0.0598668998550084,-0.408085573595589,2.09763792084685
0.253884985888687,-0.501172730669997,0.785504621474442,-0.689299250187799,0.753054143415281,0.786725850515296,1.75616842606974,0.484100332008328
-0.311035154932305,-0.559529511677694,0.462873788863778,0.750567232500393,0.880622435056964,1.11074190821141,0.355563774110591,0.355649873088629
-0.516815076669994,-0.615834031442736,1.22599417151308,-0.446120307558881,0.389044916205828,0.349006750647563,1.5937421271419,0.850767356659218
-0.864079095447876,-0.670054589691675,1.09987010960903,-0.192460410441282,2.09831051982714,0.476516037637074,1.38404799761605,-0.850704350866207
-1.8091274619164,-0.722146896019451,-0.702315745814202,0.445450646922494,0.853730458532261,2.28008711814575,0.792856040424216,0.405799574244899
-1.19135378494747,-0.772052398640856,1.87851590129554,1.43209578845646,0.841202935882765,-0.299359303878538,-0.144009107532806,0.434300291310002
1.47683929553521,-0.819696291231604,-0.93663405339164,-0.0670973234275878,2.05342362005404,2.5171758758941,1.40835905187591,-0.757936311653014
0.0156937531760383,-0.864985149558304,1.4505819621223,1.30323421834789,1.09353165344261,0.13134508546561,0.094956196160872,0.225953093673049
-0.5586876074389,-0.907804150770686,0.473761392179327,0.107656190910698,0.665683598762272,1.10955088049404,1.35159754085899,0.681853950304236
0.448875558603481,-0.948013828739334,0.0261461172020633,0.3753743416549,1.49914997223267,1.55855138055676,1.14947861341578,-0.119424185763952
-0.656003656893516,-0.985446320433878,1.32166912599068,0.324588998184286,0.654801166715508,0.26441359685359,1.27081810521846,0.761364854570861
-0.182046621048499,-1.01990106270117,2.22554164187907,-0.269557046600094,1.6956486363447,-0.638073693949341,1.94090669088947,-0.238639068540535
-0.864543487546035,-1.05113990821772,1.41703122840402,0.131694337952473,0.714682217985855,0.171821944611156,1.62142970026838,0.78775828894129
1.437178394088,-1.07888164669363,0.654338325982712,1.19208177493845,0.255081110204572,0.935900072117923,0.649095873986972,1.29759221592623
0.901210177876434,-1.10279594625782,-0.656681350254714,2.91232864871916,1.76402161482564,2.2483049734408,-0.976375190716915,-0.15607159962662
-0.569048478239257,-1.12249677520085,1.3814763611148,3.18560344857506,3.12011561503496,0.211532487156737,-1.14772452877644,-1.45157921665623
-2.28221204985117,-1.13753543200276,-0.263036946331709,1.52011175642228,0.316763851360335,1.8574310196887,0.627239421037336,1.41795357550815
0.459082344220174,-1.14739340948715,1.4124098154177,2.17886142226874,0.342995869586571,0.183369483024744,0.0858563177838809,1.46379522191986
-0.80056476784475,-1.15147545617836,0.544013478865169,0.118111968340967,1.34525772266767,1.05315104466273,2.27213963719714,0.539802822138024
-1.25468525931055,-1.14910338480113,0.325494209605762,0.756250438520708,3.29625086906678,1.27305553900759,1.76786928711477,-1.3264269228048
-1.5867918772131,-1.13951142489023,0.218872009218434,3.53961739742029,0.179287814274971,1.38106296448037,-0.873273718852915,1.88207365588723
0.165094494201219,-1.12184423243107,1.3190505713497,2.64116711513198,0.615413823544995,0.282269627434566,0.175584377771512,1.5445050260813
-1.29063155057559,-1.09515905780489,0.888712957643404,1.6775167979976,0.660037683970065,0.713992466226312,1.2974030215374,1.60564910459123
-1.45886284868561,-1.05843402647995,0.916950819408837,2.35142081339305,0.365697806029232,0.687139829546332,0.788685359353036,2.01307777021188
0.425578839016354,-1.01058497755106,0.91905930727085,1.66643511281523,1.03337958117744,0.686416566769774,1.64473676092516,1.46580473713145
-0.931809361930703,-0.950493774391734,-0.604318330413594,0.122491060158102,0.970914575583561,2.21117942953967,3.36400670715566,1.65584981941437
-0.916448507716869,-0.877051343983253,1.40282750729978,1.47334960467751,1.48434555484662,0.20541881691175,2.19054727554249,1.27683157016575
0.574570476981275,-0.789218750189605,2.47535536078058,2.4628070179338,1.87802475799448,-0.865723811483602,1.37772402535297,1.02382145433444
-0.108350049465593,-0.686109123637015,-0.756034447873219,1.47764961844252,1.97544225653271,2.36705122225566,2.53519247708861,1.07246418651423
-0.35680068635396,-0.567091954543704,0.617411217684415,2.96403432315531,3.51889889288213,0.994990781783475,1.21247808262409,-0.320747570163149
0.0184393790380016,-0.431918775905452,0.603870307108696,0.634775979142269,0.524214212502904,1.00991691744465,3.69169754939449,2.82676968629743
-0.924146706689799,-0.280865356660675,2.42568179638516,0.805629335681235,0.368061212050566,-0.810509346746363,3.65135550352099,3.13631559958222
-1.474571860971,-0.1148801394065,1.1307620554855,2.80931375178506,2.14683668714457,0.485795619238747,1.75249068303553,1.50901275791883
1.03815793602757,0.0642778202222409,1.66978820377869,3.79249861562193,0.700265685286806,-0.0518453039689856,0.841971885989068,3.10220583484336
-0.446033966734463,0.253934680283758,1.81846539731375,1.99613257281109,1.27008768230272,-0.199137272418595,2.6725682333481,2.670815348835
0.457131093045945,0.450459415316025,-0.406558518368951,1.53651015836002,1.80375238405974,2.02727186834956,3.12238966858913,2.26372699806149
1.36013311534164,0.649311698651601,0.714171393132724,2.80210822161007,1.73068588579545,0.907927181933341,1.79862984989408,2.44766141238489
-0.674776003638826,0.845202305379144,1.86878377624371,2.67930488265409,2.60352986182361,-0.245299976092192,1.81243517250256,1.6661213516269
-0.0638628840557851,1.03237378432517,-0.545454029712438,3.31863443488717,2.2653543332837,2.17032305494941,1.0131588822638,2.07240731393235
0.0721067948514165,1.20498727054696,0.434866623526371,3.30006904952046,1.10968617899868,1.19138762679606,0.823410951901341,3.26984153803806
0.725614686067847,1.35757608672245,1.22471541286602,4.52892819830139,2.63764549982947,0.402924062541864,-0.656784745248355,1.75488192992366
0.511204745080067,1.4855051016693,1.10498589675778,0.566845240563288,2.46682562059384,0.524038803735549,3.01879329978782,1.90845863473781
-1.69126874476129,1.5853643324902,0.569479995011014,0.500206317108485,0.724941718783467,1.06092993056777,2.77356428980276,3.60247713243385
0.964294007469658,1.65523186763942,1.98429228376356,1.05979121728355,0.912151347076485,-0.352497133099321,1.88770370316235,3.33756092679433
0.860114934215987,1.69476433657443,0.0690834762621654,-0.76391537988674,1.72205877642772,1.56409689948753,3.38190437033793,2.42201017779407
-1.00403423192114,1.70510614637375,1.41213451462526,0.555908923500029,0.880584911093793,0.222431086209889,1.73984151464677,3.13279861658968
2.25421774740343,1.68864489306345,2.55462045281068,-0.231779382872764,1.95336893090053,-0.918669626890077,2.22162522264226,1.90796168587476
-1.39797178271749,1.64866645877536,1.29079966289643,0.721073638373425,1.99554211405264,0.346536388109619,0.986329590246874,1.69656461093468
-0.317104755229741,1.5889725084518,0.83862036075117,0.999511606005586,0.999359113117868,0.800100915340337,0.453869420431039,2.51079806941121
0.418802774968789,1.5135195370761,1.95619803563491,0.798916553274891,1.13924762362152,-0.316091534457949,0.431677074433697,2.18067126297968
0.00410359670120081,1.42612020727466,-0.0853434703796673,1.09240787463619,1.13467449619972,1.72683519664208,-0.0524719310697342,1.9909267876609
-0.894031545487177,1.33023019312525,3.2707169279339,1.12818591519709,1.66395854232144,-1.62783997658603,-0.247454220976285,1.26706156502598
-0.27003748033235,1.22882234090539,1.09442755066648,-1.0798133473554,1.82474349357518,0.549834625766845,1.83094541152375,0.914744204530468
0.64808337147019,1.12433709668044,-1.76086509637063,-0.590301662803898,1.8040397096976,3.4065124978894,1.23880793803685,0.749716757984835
1.92439329022369,1.01869146466239,1.29831012697061,-0.603877809028184,0.956383798949875,0.348722499633617,1.17366350518471,1.41962370954601
1.30348185941984,0.913326525216252,-1.39217448671792,0.404415720201411,1.90310780527663,3.0405923384076,0.107325590990077,0.304765999983007
-0.569896685686397,0.809275495697631,2.89857021407161,-0.74690901779881,0.787554697076464,-1.24876713729648,1.21810122983263,1.26293199453899
0.234252109021477,0.707239916125672,1.01484480237878,0.285368795769205,0.375754442952671,0.636343499481811,0.159775551878313,1.52878344592678
0.148955482845891,0.607662133846885,-0.0114203721322986,0.710462774171819,0.457280644251089,1.66399389907834,-0.279584089384692,1.31306516008335
1.01418963495981,0.510790698068843,1.0552778857378,1.36535295424175,-0.335515832074739,0.598680866293695,-0.939357998263654,1.98343925384445
0.994204813177714,0.416735301342689,-0.100311654250397,-1.43304475663047,0.386641882599339,1.75565563136735,1.8614685011294,1.15040091990407
-1.96961508288517,0.325510568120212,1.03103975498998,-1.02045263944253,0.160792822101826,0.625689447212418,1.45687063689227,1.27650023355565
1.22876712252702,0.237069649212089,-0.394224180152542,0.278727877941377,1.41154390458777,2.0523386074404,0.169803438681329,-0.0634125502019304
0.623343885650712,0.151328976313744,-0.350076481288325,0.362252882157737,0.772017170356186,2.00957613366164,0.101336129344988,0.496909061248471
2.32347598441036,0.0681857968512651,0.0302189452700672,-0.0258892736860392,0.880747924513053,1.6306659321887,0.506545387523607,0.318245541637995
-0.907250686380352,-0.0124699779597545,0.858070546856947,-0.0634383794888781,1.35322360254353,0.804199555687269,0.562443228848228,-0.215598472680995
-1.80399904257256,-0.0907481427009807,0.951397333136246,0.0865640460393283,0.32921627725582,0.712257994493424,0.431519752665198,0.754896076968847
0.619201904194454,-0.166753641861844,1.37360738782902,0.408311533269527,1.18020522463033,0.2914331648861,0.129178061022208,-0.142442421980165
-0.530736258076981,-0.240584146241194,1.91200045738166,-0.17251846801508,2.0334656301497,-0.245574679581082,0.729460030644796,-1.03555202891133
0.564961116930313,-0.312329050747119,0.839036619571393,0.895210218498072,0.554306453595634,0.828774383314638,-0.31895067485611,0.409634015642002
1.44193562080334,-0.382069363156463,0.0291198443145548,-0.136678305868897,0.911641603461506,1.64007638365693,0.732023155932839,0.0236221827223416
-0.769660328866847,-0.44987811041815,1.93371171295957,2.14650379612678,0.52001880934293,-0.263130259902631,-1.53233961031036,0.391333380015583
0.176883416063181,-0.515821003886067,0.987800016635225,0.239702922286095,-0.40028569877519,0.684166661507166,0.393033353421875,1.29200995196669
0.106554809465534,-0.579957193679739,1.27359749498755,0.625750428684625,-0.730210717999333,0.399754408240294,0.0253704993460982,1.6061594279173
0.0672343183027614,-0.642340005827062,0.628192053907266,-0.281155361097939,0.810031441226943,1.04654507440603,0.950565608343482,0.0536121506096775
-0.22228367396141,-0.703017599680464,-0.215550211438563,0.586951756310703,-0.377627127955134,1.89167256483731,0.100769963541065,1.23210174507625
1.16741120182785,-0.762033512661014,-1.06910237709822,0.581280448711232,0.957854974201191,2.74660995558243,0.124912468038298,-0.109701897941337
-0.327648433436965,-0.819427077874138,1.30992799740724,3.24540299656351,0.075385597532304,0.36896480616242,-2.52042541892618,0.769047830252858
-0.829666572912086,-0.875233710962077,1.62650810295449,-0.0317436513541589,0.625300223985917,0.0537699257006186,0.775986519634533,0.217810544133791
-0.855629933591852,-0.929485067444407,0.890284319095355,1.35599327043534,0.448046604210722,0.791378934645211,-0.591825643645661,0.39597170030186
0.484834134680297,-0.982209074836268,-0.198843072415999,-0.0958409890451574,0.264060379527591,1.88189155124202,0.880782434628182,0.582964543641034
1.81300456008983,-1.03342984118944,0.912466528330521,0.375971263860795,0.0921546625665984,0.771967175580953,0.430793185293195,0.759878268972174
-0.770556650573963,-1.08316744027043,0.680861853304957,-0.290613388574647,-0.424663995435458,1.00495707569197,1.12046104250771,1.28364002210934
1.99787013440212,-1.13143757020469,3.1431303050831,0.167761480588299,1.06389255023664,-1.45592615100072,0.686652342453479,-0.196075030574451
1.73166937633282,-1.17825107745025,1.52872159873455,2.38980364445276,1.20121547126716,0.159867780433287,-1.50910491057516,-0.322666625514477
0.822716559995047,-1.22361333350869,1.48425498181087,1.24294546686166,-0.460547876531397,0.20571962244242,-0.333992672321743,1.351736248687
-1.68563721211147,-1.26752344619837,-0.608423187328131,-0.501043416223695,0.492984550080503,2.29978301666687,1.44048637780742,0.4127959599354
0.800463589469642,-1.30997328396087,1.83717136118859,0.598954573329112,1.3156305740067,-0.144426306764401,0.373500322019109,-0.393235449259676
-0.520192251507048,-1.35094627429719,2.14823917627178,0.157669849646396,0.650783464530265,-0.454108896762127,0.850625491126813,0.290343791399972
-0.521958079055847,-1.39041594349512,1.58917235080851,0.609866313731022,-0.99995716002487,0.106343153786589,0.437428359531955,1.9620542856501
-0.482393911080015,-1.42834414901468,0.561676884788585,-1.16760772862189,1.3313937377691,1.13522384489197,2.25741729424314,-0.345943313337516
-0.575326056346142,-1.46467894479939,0.264799096600459,-0.105856423981126,0.229430137394372,1.43348685816555,1.24208215180944,0.781928725216294
-1.87305787244709,-1.49935201064524,1.20422053160606,0.658679729821343,1.16949885140661,0.495450648245401,0.52828091888776,-0.129477887422319
1.13127698890883,-1.53227556350604,0.402235602838701,1.88166632592203,0.617391328711866,1.29882080209821,-0.639200078900314,0.454271746140674
-1.24006247595651,-1.56333865463899,-0.17181084736179,1.4789481961623,1.10956072705498,1.87425247738416,-0.17571688977258,-0.00302017580318392
0.576065070152914,-1.5924027416221,0.49020773951046,0.731226846217919,-1.23276564530889,1.21361911559736,0.638556676226234,2.37770472075835
1.4995832098463,-1.61929640911705,1.3253682022277,0.150081319483278,1.62545686180498,0.379843877965572,1.29260960898239,-0.438280826217457
0.0470677406048575,-1.64380909803078,1.19309285921613,1.76385799194356,0.156282874516011,0.513504446062601,-0.241295608798909,1.07731900473755
0.467264475383502,-1.66568369146311,1.11541233548094,0.763146309449448,-0.390892846781051,0.59257019488324,0.846900386032394,1.67549416736387
-0.726782658189172,-1.68460780074617,1.60651993963524,2.37770417882525,0.308620667351819,0.102847815814398,-0.67187435788301,1.03197357156319
-0.633466278185011,-1.70020360096042,0.474812682563934,1.38533680041209,0.269693536793691,1.23594029797116,0.425292582061504,1.13234251537904
-0.903179361643662,-1.71201608971608,0.46058550864779,2.08538084376965,0.130814272472201,1.25155269697275,-0.160195302459274,1.33860300388461
-0.132967926581752,-1.71949970343707,0.80196552197612,0.544880152325362,1.60478214393937,0.911557908729877,1.50536683216554,-0.0615202471617777
-0.215975736448768,-1.72200331946255,1.03068488108389,1.10203651632195,1.29898936550433,0.684223774707558,1.08451394543925,0.325134702815395
-0.332373291060923,-1.71875375274295,1.0458375136593,-0.264236498636685,1.48809800294727,0.670456367217599,2.59902798665851,0.224484383037327
1.56981006139038,-1.70883839909732,0.38121487244143,2.48889949464933,1.48422351532548,1.33646423352093,0.00668505373382078,0.325007581679854
-1.4230699027777,-1.69118770950601,0.803618386475639,0.77801535964105,0.746475837520012,0.915445944572173,1.89139399466626,1.16819129271916
0.676952837042575,-1.66455893851596,0.0174075700389906,0.505106306778468,0.591638859452,1.70304198609427,2.35143352924914,1.43783278199756
0.549443161252704,-1.62752340403139,0.698079654817737,-0.0103985086730793,0.49340400838636,1.02375512640098,3.06735105452545,1.6607805806532
1.31323303186962,-1.57846056516262,1.54231830540414,2.38722619020816,-1.12645639246414,0.180901700900033,0.882984859280229,3.41572701666241
0.327693832372969,-1.51556355965555,-0.266828840540946,3.49836003772606,0.36543624322326,1.99143407193057,-0.00303635166952487,2.06963811905114
-0.417846801866439,-1.43686250941941,1.18409575484686,-1.09006258893597,1.26740421874543,0.541894701628219,4.8206366067678,1.32435890829949
0.251782313548089,-1.34027368543256,-0.670266651295709,3.26804766914024,0.413930992503952,2.39764233285624,0.705279135624099,2.3453245531551
-0.864369974451398,-1.22368424467954,-0.0149978290276314,-0.261446805161952,0.33987566360998,1.74375873567362,4.48126497623844,2.59725945137842
-0.0371023933446899,-1.08508313538276,0.495020276010767,4.31212114456117,0.648161395699408,1.23512585572067,0.152826201693534,2.47638793417141
0.499151519170051,-0.922747987325348,1.77163083920557,1.1861227815606,2.72314994369687,-0.0400994823886759,3.51597646831467,0.596947450659858
0.881000108722333,-0.735494056883403,-0.0423063928209872,3.2871603775306,0.944621700082878,1.77522297472333,1.6358813044314,2.57709146760112
1.24892937756131,-0.522983044912265,1.46187252837352,4.19449003996943,1.62928816194698,0.272429278614284,0.923465826684967,2.09726673420101
0.556203821288204,-0.286075523077617,-0.0597855674064561,4.43723314917044,4.45813376406201,1.79547259947971,0.838436998103053,-0.527214603501925
-1.57193646017822,-0.0271905636856246,0.955991188838075,1.32784683487508,2.24554770805728,0.781081068320631,4.05631972618801,1.88465473818249
0.407246026644103,0.249387860046994,1.06738807406412,3.14263465321376,2.1744631488341,0.671069408180041,2.28877496502721,2.14447497158631
-0.400590655833164,0.537340165062801,0.493489764530153,2.91120312201267,2.69708412765081,1.24635294279946,2.49529430547273,1.79385273256089
0.0756078602322036,0.828368651053489,1.6652709619653,1.81834576352068,1.77687161129415,0.0759569704497642,3.48270930615307,2.86268019055071
0.354224398640092,1.11256164540519,2.32277443859804,1.56786744476498,3.90915001522189,-0.580161281097516,3.54282213633753,0.848923632580926
-1.62046088633753,1.37909555479273,1.44807553198885,4.12687615418622,1.97978694736009,0.295922850597126,0.709357257571012,2.86044880605027
2.05608338202898,1.6172274103748,0.73886248106662,2.93997973886534,4.00211987648878,1.00652112660481,1.5444813387077,0.878658909920032
0.700898553965836,1.81743863609835,1.77642462556976,0.9883520676949,2.70753641481515,-0.0296557928128756,3.07966012555781,2.16846073204457
0.279317844574921,1.97251886733168,2.12675620724175,0.267251507773776,2.98040642146308,-0.378602149399415,3.33715499687261,1.84376908787293
-1.72963159024927,2.07836220910336,0.00691566758515205,1.61881571596896,4.22669122014862,1.74262361534264,1.49544296879605,0.49914102457428
-1.00394416691029,2.13430265085522,0.435167026721768,2.61393758337664,3.79453544183459,1.31575748129147,0.00508069395807898,0.789182141671015
-0.604253736312543,2.1429284539459,-0.365522848959449,0.590579341589524,2.4887016503202,2.11783258205814,1.54812976732745,1.91386299109322
0.65255927069723,2.10946315882092,1.68493292388967,2.87959249481986,1.15564734155275,0.0687620342944769,-1.18954146391623,3.03299423104367
-0.246101619819002,2.04086364892561,-0.944554985071126,1.25283566944751,1.39372336191163,2.69963516834073,0.0324727196840812,2.55545709883545
0.277686873578244,1.9448524413948,0.313460478033522,0.0208330756192843,1.87737388788971,1.44300493032153,0.911090851263902,1.81440516441158
-0.229936643789061,1.82906469595342,0.12758776802212,1.69621677439113,2.6287454311936,1.63026286541839,-1.06338040643798,0.795115067746607
-1.06891533432833,1.70041764808201,0.196359929041081,-0.316806673153664,1.02534490196324,1.56287592948488,0.704062901438799,2.12690096326111
-1.55084858757263,1.56473583635041,0.163102144389348,0.573005810809245,-0.824866917438409,1.59751893922207,-0.381346516183983,3.7077308498065
-0.542918231257406,1.42660654529793,0.640698780244075,-0.633326562657317,2.35353456172587,1.12130752845279,0.67410900356243,0.267061034168427
-0.545218009901458,1.28941709668152,0.0671329228410479,0.470451145250458,1.0703857380521,1.69625861094128,-0.541965337816522,1.29885255341703
-0.298039091240533,1.15549433897387,2.33906413299897,0.340140479909544,1.00279437087881,-0.574287374131194,-0.491723126806042,1.12875722141783
-0.754799431588143,1.02629730440668,0.840895112508253,1.32983887352436,0.869249746164394,0.925266871444978,-1.53536425411562,1.0401104695613
-1.01092405735164,0.902619702389995,1.05694263203252,0.0224236651647554,1.32100734914703,0.710604577006163,-0.261338381979901,0.382679490489483
0.174514937615451,0.784774493879576,1.0067583798354,-0.494209546977801,1.02675418471169,0.762174054288739,0.2375580249576,0.488139703494058
-0.143058743152934,0.672749505021072,0.277613512654615,-0.604673608432262,0.149342161345779,1.49270414655498,0.341750438779058,1.19347954029639
-2.04873958526396,0.566329480711125,0.99154266365863,-0.380090593428344,0.922339963519743,0.780160220636414,0.118865241381226,0.264574129270982
1.04147031511799,0.465186262036852,1.51337628500917,-0.848028546468937,0.82377507771075,0.259711824371324,0.593607366446093,0.222552259023793
-0.761720083207308,0.368942632399566,1.36543787163629,-1.39400407894759,0.59059407097919,0.409035462829664,1.1491872358613,0.329427414433244
-1.37559577926832,0.277214740699496,1.62049355526938,-0.381217547593109,2.02207387819264,0.155365004282023,0.146975182816472,-1.21523927980732
0.726138508637854,0.189638262942176,1.73482502189127,-1.88918587321294,-0.717275380443562,0.0424187627455868,1.66505540563683,1.42281646332895
-1.2558279279669,0.105883019902924,1.67626743758633,-1.24602200459505,2.9034760969392,0.102361572135983,1.03043370884468,-2.28857975349322
1.42571311188059,0.0256599470777884,1.95746048866732,-1.81933045195982,1.24130335811731,-0.177446253859553,1.60986951180546,-0.7076332589873
-0.849326599756865,-0.0512770563567329,-0.034866395781223,1.89381854760593,-1.55181377532714,1.81626585567444,-2.10020489578383,2.01248389941298
-0.0337920397299904,-0.125132318579511,2.39711667194027,0.323835430958812,-1.51495043302692,-0.6143319869616,-0.530677375608479,1.90970872266847
0.638094688927498,-0.196071217024417,-0.91019337409792,-0.667917658597834,0.284498658365694,2.69436328416205,0.45673403068061,0.0503617203096095
0.849165329083611,-0.264223498921624,1.02996911981625,1.59631680721391,0.0744673864085083,0.755586015333329,-1.81599450849645,0.205503873865478
-0.423172129164814,-0.329686673150678,0.428654458226242,-0.569105775300349,-0.8444229725634,1.35828590200879,0.336578297168498,1.07357952256818
0.190165362684369,-0.392529105788079,1.54947336639067,0.04171729327581,-1.10492981043259,0.238852218929821,-0.291612414562688,1.28648120883676
1.23445754202861,-0.452792427586563,1.47345006775716,-1.31559493792378,0.142012304849496,0.316260742648779,1.04367640231762,-0.00565499266841256
-0.477853395157601,-0.510493357113313,1.15785697612072,-0.224044267897798,1.56234682651081,0.633239059370671,-0.0746811538198109,-1.46950919326023
2.18581213499269,-0.565624775969949,0.186296343005717,0.0456679988993042,-0.561458158586818,1.60618491757113,-0.376112200805051,0.611770195767062
0.763950203121949,-0.618155939281975,0.442345499580845,-0.99668675014875,-0.444436826691483,1.35152098608146,0.629475596163497,0.452587634067885
0.0796394558079919,-0.668032206239182,0.647474926615972,0.33794523127437,1.53589396995424,1.14777678413178,-0.747122097726048,-1.57012516996445
0.320370490185309,-0.715174004085832,-0.652093445958652,-0.12562164371226,-0.16226421299642,2.44873038179186,-0.33088844179821,0.0848836243096142
0.739496146932248,-0.75947515854444,0.0201390670443058,0.0851384538636623,-0.322118899393543,1.77788309387436,-0.594538162194722,0.200307717860126
-0.369316841859459,-0.800800597833539,1.91608072888917,-2.00027844612569,-0.506807706775099,-0.116673342885056,1.4322233274019,0.338798388161038
1.68343737911007,-0.838983461530781,2.35319661345689,0.131520182740402,0.715843935770919,-0.552404002367318,-0.764224947638878,-0.932282554351914
0.94912524426911,-0.873821635137642,2.23056177995248,-0.703983696838643,0.671380000606097,-0.42838394377746,0.000390795334078653,-0.938924029028945
-0.216998387532786,-0.90507374723371,1.25686522688671,0.0943549928996217,-0.493589137867102,0.546697834373767,-0.875329290450318,0.171834110328038
0.56959460835395,-0.932454686705494,0.0429358317499277,0.137648527751402,2.94332814448302,1.762012454596,-1.00275514111891,-3.32281598080595
-0.715562103919165,-0.95563073634699,1.60540124393124,1.38793671381552,-0.520888924630028,0.200932267500144,-2.34417681712653,0.0797424521521782
-0.618991044436848,-0.974214441452516,2.3075564415153,-1.0141813222637,0.647806290307781,-0.499837704998461,-0.0404225977521976,-1.15492864526009
-0.520092147719036,-0.987759485732374,0.903044953177355,-1.3569197163515,0.390485610003939,0.906059008424935,0.196530959809135,-0.968277952489137
-0.0340902618223858,-0.995755863299199,-0.0505503194213021,-0.739115666746323,-1.51307450032659,1.86103950610904,-0.534609302541785,0.859559646233041
0.945499581905009,-0.997625822865034,-0.330533466662027,-0.264436468592433,-0.574946783330034,2.14240787843522,-1.13021890546753,-0.159676917577596
-0.451340363948694,-0.992721239225552,0.191579475940368,-0.11212530742138,-1.32403388310692,1.62168016091828,-1.41097673597459,0.502614626571594
-0.862889791672437,-0.980323302449652,0.102419234223727,-1.29737749075134,-0.73163932340858,1.71222562772038,-0.36144897565429,-0.182517230540477
-2.29273996299356,-0.95964567922305,0.710011560767723,-2.15553571641552,0.108263897912921,1.10601852626183,0.354153101158022,-1.1212937465934
1.07077594501849,-0.929842618072298,1.32542500126344,1.79800318507202,-1.13386800678463,0.491990310851575,-3.74806610113302,0.0157147904191699
0.0730962450793008,-0.890023795605456,2.02610120622591,-1.10854172644101,-0.845769410375691,-0.207300669025441,-0.995296097692484,-0.38376742216653
-0.777855889115714,-0.839277997271263,1.51299038462732,-1.99180542746772,0.679232344179576,0.307195377658593,-0.269485341667694,-2.02629108667415
0.00711302107402782,-0.77670791754415,1.77597231435728,-1.03239522527063,-0.634336563248861,0.0455986730140868,-1.38815651717927,-0.836095652804296
1.6345258745886,-0.701478340613117,-0.564342707300858,-1.39391349975449,-1.13359973778176,2.38729891975768,-1.18532129475682,-0.465569491553454
0.515973494080605,-0.61287956887921,-0.403328948219123,-0.755325234974466,-0.723389936322725,2.2276703857614,-1.97906193145934,-1.0091513236868
-0.848843837045277,-0.510407013858102,-0.582569096845833,-2.18687565697041,-1.09057062589004,2.40829575947356,-0.695584878688882,-0.778968823062276
0.502732210221801,-0.393856152027283,0.574658537801702,-1.27187698350776,0.258136913645038,1.25245334991148,-1.74744055807658,-2.26697417506438
-0.306842213379561,-0.263429419885302,-0.0899808098174153,-0.140648921334375,0.230558247811995,1.91847792261605,-2.99963980856227,-2.37931826306392
0.892832464396198,-0.119848054255135,0.900500522915429,-1.60763118207628,-2.59229259163705,0.929381814968663,-1.63266418401185,0.305025699957332
-2.39442633794226,0.0355423926942261,-0.532161545823681,-1.34465259127439,-0.19007298904341,2.36342910879323,-1.96939844369591,-2.23187907385609
1.33798553377685,0.200688503594762,0.275758694531375,-2.7174484138363,-1.88618079484319,1.55689409352362,-0.638899956893298,-0.663891214479963
-0.612336711940681,0.372786437581499,0.612898748726056,-1.42726954549,-1.68057557016058,1.2211392644144,-1.93515633829878,-0.988029960920615
-0.148812245276328,0.548300322102316,1.12752191812585,-1.01830857438719,-1.94352175118219,0.707901320100055,-2.31008536312554,-0.83082921361134
-0.106593209793109,0.723058461330026,1.68402156719154,-0.909626657812438,-1.18835800723771,0.152786896119815,-2.34205375698779,-1.6757034270964
-0.470183727910804,0.892436007371726,0.88750596058614,-0.17665165984171,-2.19587537650949,0.950687727810673,-2.95478775248717,-0.738738294009268
0.827879257364158,1.05161948023248,1.09735383104233,-1.39160011848024,-2.42829317679968,0.742225082439941,-1.57725575916164,-0.554906435982934
-0.0260009125442207,1.19593210068531,0.678969247744498,-0.138670650769122,-2.36153318073919,1.16199489082322,-2.62861041661398,-0.645990616242474
-0.693398769894772,1.32118303903323,1.62944266928816,-1.15169619214907,-5.13701764319488,0.212906694365016,-1.38045534946901,2.13103266362182
1.4932147190337,1.42399313342012,2.08194990049244,-1.14897820491494,-1.66742970695571,-0.23821531175381,-1.12169900709489,-1.31038939017158
-0.710506232960263,1.50204854683409,1.05138053221902,-2.07835910000061,-2.45244583113582,0.793739281605056,0.0870337114096442,-0.470737685422646
-0.621614750438296,1.55424392282007,0.642681222086013,0.0734734183224325,-0.655034727658357,1.20382381682352,-1.77664069440049,-2.18813484164163
-1.95271683149079,1.58069601306502,0.242905338835571,-0.228386616928525,-1.49865172534514,1.60498492515942,-1.1867930788698,-1.24108861966978
1.68099723299354,1.58263241565784,2.17120255323724,-0.165492297008913,-2.5727300229346,-0.321927064156802,-0.970108028523472,-0.042871456853629
-0.0256058230174636,1.56218151205221,0.69756979632192,-0.147659225056386,-1.83228432204904,1.15309091784397,-0.723759295925304,-0.64173746024584
-0.755635342050049,1.52210349725626,2.93016768782897,-0.595828846213009,0.200239097189412,-1.07812174857762,-0.0322228917785784,-2.51886519201494
0.0527682737231093,1.46550604014579,0.659467612128361,-0.736123837606453,-0.296344486898914,1.19396355220844,0.326904050268435,-1.85683947389068
-0.160965366944005,1.39558243793492,0.677402989078053,-0.7642936975267,-0.743133450406078,1.1774134003442,0.547297924826012,-1.23828139117702
0.54123375659762,1.31539843549012,1.26881784245421,0.622841435944319,0.216749186233812,0.587383772053499,-0.674831865020635,-2.02357424595343
0.706864481936503,1.22774033713326,0.922586630671349,-1.15106380335693,-1.88688306133489,0.935000208921814,1.23744528374467,0.254298029155433
0.310430662016988,1.13502479661399,4.6840036309434,0.608123023944574,-1.95776570174104,-2.82503156626478,-0.40851746756057,0.496316921186271
-0.671558914982561,1.03926222363239,0.30345233473529,-1.10513779908877,-1.19459317838252,1.55690495502878,1.39491255486804,-0.10111966354083
-1.01106104816885,0.942061987562984,2.63508771011498,0.400056469012082,-0.0829298536759635,-0.773345195265459,-0.0407238504326059,-1.05427930909372
0.204163055543384,0.844664971315787,0.681389406485189,0.892221556952404,-0.102302570273687,1.18173833344979,-0.481359510995704,-0.88502079209266
-0.1346534821987,0.747992423710846,0.720586453251315,0.356467239272008,-1.70936705017193,1.14392651176912,0.0904582372067466,0.862335383866753
1.33400030904566,0.652700536860509,3.26936014445801,1.47241042873601,-0.030283905534356,-1.40346195435213,-1.00245812903057,-0.686664667990183
-1.70672076384271,0.559234338060504,2.07914117006452,1.23836249506007,-0.853653219974287,-0.211857754873181,-0.75619591097859,0.256273420336678
-1.73319824643072,0.467876790446854,0.0818959386885566,1.49665364489723,-0.965807465098425,1.78677270158823,-1.01110627206013,0.477431317155038
0.16995878883939,0.37879085917652,0.740155363121717,0.512304821446662,-1.50604543330755,1.12989850224053,-0.0304913702838551,1.11626031559713
0.0548678701381095,0.292053903635278,0.445729171860113,-0.554802667658492,0.23415906340944,1.42570991858758,1.02722785005747,-0.535457283647066
-0.709381909125451,0.207684794658755,-0.276909736271897,1.74253652887944,0.71556678271083,2.14973405180505,-1.28393903891097,-0.938059765974634
-0.119402164189671,0.125664384258987,-0.517984234025682,1.43514670953719,1.08600053389182,2.39219377464429,-0.993826982484304,-1.23886958126858
-2.64530376466087,0.0459508123987607,1.77103752785206,-0.66899936933596,-0.38922696235278,0.104557237852003,1.09037807454947,0.297348170689483
0.292118915941497,-0.0315100055768855,3.26787216976041,1.12791926345982,0.833323713216657,-1.3908921789709,-0.728536209942106,-0.872275749173772
-0.410412245872096,-0.10677692328371,0.331534217886838,1.12422537114588,0.678027580784886,1.54683099798813,-0.748438581235521,-0.671543700637364
0.320697327730955,-0.179908713319937,-0.637112330348467,0.814117323588961,0.389608704274548,2.51686277130889,-0.463205840064036,-0.344620221152613
-1.32919659152387,-0.250960992425271,3.55410198031657,-0.101427492474867,1.74286519025352,-1.6729663142707,0.426393833826857,-1.66576889265366
0.383905320067021,-0.319984359343086,2.65510607444377,-0.0168105117506115,1.22950028565678,-0.77258518331244,0.314876523371646,-1.12619218900264
0.454287787130982,-0.387023396173329,0.0224633567989888,-0.124217664869525,1.03335124280971,1.86144275941779,0.394463506594581,-0.909266296112558
-0.480728889939013,-0.452116078471243,-0.093030470174898,-1.4654886915567,0.889834179125015,1.97832181147713,1.70696367178986,-0.749990059128311
0.840049200064401,-0.515293445509793,0.633403344808116,0.118628894485417,-0.368849674109071,1.25327322157957,0.093038377762315,0.519806372192417
-0.912866720063897,-0.576579393706524,3.48251456666868,-2.06047179963208,-0.985256772340598,-1.59445277519554,2.24116186582559,1.14300335742916
-1.32080821966447,-0.635990444294523,0.533975595513314,1.05537091511171,1.84604747071245,1.35547142104528,-0.906999662464497,-1.68555706171432
1.02299189711895,-0.693535396732908,0.680278988793282,0.726219139470078,-1.08710061889292,1.21055325285076,-0.61171440255365,1.24651870017039
0.516230045300042,-0.749214826478975,0.833682593418489,-1.49505923984051,-1.01665211121176,1.05853487331101,1.5739137687943,1.17136593665429
0.93905658981073,-0.803020384905683,0.96502788454603,-1.51223953039275,-1.30959441155969,0.928574807268924,1.55339717483324,1.45611190166109
0.152768354135365,-0.854933865040734,3.02379709051466,-0.208245977547471,0.0114260436132316,-1.12880917361425,0.20937205500223,0.123499926202618
0.124964648856056,-0.904925994495763,1.12883116738823,0.540254756442468,-1.76028430043482,0.767541974597633,-0.581806837612704,1.88027898164703
1.00652844441396,-0.952954925679598,0.00476561357826766,0.5206814893423,1.0939003923153,1.89299275349305,-0.607893625869205,-0.992161413195412
-0.632201614867151,-0.998964385468836,1.2453241146631,1.49316323398299,0.448693566118051,0.653819477493667,-1.62937594575511,-0.368558110139936
-1.62185108726419,-1.0428814372659,1.52429757864315,0.925513751986351,0.426929700909609,0.376231238599074,-1.11444970581166,-0.371806583804187
0.888006626313007,-1.08461380499962,-0.0822930480391955,-0.0464914482785129,1.14191390855497,1.98420709036687,-0.199296378602561,-1.11530949427013
-1.17942065043445,-1.12404670099718,1.40125740407483,-0.96927494945821,-0.233145595751122,0.5020418633383,0.662076660647657,0.227591748928303
0.400596485469572,-1.16103909301841,1.59427045703094,0.5973290692849,0.400328599796567,0.310414035467638,-0.970950186666438,-0.441848286822636
-1.52270796034634,-1.19541934108615,2.23517257632869,-0.296527154305832,-0.651941915510834,-0.329102858744657,-0.149005954198933,0.570446753506033
-0.0406949297404394,-1.22698013302146,0.73278949637911,-1.9518246980151,0.226943009326075,1.17466544629038,1.42839238676896,-0.352658519900228
0.451151940084506,-1.25547265124021,1.88765018998833,-0.131500994187006,1.05650203169217,0.0211899777666125,-0.476333893188875,-1.23095015497553
-0.293487524618662,-1.28059991535086,1.54176311035814,-1.0539882152268,0.301826456897876,0.368462282482254,0.354718129837935,-0.529817630753327
-0.366966921631632,-1.30200926968207,0.519803572549437,-1.96760489069903,-0.477304668592002,1.39180704537641,1.16933219292875,0.190632958951506
1.06355354327366,-1.31928402799189,2.05307308333005,-0.330793697707572,-0.785246865348509,-0.140077240318742,-0.574578526320305,0.434403924225757
0.798425255333176,-1.3319343572088,-1.35493421571381,-0.794262108967642,-1.16679205845302,3.26931528381057,-0.22681568243234,0.745911655845231
-0.972255032229915,-1.33938758858099,1.64468002840944,-1.23891451420424,0.0381603928495467,0.271086264772773,0.0930568197349142,-0.535336968125293
-0.284967810157665,-1.34097829907996,0.571667245754384,-1.36062235949341,-0.0440746965169529,1.34548427251328,0.0805100035978974,-0.536058819574481
1.26295691924255,-1.3359387247029,1.4261516479933,-1.40228296448467,0.837871563445974,0.492385095359822,-0.0218555990295128,-1.50802425939625
0.892621998280115,-1.32339041792983,0.941412318634459,0.1569292698059,0.4392966721744,0.978509649804111,-1.73501357044968,-1.20691825914522
1.72058217948333,-1.30233838266966,1.52703905885156,-1.23627393867129,-0.102043457743185,0.394268134672459,-0.505617960645438,-0.770852580148569
0.874341575946638,-1.27166953614865,1.54375869828324,0.481863758539449,0.0955233154593908,0.378933720326234,-2.39709162120672,-1.08180079215174
-0.906839535571681,-1.23015793821554,1.44555499321827,-2.15236352402765,-0.59101355007702,0.478522650476659,0.0549649800660166,-0.516970407423892
-0.661117732682842,-1.1764800141925,1.36286319230611,-0.545597621692419,-0.998181960446532,0.562599676474278,-1.74165401719377,-0.239932185873883
-0.793878927208779,-1.10924376207345,3.1078319887933,-1.15101234727397,-1.53293785557379,-1.18098389492746,-1.33205275633559,0.156334418999667
-0.715025224290992,-1.02703663723809,0.95582091564355,-2.75400252172945,-0.15398969814462,0.972412403307741,0.0715746492084726,-1.36918209964556
0.542680276544026,-0.928497187363008,2.60138284094121,-0.71628226863442,-1.74321577822371,-0.671764296904465,-2.16583833342155,0.0659520972306441
-0.480007452452722,-0.812415227540945,-0.899008753543834,-2.80418925146923,0.6312200211042,2.83001252266603,-0.273820581039866,-2.46920143532859
1.51367203241999,-0.677863919692919,0.773490863764292,-1.28974912595211,-3.15274376148767,1.15889813044336,-1.9752260970722,1.1487285977126
-0.768696891460784,-0.524363985221381,0.365025857999362,-1.15914740801996,-0.421168201435281,1.56874836129374,-2.27774880045157,-1.75240652102564
-1.17841025907568,-0.35207489363669,1.20046820677138,-2.1449190306242,-0.0193238548315646,0.734691237607174,-1.44181108396319,-2.3250071887532
-0.409034822671637,-0.161999974747412,0.451333307636161,-1.53715506222983,-1.24640434485886,1.48521136182785,-2.16956101054438,-1.26697395409692
-1.0574736504111,0.0438176074826203,-0.176085730167265,-2.59949902960446,-2.12847052398211,2.11401562471673,-1.18923574239513,-0.548759219738894
-0.34019150699325,0.262141704902314,2.35691399783165,-0.594261250289313,-2.24993451862025,-0.417598878196728,-3.23057841864899,-0.581927434135503
0.659183984592866,0.488474861666121,1.60281821524021,-1.10039198996675,-1.74401740931575,0.337882129480165,-2.70755632120825,-1.22880352200141
0.575831892466634,0.717118637698905,1.21968189947527,-2.0405595910351,-2.32814931148053,0.722403670330558,-1.69208397606624,-0.76724975627114
-0.934560763045365,0.941397242770196,3.67287374186343,-3.4383162237171,-0.189608808569959,-1.72940294697215,-0.157673455971489,-3.00527439803608
0.299634080527013,1.15405622930263,0.318191690137087,-3.42794031565511,-1.69671105926716,1.62666432983965,0.0297111141287671,-1.57015056871702
-0.878991446246356,1.34781270047327,1.46770508936741,-0.228307516701175,-1.6081854033523,0.478536155694775,-2.91490276597877,-1.69937789726479
1.11214282900449,1.51599307240715,-0.351642574343891,-1.77145908366243,-0.604403032245501,2.29926904449153,-1.06695520890387,-2.70978683619117
-2.28453559366261,1.65316126129459,1.19429686928929,-1.03588010136205,-2.33220963692508,0.754714825943809,-1.45863656797746,-0.952984057010934
1.21722564666298,1.75562767769072,1.44921098186606,-2.32920124937023,-0.847933544418013,0.501185938452491,0.204692702808905,-2.37252396156992
0.123153637837871,1.8217458311871,1.20397812147028,-1.87771381896756,-1.32988971079977,0.74780402393372,0.135207126887467,-1.7914542665715
-0.470153554198507,1.85194621240556,1.36288457843442,0.144729383171343,-0.238690173673556,0.590282792055031,-1.50717830200824,-2.75191406545349
-0.431444225370976,1.84851496702949,1.3739439022939,0.259313869795939,-1.84938354563969,0.580608693281007,-1.25622346082713,-0.982776418238335
1.11597009657331,1.81517975933067,1.88421102829632,-0.817753310743926,-0.766578644719989,0.0717267923640459,0.161571636598642,-1.88421473339509
0.976917317781137,1.7565863821137,-0.868734717343445,0.570118618578298,-0.149290261666972,2.82605776308926,-0.917882955418144,-2.30249729432572
-0.49966145043049,1.67776960666571,0.924689525422484,-0.494588807530697,-0.0949464141983791,1.03401874540878,0.418342761156658,-2.14562245362246
-0.501820304399127,1.58369407122015,2.18318481063371,-1.13500491765365,-3.29865667224955,-0.223091314716988,1.29148672470037,1.27626696750555
1.8135239145406,1.47891220280772,1.61730176023384,-0.177282660954019,-1.5538081598328,0.344176960768332,0.528066071391176,-0.248270071878329
-0.848417259362908,1.36735175690146,3.25991231125363,-0.81616766062189,0.479285384759275,-1.297048365166,1.32490006664608,-2.0631509246438
0.156566386591019,1.25222266134701,0.523346873727653,1.17888766626979,-0.400144767954132,1.44090229744543,-0.54533226430721,-0.971144611032945
1.54579716185137,1.13601738998619,2.85852832935937,0.79733115313171,-0.368233053182693,-0.892893933100837,-0.0681965599971215,-0.79893140687825
-1.41624895858982,1.02057305921838,-0.119617463836328,1.30476881617764,0.21650310104116,2.08663708518032,-0.50516306821292,-1.19010678907148
-0.350454082119895,0.907167325700395,1.14480604339953,1.38619747270244,-0.541020601082021,0.823598803029912,-0.537138662486345,-0.251053966245404
1.61438999479514,0.796626979110982,0.705632159763657,0.291481245999241,-1.29671755059425,1.26415791175124,0.589856264784936,0.673239872894976
1.78349977448682,0.689432804370373,1.5000122658095,1.32073621624422,-1.67640188198788,0.471163030790848,-0.420816034476905,1.20816783919184
1.79862061737448,0.585812826016602,1.21871857383483,-3.08441565978398,2.53714333578382,0.753841947850977,3.99227778446774,-2.86351706382067
-0.191236273247598,0.485819286658972,2.09323678776288,1.01050699951765,0.284467601752426,-0.119291040991626,-0.102723335383784,-0.482087102719695
-1.07578256884901,0.389389560005374,1.3718846713604,0.980604893684984,-1.56246218794872,0.603446300496308,-0.0787195314534733,1.48100013310746
0.367139172394292,0.296391719063345,1.72183334914387,0.600234087971566,0.244902218480332,0.254882847798292,0.291747702464821,-0.222127799426039
0.159976297219293,0.206657244081162,0.358179704919946,-0.0541632733442156,-0.65013478871785,1.61992171710767,0.933707096479056,0.766012005401182
-1.00168836081344,0.12000347183124,0.613145316163653,0.870180591523945,-0.756524751575758,1.36634133094942,-0.00443678264433889,0.955224779689536
0.223375828448325,0.0362479991150773,0.732080674035933,1.94967133576723,-0.406928898038278,1.24879119816259,-1.09817100877254,0.679055930508435
0.164106586481059,-0.0447824938750565,1.64232065135489,-0.848350617653227,1.22662063666708,0.339936445929091,1.68587036170394,-0.889575615703768
-3.45665009641625,-0.123247658234838,0.417702131202526,-0.0863697193027534,-2.72733561835938,1.56594019116691,0.91070383096634,3.12165806324828
0.0662140705163125,-0.199291567508574,1.59994467010437,1.04493490962657,-1.27405978116184,0.385082877350515,-0.232600385407699,1.71885407813573
0.196300300019774,-0.273042565010418,-0.496187055822727,-0.974550002502494,1.32806185841284,2.48259982836307,1.77635006202646,-0.838810081028633
1.62710842872743,-0.344614128457861,1.51164148932206,0.527989284282181,1.91142226061249,0.476156508303733,0.264933213584594,-1.38298645624664
0.840807703318452,-0.414106270194823,0.997725801119112,-1.02769953187633,-0.789135582913353,0.991457421592134,1.81352670316158,1.35216918921127
-0.842365697618229,-0.481607113070712,0.397285944620002,0.452649470815731,1.85494305974961,1.5932825031767,0.3279409185217,-1.26126542027408
-0.185361744882526,-0.547194495765986,-0.0663118473132617,0.423196730579975,0.805048081721326,2.05826552019542,0.354057090147837,-0.184101708937834
0.874707514927234,-0.610937429603325,2.45135862397316,1.13345698690529,-0.444530828943443,-0.458019726005557,-0.357620690744654,1.0898971899282
0.775033859668575,-0.672897382714612,1.20618148017176,0.569874826321202,0.79890571202951,0.788542642881303,0.206468578892352,-0.131490434089761
0.974057068678641,-0.733129339311173,0.684725361506827,1.32321831247058,-0.23575450540482,1.31138398663169,-0.544443062297717,0.923280085076696
-0.623934560724712,-0.791682654616351,0.789972956139611,-0.98321080625945,-0.193095725508682,1.20752161708436,1.76634348357229,0.89918429281713
-1.05549400454346,-0.848601708277572,0.181666054111349,0.451849557368369,2.22253597155619,1.81721374419807,0.337572707820438,-1.49907730108431
-0.966395319161177,-0.903926371613373,2.44274273961103,0.561648015278752,2.07426424875088,-0.442477716216153,0.23601231005953,-1.33430645204705
0.397969635898998,-0.957692306229765,3.23980136684015,-0.733577412685048,0.721396850868839,-1.23815111835982,1.54145354038413,0.0344828020653408
1.08193109397468,-1.0099311090719,1.282292169493,0.345747688636541,-0.31376480795817,0.720743304072784,0.474366840766704,1.08525878006727
0.747237628834161,-1.06067031496624,-0.141618671156978,1.6115978913631,0.556685880174048,2.14603936980821,-0.777159721087547,0.230364712451519
-1.1147642118177,-1.10993326367841,1.63682361255651,1.60716650336476,0.340811982398742,0.368982311180178,-0.756237134576907,0.461971383206898
0.512564627533222,-1.15773883276231,1.16569495562475,0.144160505690604,0.991136149153635,0.841496193197396,0.725531313348639,-0.172222263083912
-0.154621265932209,-1.20410103195312,1.1204220629476,1.74894319229677,0.530791465617814,0.888154310959995,-0.858091007253217,0.304863577537856
1.27886790425829,-1.24902845082039,0.6827322436897,0.843250968354483,0.0429896309146308,1.32722935530335,0.0713106983231219,0.810224771878045
0.107966641691278,-1.29252354164958,0.943788515017881,1.12994313820957,-1.05539832726124,1.06755830906062,-0.188945551003202,1.92719576200536
0.0214240249904766,-1.33458172195786,0.50795574513645,0.200541091102445,-1.35386290707445,1.50477630402751,0.769823967256468,2.24547352046778
-0.173378852323668,-1.37519025671651,2.33846989169833,1.99009901628056,1.08245084828772,-0.324352617448917,-0.987200276002444,-0.169586448363592
1.50093700113413,-1.41432689109177,-0.796058302473505,1.57672506046481,2.02063775166912,2.81156080180837,-0.53786034519786,-1.08486161321282
-1.05005812731193,-1.45195818723046,2.88156435378234,1.20391723961749,-0.403957892804544,-0.86467662936202,-0.125354764268752,1.36453077873416
2.64930373146946,-1.48803750733666,0.548021447814585,0.020962251772501,0.0559253102862204,1.47025150169119,1.10136475189183,0.931568880039215
-0.251931012770098,-1.52250257654279,1.85057197771483,0.436427413319986,0.952124640000028,0.169086196876397,0.734103495351962,0.0646701916681526
-0.319578488420061,-1.55527254570181,1.36571619534861,0.521022598518262,0.558839928435103,0.65532720432807,0.702563944329745,0.489907603001574
0.150489898348217,-1.58624446010253,1.4936826463924,0.631470388147402,0.831503585396453,0.528745978369735,0.65047761380725,0.252142040918996
-0.337450848244596,-1.61528902480976,0.798728778477963,0.220992431648629,0.242097425832328,1.22508507136962,1.1251204229866,0.879708263374797
-0.273577693768384,-1.6422455413586,1.79194454802446,0.690366254573192,0.363565348837809,0.233254526908578,0.726257137089018,0.800004713778902
-0.577032450091536,-1.66691587489571,0.784456282447019,0.186283670678137,1.61508709258523,1.24212801757147,1.30778343419007,-0.4057778464751
0.789726380296368,-1.68905729727538,1.68921145326451,-0.0627754428294713,1.45260735052792,0.33875807183943,1.64185144520469,-0.193183301990886
2.45021921071608,-1.70837404290692,0.649000401119201,0.00718312575660673,0.956152520811108,1.3803543490702,1.66514110692709,0.358194854103789
-0.568961684420058,-1.72450741472975,2.01751527140272,2.15730084754387,-0.421518659280708,0.0132247038721351,-0.382777529580907,1.79606412383913
-0.551277091322955,-1.7370242932893,-0.191825076661123,1.22362203794779,0.66181477279584,2.22395027702143,0.662792037524536,0.778703554298878
-2.69046166386033,-1.7454039531953,-0.166033817084091,-0.0913533048271169,3.03754680393367,2.19954424252985,2.1001073642939,-1.52474776306926
0.538846464465344,-1.74902317256572,0.688167590710719,1.34406184962654,-0.273157558038013,1.34672805982049,0.798237204742079,1.86510903718366
-0.407984563193388,-1.74713964572609,0.979256240801739,0.723432446532154,-1.17640886380775,1.05702463481493,1.56434380212767,2.85497460485909
-0.0425958469677244,-1.73887429052391,0.380081754556646,0.872961966489811,1.81483562986087,1.65758434614547,1.57288556970149,-0.0415849162645702
-0.160350662010178,-1.72319297190166,2.65590212877399,1.22016175539886,1.36587279716525,-0.616850802986414,1.39689780303066,0.510749898237747
0.174341858576885,-1.69888889763178,-0.845109896017538,2.29313655267581,1.58703599469699,2.88554644689056,0.508640554403846,0.40225283098465
1.08332091184277,-1.66456768240565,-0.382541204431641,1.24286942200183,1.44723880448771,2.42436298039012,1.75722704689695,0.664585062468068
0.252727201026006,-1.61863809351,0.444445607332671,2.62132426917791,1.90744456579146,1.59876139371126,0.590410741416709,0.337294075487877
-0.624928185019892,-1.55931277570052,2.7412340181149,1.81672253681168,0.831692173004484,-0.696641791985511,1.61917129563577,1.55674598105669
1.34580333946703,-1.48462491709561,0.790108072111125,1.10448285369533,1.61653013003111,1.25586937910372,2.56660903664236,0.926637257867207
-1.36463676607532,-1.39246866898963,0.615804218067468,2.29334961292209,0.75287691927147,1.43155845823283,1.62162337440111,1.95606600308207
-0.703668695323248,-1.2806729572613,1.45159731349989,2.02911014957678,1.63106776537574,0.597150587885853,2.13498209710291,1.254401345349
1.68836088882029,-1.14711961853674,1.40383665240165,2.21951145088968,0.869732637064126,0.646296474069551,2.19418528901617,2.20230615812342
-1.79624119497719,-0.989916714585662,0.239862179468765,1.95168590934418,3.03952597529526,1.81165617208789,2.70584042593318,0.22789473455617
-0.715038398268239,-0.807635165301613,0.487045721272197,2.48784830997062,1.87869921705021,1.56585785536991,2.39982702425568,1.59103986711261
0.286985371242165,-0.599609907817135,0.363495500891701,1.37536885864566,2.23716608776279,1.69079330083586,3.71920261806818,1.43918958038413
0.0305535013956661,-0.366294066847264,0.453008770200264,1.42142741682328,2.29517172135633,1.60266525661275,3.84571519470982,1.5885985798343
-1.27456274178639,-0.109635348189465,-0.702708188713658,4.10273493541991,2.91207717396993,2.75976744061213,1.29051110691196,1.1754853682192
-0.455218368445342,0.166580635779514,1.72592123223111,1.94265807967536,2.27958444557752,0.332523244752807,3.51776387553932,2.00281781961125
-0.322334755768272,0.456500234532529,1.63925202685546,3.39820694017896,1.57248754364472,0.420577675213916,2.0587837142909,2.88967153951415
-0.755394162074135,0.75218076206369,0.973460204548124,2.00621174735507,2.32562363729771,1.0877547226067,3.36722658837308,2.29451230898457
1.69121186949801,1.04386871941605,2.2223513788296,0.647388624084108,1.38622564359712,-0.159751226589312,4.55654564773416,3.36321287281807
-1.42940853898279,1.32062841992611,0.870391250242847,1.29836592591374,3.09898321757179,1.19359412708289,3.64935223577846,1.74448490034685
0.905510878583751,1.57129908531453,-1.20793172130467,1.39015274206084,1.58756732064022,3.27330232371586,3.21988249548931,3.30892888086826
1.02612871458011,1.78565489876004,1.7306331257796,2.23502736275707,1.71736068671079,0.336122701717045,1.96726119368694,3.18687960270766
1.74643388441766,1.95557311240004,-0.892858011913595,1.33686366745484,1.07197216146724,2.96099906449569,2.40442900703972,3.79238589842974
-0.805521615435954,2.07596035789286,2.06622972335058,1.7507680053243,3.71229784660836,0.00329655431696829,1.4968402936187,1.06446179135938
-0.236551553947928,2.14523818205337,-0.0455038825505123,-0.433618149398601,2.64262235812373,2.11641538530352,3.17690474432748,2.00105325456041
0.131403045075685,2.1652896507025,0.596800490614967,2.50350190163955,2.11486981834413,1.47549623722349,-0.254036962089191,2.35459470579689
1.22480766719849,2.14091107070732,0.681461549602836,-0.277111738115881,2.48630680466421,1.39222040332107,2.06139765476648,1.77388666443009
0.341832461380204,2.0789262725585,0.865250786554891,0.598271985819384,1.36492157698059,1.20981639145447,0.763229926070286,2.65814891975131
-0.562919785974775,1.98718040503582,0.814191351455275,0.495480964289684,3.68594875981246,1.26226105163954,0.49442161539931,0.0798769731781357
0.0353650477607443,1.87361202289418,0.871743375725913,1.97414741901548,0.841561860132056,1.20609425245436,-1.30064982631324,2.65457062478001
0.715324586917649,1.74553990921518,0.895089727719507,-1.51838379982677,1.27296970102741,1.18413312554622,1.93061878112807,1.948165821325
0.918373696623864,1.60921260006607,1.15243833273112,-0.46688973765091,0.854177051455512,0.928169745620062,0.669897020456767,2.09294007892543
-1.00784838157832,1.46961440090828,-2.00506817944727,-0.748328809249209,1.70686471727816,4.0870614828839,0.789027579527586,0.97244447502432
1.52997898614661,1.33046697102408,2.05385197497946,0.538819706533784,0.51060583807039,0.0295265535426257,-0.619700903480853,1.91122401854495
-0.134221093404982,1.19435843061886,1.05633214061087,-0.742084064917412,1.094919115727,1.02843161299667,0.573820852542427,1.08279682377917
-1.08099392795191,1.06293762535253,1.84987603114792,-0.0909065321226937,2.59085706200709,0.236272947545077,-0.136890453727508,-0.641837421360729
-0.387504844588902,0.93712580155582,-0.232992348957167,-0.0343950422896499,0.454694189407232,2.32052655273561,-0.230930375258007,1.28224714394866
-0.154092055785333,0.817313479530981,0.148793106094586,0.114404789247122,1.87108732507352,1.94012632276931,-0.400420589403266,-0.329111948151472
-0.675413728123838,0.703528239709635,0.599490237389653,0.390543989650234,0.613517409979454,1.4908144165597,-0.68484455535087,0.750536279707997
0.446903097978681,0.595568406648394,1.73186870385401,0.238119455167413,-0.62163745099549,0.359821175180797,-0.532009652659305,1.8243157520531
-0.811277303634977,0.493102543324031,1.03768380360558,-0.00506475587252228,0.940759053130155,1.05539130051468,-0.282765051124925,0.116277942480031
0.892227505642499,0.395739865565662,1.90275251340751,0.296595691022515,0.338098474465091,0.191707815798205,-0.575172131609897,0.58800196352546
-0.925520003680669,0.303077791597588,1.44000646956669,-0.0586093299774573,0.768886052055486,0.655839084724474,-0.209473458370096,0.0398155177241736
1.43153470058551,0.214731533082657,1.05128989646027,-0.299441951368952,0.721176764063214,1.04594088291635,0.0415625564998019,-0.0175784156787522
-1.48956150978278,0.130351215082107,1.73079827430812,-1.98752943288445,1.42848258599725,0.367817730153958,1.73837892799666,-0.818960304185737
-0.668832152705539,0.0496293601099936,1.22246311013188,-0.788737086476429,0.624863720953886,0.877538119415648,0.545936175357046,-0.099650087191627
1.01372678015319,-0.0276959167218227,1.48474262890858,0.626124651289117,0.843928628030521,0.616643825724406,-0.865638903514148,-0.394480484002255
0.128954057591987,-0.101841965306239,-0.56888382423252,-1.39375285600928,-0.225590056582013,2.67165550395095,1.15395059462727,0.60664458159743
0.201288244060498,-0.172984533396626,1.57891399548494,-1.76074552918171,-0.590562163288026,0.525242909318946,1.51669960519642,0.909487505664343
0.835252334910886,-0.24126126247517,-1.10866106391297,0.297864561705168,-0.544446170504101,3.21420319380232,-0.550394199718495,0.806469357259688
0.00789382376859863,-0.306775294597951,-1.0337569748035,0.30274122996622,0.218454963678249,3.14068432977829,-0.568210394388675,-0.00907218437269633
-1.05758759785387,-0.369598531227728,0.700416014758227,0.387337811177338,-0.230870283027051,1.40789656530202,-0.670372124379717,0.390980489115552
-0.87253910137626,-0.429774306052898,1.04616148877587,-1.34893625752295,0.366084935677676,1.06353631636983,1.0435691097,-0.252704895001629
-0.715228477066978,-0.487319352933424,2.2447900145539,0.170503617947167,0.787953188221223,-0.133706984322741,-0.503100003963919,-0.719522200074212
1.21124541991137,-0.54222502433404,0.337145223676871,1.25558239209242,-0.43900360855485,1.77532303163974,-1.62043092381211,0.463564167010942
-2.90579012931927,-0.594457775792406,1.45803732138736,1.35726918038449,0.564463167145147,0.655816159014705,-1.75952554133994,-0.583343906656645
-1.19207906974729,-0.643958908752288,-0.165105499548744,-0.844781000927642,1.27704691403245,2.28034420503626,0.399816092265613,-1.33954239050818
0.376418157393787,-0.690643621290957,1.18009592959786,-0.38576723318869,0.780701012274081,0.936528000975112,-0.107368087259332,-0.887546344002415
-0.322565651495133,-0.734399403363291,-1.69317196059214,-0.401477142569328,0.565811028550565,3.81118111625056,-0.145469665126787,-0.7182678521269
-0.769318110228996,-0.775083804186376,1.50381742913255,-0.478001584023165,-0.250854265626032,0.615576951611329,-0.128595136752059,0.0510276475973634
-0.406622658462138,-0.812521604978383,2.07460270803541,0.10480058310796,-0.380821421172222,0.0461768977939208,-0.777099326342855,0.131395182468147
0.337561865882449,-0.846501437323487,-0.278300603053638,-1.93632799319048,0.117737262768759,2.40046543396842,1.19204888129362,-0.419443288068642
-1.95264885641112,-0.876771901215854,1.57470495487748,-0.239074179399287,0.541043831427062,0.548845101122761,-0.583696483255847,-0.898142025596976
1.08308223825228,-0.903037260850008,1.79265088423979,0.0386924824062472,-0.491676290032429,0.332284396845898,-0.946696889530531,0.0756574543412779
0.0885081501619561,-0.924952836109066,2.24679272042963,0.322586536991255,1.2754699874696,-0.120472214258485,-1.32278478119395,-1.75433865140612
0.153718939817981,-0.942120265632378,1.82794757748935,-0.433261931021914,-1.20251092735817,0.299758153767249,-0.666280440445685,0.656478597902348
0.803185196278584,-0.954082899123684,0.225837391393072,-0.388128607304065,-1.4966879536123,1.90325356494898,-0.818051967693553,0.878812013459363
1.33834508729723,-0.960321707638121,1.34598467121423,0.13020578682903,0.537437006524106,0.78449151021327,-1.45039288336853,-1.23217963859246
-0.685604699293947,-0.960252213154971,-0.389413487416996,-2.14360460030261,-0.35414948757156,2.52127489392995,0.702066335448709,-0.422796320408205
-0.0485512476965396,-0.953223159702381,1.25460426437026,-0.714044994456344,-0.965675524299624,0.878642367228147,-0.856033151703322,0.100915900317362
0.21915931202972,-0.93851786167557,2.4727133565335,-1.04558863177165,-0.238342867678717,-0.338081499849639,-0.659889162853055,-0.720063466979878
0.468503292725343,-0.915359441826666,0.924578866357748,-0.719354567546732,-0.899390816201005,1.21143821541157,-1.12783336133697,-0.158649301797177
-1.48611019042033,-0.88292145692146,1.26032256513551,-0.567258603368368,-0.106945058339222,0.877079741719262,-1.42712670712137,-1.05678194795378
-0.354741786314832,-0.840345696207793,-0.0213520606579243,-1.58149239860776,-0.911759259903479,2.16013959259815,-0.564421524938116,-0.363661404666843
-0.674752614560865,-0.786769165789363,2.55061431295945,-1.45465159028182,-0.573112268077437,-0.410441555933773,-0.845571624398627,-0.819821699520224
-0.230177610387508,-0.721362361607119,0.654683069411287,-1.72973270844304,-1.91120432433207,1.48687491269985,-0.725574521507186,0.395297672318218
1.49595073775359,-0.643380765808241,1.94907425360758,-2.72389985994128,-1.36138703241799,0.193868953589002,0.115249362365783,-0.282382780571176
0.820239894487341,-0.552230924768358,2.61214845183248,-1.81240705205351,-1.703954512065,-0.467820019550442,-0.944781825153436,-0.0717541852218687
-2.45866459611889,-0.447551305071566,1.93093030415541,0.999709459767092,-0.691765693116842,0.214783353212087,-3.89700556500568,-1.21886043350231
-0.351033153358586,-0.329306252111761,2.75581596384906,-0.617648542533305,0.261561791976575,-0.608717081396112,-2.40716028145049,-2.30867168567631
-0.387088061765994,-0.197888437039121,1.83104226544991,-1.2501006815942,-0.619198292438557,0.317441842088493,-1.88500425675278,-1.56421055804833
0.783457198113987,-0.0542219079118294,1.37942048892164,-2.07882140757291,-2.62555684631303,0.770448843702211,-1.14442621520303,0.30813378049918
0.0565382351447299,0.100146247312289,1.32445449054129,-2.5325462708347,0.0921447056578661,0.826800067168015,-0.751659259331036,-2.53885924567633
1.38579909780035,0.262981445323949,0.0891918266019611,-0.804315822052438,-3.05824414355201,2.0634479561928,-2.50883495164147,0.489699377960349
-0.462612531184874,0.431342246034488,0.790734849960504,-1.44633693695429,-0.17698084182503,1.36329015791971,-1.85948810908407,-2.5029638524359
0.949927041835029,0.601623763733601,-0.928985628696744,-1.37844178359849,-0.600516662873298,3.08439586166241,-1.88050616211647,-2.17730329703612
0.631608719074836,0.769676782584996,1.07720200534304,-4.21166776095341,-1.63462393759735,1.07959345270808,1.04104247090457,-1.22446647993341
-0.0812787617638433,0.931006496240158,0.57470391801213,-2.45994302582592,-1.37330964216242,1.58347676512444,-0.580758215254337,-1.5475481079056
1.7059918057997,1.08104135487902,3.27574779328104,-2.50699497446521,-1.06948572313944,-1.11618188505901,-0.363997421233207,-1.89110332465752
-1.51314795854083,1.21544755598261,1.28767542323049,-1.12425694767173,-2.05048942282572,0.873275710076996,-1.54109163682316,-0.925809616158824
0.587864706507158,1.33045153606933,0.536246059325479,-1.75881651815966,-4.21491144530613,1.62609029906746,-0.670689763859198,1.24820110720744
-1.78527212693396,1.42312592449421,1.35514209312612,-2.30971361282817,-1.88338233124134,0.808579490352265,0.138980110833583,-1.04798882352583
-1.61316442676968,1.49159666231999,0.588987501547547,-0.612341257505643,-2.51640097252478,1.5761193070163,-1.28496167609793,-0.354312793843248
0.344154114528514,1.5351410907552,2.10791530548926,-1.96502441890408,-3.00574855481728,0.0585767281600398,0.347161540019046,0.219704041829994
0.555617754548781,1.55416599785589,-0.357647839354358,-1.03654422053299,-2.48795412752193,2.52552509808911,-0.304249788904214,-0.191511440866904
0.303512049618697,1.55007576554127,2.62167659422468,-0.663889010193756,-3.22791946375081,-0.452414110404481,-0.409750250153713,0.674181227714026
-0.104681566936093,1.52505965205648,2.38872566927765,-1.42911293552785,0.0584122621453056,-0.218077960371992,0.606439771378883,-2.47051781702674
-1.25516497155924,1.48183414788312,0.436380840403261,0.767408999532143,-1.02379082348599,1.73565209358785,-1.36005809572356,-1.23430355911462
0.220616718935001,1.42338160242809,-0.899211562678633,-0.520574174747458,-1.02613534382835,3.0726297217552,0.133848456266985,-1.06918412019551
-0.474588004282156,1.3527162472964,0.246081966774503,-0.975979577584721,-0.424916688360279,1.92872141738751,0.769432000717375,-1.50239026313323
-1.93874113282168,1.27269854222096,0.323001005300959,0.199479991786865,-0.543869943944714,1.85318760394651,-0.251917263254268,-1.21347987663178
-0.279064150086002,1.18590676781393,0.169623261936453,0.525762656440793,-2.39046486167328,2.00795057239647,-0.449414833065313,0.802063151641964
-0.515949589939357,1.09456416732417,-1.26650461984385,-0.523195433774678,-0.322570091135787,3.44546367926223,0.704533418779693,-1.1004398109384
-0.0854633454181427,1.00051332666283,2.2488338067787,0.219026653231508,-1.44378371457263,-0.0684895222748703,0.0455590980424207,0.180499636436915
1.2125316379183,0.905226135776323,0.672436467148453,-0.742004181782345,-1.08222405663763,1.50929304244083,1.07043839687596,-0.0286708465937773
-0.416942470119016,0.809837019163614,1.20521188376781,0.222478990053661,-1.06704557525123,0.977902850906932,0.15285000782486,0.099950487478355
-0.20069271324654,0.715189247293531,2.45379575582148,-0.3956185957839,1.54632030405828,-0.269295796061283,0.80329540211022,-2.37907679684158
-0.473554382792556,0.621885744522574,1.30376594609075,0.901517755488202,1.31810791672926,0.8821192387549,-0.473770112240316,-2.02652434664041
0.247299223696174,0.530337930256489,0.141502887635089,-0.46216817087521,-1.2150985754716,2.04576752229601,0.899779382656865,0.620771164819375
1.31377880252371,0.440810476238026,-0.0490216024050984,-0.185884694457448,-1.58358891228333,2.23767723742165,0.624988327639488,1.09308074026696
-2.53713780151973,0.35345933809697,1.17048245160551,0.377339614056359,1.05643329151569,1.01955840849649,0.0564758030144629,-1.45322506476684
0.857762706172801,0.268362766999897,1.42921830849212,0.326183368773566,-0.462018588702641,0.762207776695336,0.0969110073163729,0.14914898011611
0.34920376507091,0.185545711341047,2.76792740452888,-0.472612910702814,0.211298790552898,-0.575116094255965,0.880671330739363,-0.44962911556128
1.72668257997542,0.104998377486117,0.6855210021654,0.747833519742652,0.806360199303606,1.50867553319297,-0.358219320875443,-0.979053497278828
1.19978174569288,0.0266898995676938,-0.803804495398881,0.826556967507028,0.476083458017036,2.9993862558427,-0.458078141285063,-0.591520266425482
-0.304981524017937,-0.0494218861611618,0.210958360516534,-0.611854498857191,-1.8045411452232,1.98600862501274,0.957056819183423,1.7385200811767
-0.870593739472148,-0.123383676946941,-0.208177243224774,2.17127334345428,-0.0113164683479978,2.4065294538395,-1.85108391268234,-0.0125901935282518
-0.427743348017687,-0.195242158401468,1.92962410094021,0.173396072218143,1.08892566597971,0.270113334759973,0.120324008320258,-1.07749470084147
-0.771756225368751,-0.265041048892685,-0.251749179840525,1.38574070824721,-0.0300626108819308,2.45287184062616,-1.1197728199504,0.0705531927105954
-0.241029059761308,-0.332819233381438,1.22768991264563,-0.245524235040315,0.853306441486889,0.974817973225453,0.482540759968388,-0.789569348250698
-0.347132777752088,-0.398609593873154,0.734816343811366,0.935222767194372,0.147682968429749,1.46907676714517,-0.72834892734762,-0.0660870760047919
-0.169935011114554,-0.462438267144413,2.93234947291891,0.566128357293373,2.38250002956187,-0.727071136876914,-0.39064451562646,-2.28805087843334
-1.09796973224093,-0.524324107630994,-0.335242974491783,-1.77389739028279,0.34686175783186,2.54190653561923,1.91663404145958,-0.244228121437476
-0.692372461579574,-0.58427819768993,2.15693341343253,1.98354500420804,1.16821910710674,0.0511153727803684,-1.87506840603247,-1.06177941290362
0.298260384539204,-0.642303313576372,-0.421951446978859,-1.08633685549991,0.156625425515757,2.63138545827721,1.15884552516083,-0.0505143117906358
-0.621643508819368,-0.698393261800512,1.22381940497473,-1.9862083373526,1.03137705613767,0.986999831409083,2.0208118472326,-0.929531439281172
1.43932055010333,-0.752532025497234,0.781574580553918,-0.842773021179453,1.19100380985839,1.43062988091534,0.837274200796854,-1.09720804462791
0.781036494911287,-0.804692677078263,1.36071458982985,-0.93112356720126,0.238229733936717,0.852875096724869,0.883037425401562,-0.156159596146129
0.410230184992778,-0.854836015795918,1.67443551161697,-0.0253084189408459,-0.681870839618195,0.540539400023195,-0.0681638293713709,0.748605455440086
0.222643895020848,-0.90290888257782,0.973562151617996,-0.812813650593881,0.639232251759394,1.24279798510763,0.670817954349533,-0.591418517296237
1.06256389189471,-0.948842115621504,1.01927256205306,-0.183662123793016,-1.45123177991809,1.19847279975802,-0.0103569108667895,1.47652378644469
-2.24258018552597,-0.992548101585724,2.39309768557161,0.356719104956026,1.07578315318823,-0.173967098675076,-0.606647369678592,-1.07666797528697
2.33889070904178,-1.03391786836211,1.38437991124316,-0.231560846968629,-0.254685652648383,0.83613590073882,-0.0785714906739437,0.223877077576466
0.237651307772672,-1.07281766474045,2.22902157915089,2.10919998303426,1.82470141729004,-0.00712054208345658,-2.48426242394373,-1.88930891728721
-0.75953895888424,-1.10908496822839,3.17375986858103,-0.198767934524123,1.87968506968058,-0.950473606428135,-0.246402861429924,-1.98213020151989
1.09728830734584,-1.14252386149418,1.70026979527429,-1.31934011424591,0.260644644129783,0.524401691964053,0.798411471139203,-0.4051637375958
-0.257626445897965,-1.17289972223907,1.20557262590413,-0.814287781561628,-1.55170117122441,1.02048408641967,0.211464758436637,1.36064143901136
-1.49207518787599,-1.19993318289804,1.32952535393911,-0.461421630024034,-1.72684772702621,0.897916583470136,-0.229930252254547,1.48451927355882
1.83671018528896,-1.22329333949082,3.51972627123031,-2.99951628154161,-0.784587545846085,-1.29089910873561,2.21249935715199,0.485971976360862
-0.253692079415632,-1.24259022820463,1.04671363509797,-1.62052710039485,0.402459312354699,1.18349875248218,0.730213591835354,-0.762696742833947
0.310168476541979,-1.25736665068289,1.76739657706226,-1.49568700252723,0.29913995695657,0.464201035603351,0.493970256100608,-0.72667250093963
-1.75433439723403,-1.26708952338658,1.13235419288073,-0.483026519024578,-1.24693417110921,1.10062864487033,-0.638636272528997,0.746077854190609
-1.24231995217734,-1.27114106388926,0.562484068209931,-0.321745697973189,-1.64355632673784,1.67188399462659,-0.928778447767049,1.06298235456741
-0.0238339110558211,-1.26881032091094,0.492666369235896,-0.765673813032336,-1.70686478424054,1.74308691868608,-0.622903837909911,1.03981368513494
-1.11875684646483,-1.25928578731735,1.55891799602955,-0.104358172102757,-0.254480418167266,0.678220516977871,-1.43160572768451,-0.506160847091653
-0.0896508417229219,-1.241650342602,1.20881246815471,0.375088784711597,-1.31169170853215,1.02971126993817,-2.0677245961494,0.450022025301912
1.93336818727892,-1.21487993754577,0.857084273209435,-0.612151744659477,0.517813121115159,1.3828246899689,-1.24614458008614,-1.48822562853875
-0.956169867822817,-1.17784820280541,-0.798411415285374,-0.717885768048613,-1.81446678181915,3.03970560354916,-1.31443779973738,0.727396078344466
-0.813944813556778,-1.12933979494445,1.12677874752743,-1.64696903082096,-0.0143579788363272,1.11590066582181,-0.566714280690166,-1.19737965202059
-0.619689509476293,-1.06807584267052,1.64278535262042,-1.27992356543797,-1.31822199727871,0.601279285814273,-1.12090681202602,-0.0261376544251962
0.369891757374621,-0.99275552013065,0.948498169284391,-0.702829418099936,0.459038938683664,1.29695169423576,-1.8887732219213,-1.94372841812625
0.829135407322627,-0.902118109831659,0.804774929384759,-3.12763108975643,0.159444454468126,1.44206015922084,0.344516698522879,-1.79167691747851
0.567325103221694,-0.795029720927648,0.184268522345643,-0.283185307268273,-1.15860812106707,2.06395179134541,-2.68847491998726,-0.62757884934287
-1.03680241210261,-0.670597725120463,1.34053659878315,-0.977356745632979,-0.975044729801546,0.909068939993353,-2.17528908090405,-0.970336689322305
-0.157028831958944,-0.528313492911771,1.80604775703827,-0.184427082151066,-2.76334673613583,0.444943006823694,-3.1361405863109,0.655134426064706
1.05048097606753,-0.368219703549573,0.795242240195168,-2.29546324045726,-3.12559358348303,1.45713374875225,-1.17360549661376,0.853003715082916
-0.0835734322881122,-0.191092112865259,0.611123004558773,-2.51659814356383,-0.851083381641342,1.6426382094741,-1.07450160132708,-1.58481695959799
0.142107118027831,0.00138258266084636,0.485220464151775,-2.01827705268317,-0.852591149815604,1.76992597496655,-1.66093577769149,-1.74240508055532
-0.390171282844529,0.206460181609723,4.06195906160218,-1.3980822640274,-1.55125227854464,-1.80542739739841,-2.32792187446288,-1.19497479225694
0.651068758009719,0.420258751476651,-0.721091707804769,-3.2532510387299,-0.326903221049921,2.979008597094,-0.471449904799508,-2.55861967230603
1.52969793418803,0.637782756583287,3.21538210285944,-1.15289673047561,0.107351395069955,-0.956079988484763,-2.51696119776124,-3.11589067140516
0.921281460641374,0.853084148302722,1.19407958379844,-2.38534277549782,-3.313569607899,1.0666077556617,-1.17274693784039,0.202703388046441
0.674216763896249,1.05957647576241,1.16481963467913,-1.25354099602111,-0.121606844050209,1.09725292986646,-2.13519050231266,-3.06668618605375
-0.0342879275797169,1.25049052805606,1.94020739746565,-2.10596878101552,-2.76099325096434,0.323250392165392,-1.05833073164256,-0.47611596970806
-0.0843463519225092,1.41942613910986,0.469359506019869,-2.7200462344355,-0.701476137395526,1.79548350869663,-0.170584670417667,-2.55293354406573
1.10281251793164,1.56092377649846,0.241215581107675,-1.62980158162647,-2.71434600779298,2.02501265869427,-0.94682424651398,-0.524018479373072
-0.342352012576105,1.6709626185698,1.73461351889,-1.27976945876517,-2.47559735503323,0.532999945997403,-0.953818685803723,-0.71281564939749
-0.151743094759798,1.7472975776378,1.63026392630145,-1.85592378400873,-1.06272203833547,0.63873476367141,-0.0183234310681002,-2.04262809130403
0.614906377124031,1.78957755885294,0.638769653412225,-0.160235233111347,-0.590177413810131,1.63161426164608,-1.35137721761051,-2.40111104839725
1.42814877547951,1.79923110795682,0.961445044687653,0.0952719717690862,-0.22680555274194,1.31032409545611,-1.25313557866065,-2.62269528271345
-1.64595814118198,1.77916080865096,1.67494097216577,0.596039169203054,-1.53116323310695,0.598213393063446,-1.41945709384394,-1.15300540797686
-1.21687064527487,1.73330719739355,1.3650325393786,-0.997559298851791,-0.584565862961978,0.909507050936069,0.48123225181888,-1.91550311142401
-0.461033648859485,1.66617383237127,0.31680223731399,0.24284902727468,-2.86069218412002,1.95912257808613,-0.484869432166765,0.558445116197114
-1.38666387199183,1.58238534151004,0.5975783098271,-0.758449351131948,-1.20070648477551,1.67973173065848,0.755075544338639,-0.895003602210833
-1.35039720953135,1.48633228111454,-0.524407314188817,-0.341162461160983,-0.476206340504075,2.80310257975985,0.540143403706488,-1.40896526066132
-0.999187447705354,1.38192710223363,1.99970483764942,0.782870169606954,-1.42681197879633,0.280375653007061,-0.416663371699836,-0.248050237376623
1.03464744124294,1.27247015777735,0.741614460875032,-0.720765207086445,-0.360519665857607,1.53985125486691,1.22152659028129,-1.10789001358626
-1.66395645832388,1.16060997204542,1.31757258511759,-0.184054507296861,-0.496271664611173,0.965278355709805,0.789978024794242,-0.77251196260607
-0.723863148570804,1.04837151753687,2.13997427289481,0.181480525093392,1.67708991172884,0.144261893018033,0.503908051392371,-2.75538278376966
-0.795601302380821,0.937226742312052,2.04773635162481,0.799988910944227,0.0361603504077657,0.237885039373487,-0.0570368300338776,-0.934781827671934
1.40794665649972,0.82818595886147,0.605304449511981,1.38502495228972,-1.54923774164378,1.68170216657177,-0.602742333129365,0.818346925503775
0.244544280797835,0.721892871258136,0.21764883964831,1.87415365894218,-1.02846688529482,2.0707430015209,-1.06737798479658,0.452731647184102
0.134142099616379,0.61871360587172,0.767669450065162,0.943226717491312,0.247391630197036,1.5221076161895,-0.123756659201749,-0.680774507830809
0.111454968153106,0.518813297028168,2.80684575274822,-0.117905012908183,-0.925397975769715,-0.51568346140811,0.940919396629589,0.621663074851771
-0.647371075931654,0.422218782543273,0.98169974497853,2.98230091213916,1.74934866831488,1.31084777144704,-2.16263595867618,-1.93578741178542
0.24700893386887,0.328867204257531,-0.0650257286025873,-1.65635877102034,-0.0907260241440112,2.35895847011361,2.46766517670618,0.00977247393968673
0.970879972075369,0.238642138043319,-0.316182332146989,0.0914205489734617,-0.00462228256241364,2.61150029874346,0.708063981709224,0.0180160147841336
0.615388209075649,0.151399342686059,1.16613126682043,1.20088143191669,1.12255060687816,1.13057192486149,-0.415436496470433,-1.02518917735368
-1.6031833760547,0.0669841722697202,-1.18249412099927,-0.205414867536613,0.221598917515154,3.48058253776665,0.97558834438801,-0.0498439196458285
-0.422919141081134,-0.0147571162015717,-0.133950284687412,-0.966231341512381,0.379211484404906,2.43342392654025,1.72066650042536,-0.141814704719252
0.900425040503698,-0.0939707243505839,-0.443770637922675,-0.274127875897707,0.0675756342920695,2.74462950486096,1.01293841674461,0.227527029435926
-0.11227552688041,-0.170791816213176,0.836671360108554,1.90338253085328,0.0158981433824274,1.46557273191519,-1.17965413463783,0.329766563753918
-0.22021541083828,-0.245343159528026,1.66885271153482,1.13030910608109,-0.38205226471135,0.634776605574375,-0.4208146346737,0.771890971921551
0.340140322543561,-0.317735107006004,0.208773280645195,0.401371037522048,0.457474663639487,2.09624126154945,0.294945298329912,-0.0291388465591253
1.24674371403486,-0.388066364097059,2.01854772019157,0.0607526026819594,1.33807275261951,0.287852047088532,0.6235719352709,-0.876255314202081
-0.611590390445384,-0.456425157415302,0.43276109119763,-0.0523196043582577,1.00825610041168,1.87502390116792,0.725909990845939,-0.517363422405174
0.789246157382726,-0.522890552429057,1.58058403764621,0.750809525127556,1.30888533509951,0.728586179804797,-0.0866688092527568,-0.792767543790078
-2.06372160881568,-0.587533763841065,-0.316438891119796,-1.24576689315249,0.0977599215664556,2.62699433365626,1.90173690075712,0.440237196251276
0.760195921684848,-0.650419369300577,2.77512737183919,0.90805814382459,-0.415763593582173,-0.463186704217273,-0.259007914867407,0.972748694820516
-0.3631722032102,-0.711606382407382,2.71479816928411,0.246035607002912,-0.513102496666441,-0.401472276576739,0.397303119008064,1.08659156259619
0.0237232973791461,-0.771149170023143,0.600979230094792,0.959065106895389,-0.408801880372466,1.71373188769803,-0.320280627581918,0.996674365289605
-1.29964400611535,-0.829098216623378,0.247915742050141,0.149576191758181,-0.415146823977121,2.06818060082813,0.48575680624859,1.01560535636922
-0.241824257748734,-0.885500748168783,0.965967957094923,1.11074105445281,0.754391481026938,1.35151361086881,-0.477810958586224,-0.142857720087338
0.951059586797567,-0.94040123249073,2.67207112368048,0.947834002330948,1.23409338338998,-0.353204330631292,-0.316309240837558,-0.612741600127682
-0.976703656390291,-0.993841774384988,1.99182763132064,0.839004822994648,0.912783484028337,0.328424386813996,-0.20793351747071,-0.282646613075476
0.497274108497607,-1.04586242282794,1.41032485301866,3.20200078146149,-0.937015354397433,0.91131239020143,-2.57046984047463,1.57510276365248
-0.587258191923585,-1.09650140590455,3.46111937818365,-0.032219328336816,0.152540643636464,-1.1380969098781,0.665092257224034,0.492838524429916
1.31639654074311,-1.14579530666198,2.57591147983161,-0.420334308387924,0.741009116264025,-0.251503786440614,1.05540970792088,-0.0888407503850989
-0.00830244742716201,-1.19377919089906,0.503033143220633,0.944680644315319,-0.2131491064498,1.82275977525582,-0.306554701491224,0.871743623569483
1.17030207194635,-1.24048669462928,0.891636526761507,-1.81656963972227,0.959016955518436,1.4355416168004,2.45859167732143,-0.294233893370592
0.294444440096813,-1.28595008021197,0.750256437597543,-0.364767075484298,0.0502382437972672,1.57830693104981,1.01153847604569,0.620609548470257
-0.75949755725792,-1.33020026147618,1.68817894261509,-0.608235016426939,0.581992783428973,0.641769651117725,1.26062729734127,0.0949002880612576
-0.846415678035747,-1.37326680357892,1.83032946770937,-0.85698816104859,0.067823943722782,0.501004351108897,1.51590191953048,0.615191937188328
0.30612013323605,-1.41517789853354,-0.404285851113642,0.914839408976178,-0.615316025595431,2.73700489501736,-0.248463329433733,1.30462372934915
0.113654705722226,-1.45596031562942,1.06543586863903,-0.0980528105555188,0.967779436364197,1.26866840035014,0.772883865070841,-0.271923166945979
0.443968900288463,-1.49563932550443,1.15913869118495,-0.286047752285467,1.62139505443842,1.17635080288968,0.970390295113979,-0.918647875627169
0.416560272533102,-1.53423859508111,2.71801528611176,0.799885181093387,0.732630001000924,-0.381140566951682,-0.104898135748465,-0.022564568182681
2.20384407981709,-1.57178004919506,0.744241029246553,1.42691937004716,-0.564638209474748,1.59401891499898,-0.720064947994404,1.28253509514141
0.954972105771029,-1.60828369323434,1.06157377748354,1.42514265035594,0.584220519803629,1.27807139184745,-0.705093899292305,0.142109124871249
0.969959474833124,-1.64376738940588,1.17024519047097,0.0092222838206914,-0.534397668344975,1.17078520394547,0.72546705996392,1.26985310583768
0.219235175003418,-1.67824657726343,0.361877042861582,1.15286566054147,1.54543015595181,1.98053857664031,-0.401953730066302,-0.800059188463988
-0.307040937849657,-1.71173392678438,0.764518374071911,-0.830958825850958,2.47937722536216,1.57928247051543,1.59982885590341,-1.72319794789046
-0.879435441307906,-1.74423890946493,0.640567152420658,0.647543141875471,-0.173474809327479,1.70461891725214,0.141193375926828,0.941465950843606
0.478108955514628,-1.77576726949518,0.844231275098573,0.491631605301628,-0.169318276910451,1.50234001965968,0.319073799106758,0.95024478109707
0.903833898858987,-1.8063203729092,0.539891037401131,1.88027816503048,2.70172918273537,1.80806548244258,-1.04528432578748,-1.90661319662292
-1.84170442935156,-1.83589440824794,1.33154136812703,0.1039799676092,-1.67141889310162,1.01780037680213,0.75786438124963,2.48212136706321
-0.175423447240168,-1.86447940615034,1.29619276029076,1.58049384375491,2.36183782996664,1.05453420972385,-0.6889665240473,-1.53399501786816
3.23756147871236,-1.89205802676052,1.71301481513704,-1.07193386112227,-0.757307652426404,0.639097379963024,1.99627760729569,1.60401727194464
-0.412819257494124,-1.91860408689772,0.182828581531193,1.09788379838856,0.448706183124588,2.17066883865433,-0.137255583878963,0.418787052488836
0.429884499020778,-1.94408075010523,2.84924545702008,0.617151217957423,0.258807891839523,-0.494362811749108,0.383600919977167,0.631595924629531
0.26210709216585,-1.96843830648123,0.469176853046756,0.753306546669574,1.38510516149785,1.88709101730967,0.291820678584875,-0.469431567257161
-0.502071470353662,-1.99161145689026,1.04116927712567,-0.812002348304817,2.1031709566109,1.31648381831621,1.90621148517269,-1.1596116518396
-0.708397698105355,-2.01351599398818,1.45263238278904,-0.0467764795710469,-0.654488253433892,0.906405937738298,1.19527774663996,1.62883303705074
1.45391767428326,-2.0340447488596,1.66172321037079,-0.737705116614907,-0.493109203301285,0.698700335241997,1.94626367279087,1.50145292770332
-0.45483386059027,-2.05306264928088,1.09614277663965,-0.0845958851853853,0.0881266493374253,1.26566599405859,1.35958706814501,0.957775930127383
-1.11654159488774,-2.07040070721363,1.04684953365928,-0.519461837229163,0.167422235161024,1.31634446212442,1.86792975695608,0.919981329827374
-0.124721849931722,-2.08584872275446,0.130367424913005,1.4317608122509,1.60950099073127,2.23421179595614,-0.00204197494446057,-0.47623328223129
-0.783834563235737,-2.09914646047706,2.73574176614019,0.799809740340117,1.4965827307815,-0.369777320185593,0.719727178230013,-0.312624888750371
-1.23077905217641,-2.10997302474049,1.19882766745179,0.576876812262605,-0.348992654774743,1.16852200358827,1.04190115370066,1.58897405181244
-0.0271621076943709,-2.11793413806273,0.385740554368867,1.02199986089443,-0.0865300921084915,1.98299434175664,0.706358096660462,1.38842288497861
0.0640699503093546,-2.12254701919902,2.72130565547265,0.797131418836966,1.37233844744924,-0.35118553426169,1.05211528308002,-0.00204332383270078
-1.56251170036987,-2.12322257803556,2.61767625253617,1.1108968734527,0.0753938108013767,-0.246170906239753,0.871559373142637,1.37044692122732
-0.431749264081382,-2.11924471263571,0.275455284719185,1.30573525948462,1.68263568078939,2.09743528666268,0.823286730210851,-0.153405574970401
1.14812799293062,-2.10974663933162,0.268034942532844,2.37295933615533,-1.23804484955147,2.10624085393448,-0.082985522731495,2.85925318131635
-1.17929501321477,-2.09368445247188,1.13614409680738,0.678691582283173,1.85623201407563,1.2395169247454,1.78760221356209,-0.133673926809497
-1.05473153758598,-2.06980855627978,1.92104460263032,1.42909190596934,1.95605452618198,0.456001644007915,1.22976427124375,-0.121966697258985
1.20690174774871,-2.03663431772233,-0.145543094844974,-0.0078027674795027,1.92150136947074,2.52397456656866,2.87614708259454,0.0351120799359734
1.34381222031797,-1.99241435823758,-0.679416656563486,0.795884634378589,-0.0279282053605634,3.05923335337262,2.29925385066597,2.11885942863903
-0.217196074473555,-1.9351164515013,2.01929607432594,2.81577301281235,2.55730498626057,0.36190584756865,0.52339480121829,-0.319525611898532
0.956577707695083,-1.86241313938991,0.25298453811285,2.39869549311318,-0.545008768663002,2.12960260886719,1.20102430581216,2.94279389842339
0.0528835823875791,-1.77169198878855,0.102497713185537,1.75290415373716,2.3841212290611,2.28147465887996,2.1222982835092,0.187272560813801
0.474321026911152,-1.66009883014571,1.65875781860582,3.21131537989761,1.30990482712827,0.726599778545127,0.951542610784568,1.44887150359157
-1.85602651965901,-1.52463002023201,2.00307396014948,3.58116999839025,-0.525674397410157,0.383668862086928,0.877265155973598,3.48538706126058
-0.343351457696101,-1.36229295913987,2.26601305559439,0.65169469839087,0.449827646549011,0.12211499172747,4.10414478097685,2.72362169313443
-0.405209704074636,-1.17035524043561,2.49973331186327,1.59003562574698,2.8769479374375,-0.110220039455956,3.45676602336223,0.521585805065046
0.170740138884484,-0.946699454981358,0.759934838922331,2.36840460107251,-0.232336310976047,1.63096365857043,2.95222528654647,3.86496859524082
-1.64822600916169,-0.690289421951195,1.26769421729578,3.11432508525545,2.47320457253219,1.12458950528244,2.44981886800991,1.3991436222591
1.31374120531126,-0.401730839096199,0.436432584710198,4.04391883876094,1.16771991829336,1.95723636295347,1.71799780123667,2.94534520241407
-1.01385735393983,-0.0838728503197809,0.580912642132292,4.86031583111005,2.78103857602151,1.81414153061683,1.03664475171801,1.56781608532556
-0.452843410380676,0.257650812181945,-0.00627036271831272,3.87600209762495,1.77573053166807,2.40270976055289,2.07597092208513,2.79676568215993
1.37677642873966,0.614090919491755,1.5103915026344,2.30419147717762,2.00374265123229,0.887433120285635,3.6069756249396,2.77191837955082
1.20069698709247,0.973639627539397,0.361265549035584,4.16779533409845,1.77098785685891,2.0379442989699,1.59476913329127,3.17831489266781
0.765554655297735,1.32203108762364,2.60715679806559,0.216403732225213,1.57831210981285,-0.206561724974655,5.2840162387718,3.50595627117597
-1.11448794247011,1.64374892818339,1.57168523283314,2.82701374340624,1.59833860784393,0.830295065343252,2.30024099409372,3.57375823390583
-0.219208096224935,1.92373503766118,0.0185059207941234,0.987156150758676,2.32309096911585,2.38485960246772,3.66770560947136,2.88281420569685
0.736829522815787,2.149306555341,1.87252436101307,1.64885076072548,3.11710948207073,0.532226387334234,2.45501962371276,2.06411811021539
0.737772831589576,2.31185952288769,2.11472015453107,1.31983171720635,2.06283249645268,0.291415818901687,2.1818291063813,3.03380078706033
-1.06873416167464,2.40793918022298,2.59539808614516,1.4185797804194,2.7365273643758,-0.18787688762695,1.46042265380994,2.21746138856653
-1.08107789408089,2.43940450821563,1.29622968201393,0.281293722899673,2.83614050845633,1.11267674158973,1.9848653884993,1.92215507550605
0.32385388109748,2.41269724496787,1.83241446575358,0.239261472775262,2.59493901991719,0.577877182935532,1.4501085161719,1.92219966399939
0.0522166059541384,2.33746503490023,1.55592883140578,-1.22639440400122,1.60948743508652,0.855748042368793,2.39479039933715,2.63037507573912
-1.01165145890861,2.22492816069965,0.769287951354741,-1.10896170056387,2.80580636396925,1.64377414750528,1.82446294884801,1.13083249649032
-1.02934635196008,2.08636788370959,0.439594794755277,-0.109762074083019,1.82302823060873,1.9748525291902,0.445511821252752,1.79456007323521
-0.316339394942106,1.93199173603817,1.66857881379549,-1.42326922262522,0.246233512345063,0.747253735235435,1.45149858420223,3.04583896160736
-1.27286311602082,1.77026552503688,2.29450224736075,-1.1403104484606,0.738756450426732,0.122715526755636,0.928026135206493,2.22945653046939
-1.02212184613863,1.60767448831392,1.94850873544802,-0.488846963565765,0.912166664794449,0.470094263753813,0.0952033598953923,1.74047284119928
0.700977528786331,1.44880036599762,1.62919463060787,-0.350891307086882,1.7865911914277,0.790793593679422,-0.174004431331653,0.563839163510926
0.633248380836695,1.29658663997637,2.04242726229033,-0.801611885707134,1.10058176715659,0.378946187082415,0.186395134150835,0.96461207293189
1.15056102712842,1.1526805279163,0.0439121022048612,0.242342587600445,0.957097495953438,2.37884657225334,-0.915561200768518,0.842137555810151
-1.78266641852143,1.01777700996897,1.53631488311807,0.131182963903323,0.662356091701196,0.887829016425579,-0.837746062892632,0.891407850423848
-0.333855665334797,0.89192079078571,1.86468497542687,-1.30032659438448,0.785311971592173,0.560844149202233,0.578515793896943,0.543800000859994
0.301211682254347,0.774749145665804,1.82560430995035,-0.0636982427329897,0.698230736259061,0.60131003976421,-0.660714200485868,0.426704145041404
0.867262651521709,0.6656739641925,1.80687002587733,-0.141657069873559,2.58592521500779,0.621429548922684,-0.577135749959578,-1.64553255769304
-1.16010990578516,0.56400990094143,1.31204924319622,0.346280588747216,-0.670109663604878,1.11763555668924,-1.05475590660753,1.44440988842642
-2.34290373616634,0.469058887846188,1.44070606770317,-1.75464848265725,0.34253258581474,0.990363957267746,1.05842887101101,0.282717116187423
-0.705756292939804,0.38016241491979,3.82133211014664,0.0768418541237409,-0.590484399618191,-1.38887686009027,-0.760996056296991,1.08219061515579
-2.13985558488386,0.296730238776831,1.10229095682655,-0.422359910532788,0.381010741941436,1.33154951831528,-0.251537041267977,-0.00892957204213773
-0.64603865297285,0.218253397640535,0.315070828404612,-0.753679465113239,1.56665172478748,2.12015487182267,0.0870202850292524,-1.30186532196414
0.356474548655566,0.144307153680142,0.727240872098927,0.570536016256235,-1.39239052616438,1.7093700532138,-1.23386915514805,1.56066338142646
0.563510442813729,0.0745480446595628,1.2233617529578,-0.793900987645036,1.55335291540334,1.21463439744039,0.129336961972069,-1.47229581445233
0.632100754615922,0.0087078250448487,1.85644068609755,1.3891127388443,0.089582710132342,0.582940689386091,-2.05992111312978,-0.0878443947136652
1.87856901049998,-0.0534137981168647,0.379042129344138,-1.51406875491274,0.288222370051142,2.06172447122495,0.831687946479774,-0.359214323986636
-1.78844177930055,-0.111956516248854,1.38920725859071,-0.77941407336407,-1.1004277678555,1.05294456706383,0.0799229780862221,0.962082367452355
-0.056822797552458,-0.167006123179107,0.58977735172795,-0.194406263410637,1.06041526164956,1.85375969901205,-0.527866606330788,-1.26185182863982
-0.606503585126488,-0.218600286853686,-0.354454169450596,1.05457480399222,0.344505599459808,2.79937644527605,-1.80538038123378,-0.60579078065397
1.4067199772717,-0.266733188050415,1.20852363982884,2.12648876912931,0.14789632258537,1.23778386108206,-2.91161943435518,-0.466716605044863
-0.340848819768875,-0.311359155833688,-0.348665519998488,-0.60669719546475,-0.080660985186776,2.79635824599485,-0.2185660071559,-0.294224400420924
-0.85196105588955,-0.352395201317102,1.76966204786841,-1.30181037967243,0.232766563202201,0.6794159032134,0.430611557836172,-0.663010851364427
-0.953131894685624,-0.389722786337988,2.09857925975046,0.996751873727221,-0.715560303722063,0.351883916416808,-1.9196692726501,0.2299735601756
0.857635720487664,-0.423188877490229,1.69619039569827,-1.27336389612692,-0.206436190241568,0.755658005554449,0.292980611112235,-0.33509767460614
-0.257134827028236,-0.452606529008093,0.968246797399548,-0.486211518298081,-1.04882683914494,1.48498682893863,-0.557331012027438,0.450183968896846
-0.974527011893529,-0.477755191604516,1.16428837214493,-0.0857846152465058,-1.00953408326175,1.2903304792787,-1.02653263353252,0.352123174992407
-0.374572054411665,-0.498380996267638,0.553583589137039,0.194258438637617,0.392191929195928,1.90242048737204,-1.38085565265732,-1.11046969971369
-2.13429044172945,-0.514197282241624,2.92773403189903,-1.29438636007742,-0.58564871182366,-0.470344730304499,0.0281576111300916,-0.195978580204364
-0.429803120680517,-0.524885683475723,1.49365844640998,-0.7062491813848,-0.119403266101462,0.965116080270007,-0.64475176781179,-0.728384012566094
0.804869577321408,-0.530098136856946,0.341812807568065,0.0122996412372421,1.36774789238491,2.11834694419738,-1.45292894730471,-2.28477571127894
-1.05952765363833,-0.529460233010043,1.09957114095918,-1.53601952347006,0.84428060556692,1.36197383589172,0.00128265848234721,-1.83383846552095
-0.446956367901767,-0.522576349705021,0.493574103912647,-1.80475510143697,1.67139307147381,1.9693560980237,0.171921878836646,-2.73691307116869
-0.863818614577369,-0.509037291932486,0.242660868441371,-2.06753764036542,-0.318863000756443,2.22165455858043,0.333246013734247,-0.826120280895474
-0.896568500947035,-0.488430721098878,1.2349853058538,-1.30548018350039,-1.49893970099422,1.23071534625345,-0.532845092148296,0.271005389445437
-0.274067005222476,-0.460355161224498,3.19920997504479,-2.38037076191208,-1.56914605430806,-0.732124097852082,0.436407082155545,0.254879430308151
0.152659592430233,-0.424438135388988,0.458806421565685,-1.72412326547729,-0.917599404036888,2.00966468071248,-0.32590740631021,-0.486169165297433
-0.573713941001786,-0.380358827666292,2.02819443221222,-0.892750186902596,-0.605099458861738,0.441661895151397,-1.2623760546849,-0.891010713142804
-0.627658734860695,-0.327875464285487,1.30089209407623,-3.58140531117855,-1.38865278279345,1.17034945837284,1.3237903877043,-0.202176856003943
0.792808232803633,-0.266857273249501,-0.0580946627636203,-2.44981781036691,-1.15694310107546,2.53072144029814,0.0941938720461157,-0.530377284569861
-1.63756552911377,-0.197320292974215,1.47585393476426,-1.96647192225193,-1.48422213919794,0.998158067855715,-0.480583150303542,-0.300597719841024
0.127213239131174,-0.119465628923529,0.878120515699221,-1.54463971471719,-0.713378798685546,1.59727671200621,-0.98497407045656,-1.16902275423091
-0.00711880876165176,-0.033717889268644,-0.261644151492869,-2.24073863181407,-0.501271512548963,2.73842660428375,-0.360120973169565,-1.47770055952951
-0.817185295291275,0.059239463973251,2.85576194922985,-1.63647079155056,-2.71970691536058,-0.377594271353518,-1.02180958432053,0.646431762604075
0.552726239652996,0.158435933069919,2.41897336530134,-1.03400115264566,-0.82321559385659,0.0605795376604534,-1.66539045973142,-1.34068908240186
-0.0997931286283233,0.262597817984174,0.813954104355974,-2.72721597747753,-1.88881517525361,1.66698402369127,0.00535662561649186,-0.360513238564847
-0.308580375554832,0.370149031687371,-0.100116891421181,-1.09664631416667,-1.84774766916304,2.58244024455388,-1.62699536399609,-0.480176128572274
0.667614303184498,0.479233416121154,0.874140098399983,-1.69456857542753,-0.919722048844848,1.60956847981817,-1.00857153030372,-1.4783040795461
0.519471540469189,0.587761607903646,1.38859373430374,-2.84063266696252,-1.49921421445479,1.09650006899986,0.181284492478749,-0.958774220313516
-1.65156534292924,0.69348315522015,0.85533887328813,-0.527992700382362,-1.98077821518468,1.63114015510093,-2.06398887302494,-0.525472532452956
-0.833193279111468,0.794081386924169,0.129427723361178,-2.5979274252031,0.507443473880565,2.35843653011333,0.0963545501758038,-3.04885844939003
0.599325451605982,0.887284995259709,0.818020464803338,0.133138279659797,-0.431993232431497,1.67122901375663,-2.52265353356409,-2.13032694325008
-0.735652192242321,0.970987001029569,1.44715426324482,-2.23229580200748,-1.49376002619947,1.04348044040059,-0.0257480020487411,-1.07435199731757
-1.42436047438286,1.04335951290285,1.35946751028374,-0.539153910228948,-1.30431043559874,1.13255241844713,-1.57099608511156,-1.2539895798977
1.20378465402574,1.10295209484012,1.37384974182393,-1.86905403000686,-1.49213082432963,1.11955541199239,-0.0803794079296531,-1.04066571046392
-0.383066566420129,1.14876297301328,0.256446999762701,-0.237503323093127,-2.38068957283629,2.23834337913908,-1.54240056881941,-0.111243827677674
0.0962393091223161,1.18027565882901,0.804522199167116,-1.69380003415186,-0.217394647671566,1.69165340482012,0.0880464415957063,-2.21905911618118
1.43657691311052,1.1974580925668,1.82805735124913,-0.347334648703431,-1.43801251684669,0.66950347782356,-1.08378876893467,-0.929467212422028
-0.043191590043637,1.20072655536824,2.01013050914715,-1.67498929433769,-1.76803745229903,0.488815545010985,0.415101932750884,-0.518421302926209
-0.0282043044276797,1.19088065034435,0.606630814068639,-1.89113347854264,-1.26007187920924,1.89370046517495,0.795658679470756,-0.93502200286532
-0.424416965384863,1.16901904446892,0.575174630087178,0.267043090674225,-0.29510735696922,1.92654187424187,-1.20778699301577,-1.8001568750973
0.358022324916889,1.13644642188107,1.7482206299199,0.996945819170387,-0.424842544899038,0.754881099494603,-1.79485735799033,-1.56409998841465
0.861641656069297,1.09458172731775,-0.676050910824247,-0.0897543585138819,-0.452193351681494,3.1805378653242,-0.578783201404611,-1.42592270047223
-0.738800438443455,1.04487543489902,2.44744542962297,0.538721226885412,-1.40359738185735,0.0584267499624391,-1.09227641181379,-0.361118487296868
0.962753387037616,0.98874132903742,1.3015634498351,0.747900165409096,-2.93206070030371,1.20569395483576,-1.20123685361254,1.28150252981842
-1.70887693839467,0.927505450710812,2.05127271928264,0.23547739388683,-2.44768120308173,0.457369910473672,-0.603258763175272,0.910381549584507
-0.836355284521076,0.862372106002254,-0.0265808334552657,-0.853060692691099,-1.49692330216641,2.53660868829703,0.556647139863607,0.0705161363591204
-1.16314219542669,0.79440538494697,-1.18495391513386,0.900075538777758,-1.37606360835555,3.69636699506108,-1.13855666550282,0.0569227324310273
-0.547871561711026,0.724523591008039,3.45006877280203,0.411509590746751,-0.182605491428125,-0.937270467789354,-0.604556731939688,-1.03394391802369
-1.59057522719712,0.653503095537819,1.01907578993937,-1.67148850558092,-1.36432138776225,1.49510774015876,1.51241838102492,0.244846901970797
-1.45032135199624,0.581989086815495,1.94171748382528,-0.861904389180111,0.708000725260678,0.573851271358307,0.726433983208179,-1.73656397158056
1.36361857829818,0.510510065541902,1.80707006811214,-1.20045028317666,-1.56875693031745,0.709883912156896,1.07926797113047,0.624471324371633
0.49083921147252,0.439494155409087,0.517182326860574,-0.5101872674833,0.413037765864769,2.00115687849391,0.394994319653169,-1.27999262000302
0.205843597583181,0.369285618074474,1.34558740886447,-2.03926991832544,-0.404085814703885,1.17413702157547,1.9227007068967,-0.392663967447772
0.01754837473727,0.300160535498573,1.65851143046154,0.0140101634022199,-1.31548087708155,0.862598225063851,-0.138484913576224,0.581743771592086
-1.20541764141337,0.232340980427684,0.714720266170291,0.193576913963398,-0.689188411051222,1.80777461444056,-0.331755438470883,0.0112953447768411
-2.25945176542068,0.16600743124664,2.78758163004604,-1.34628904461169,2.21257043268466,-0.263701524349734,1.18923074560356,-2.84169390914201
-0.821176205587673,0.101309404302527,-0.0632401160269025,2.31319014075743,-0.313337647304501,2.58850544680866,-2.49378883627915,-0.273944511786896
0.725900329074627,0.0383743562959379,0.988882965453362,0.352910355289552,1.71105129224483,1.53776759041385,-0.56129673298692,-2.26323840252051
1.32433411060795,-0.0226849174492376,1.30732796152443,0.785128158647793,-0.904795724288081,1.22070781942823,-1.02523138176048,0.381161237340316
-1.04539721585839,-0.0817641708896774,2.24402980466914,1.16551747787128,-0.0728428402359165,0.285391201368971,-1.44103572510234,-0.428567669418724
-1.31446804296771,-0.138762626973811,2.09917915766671,-0.437336295453228,-1.23491958126499,0.431627073456856,0.122857379837785,0.749618296595558
0.259714131186649,-0.193578705634841,2.37212000701662,-0.486683608381231,0.324465515877809,0.160071449192405,0.129781340877278,-0.79956627909982
-1.09715540199463,-0.246106352245864,1.17205987086534,-0.661665933314734,-0.355604345592801,1.36151681042913,0.258899815126362,-0.115012643730348
-1.05176599208522,-0.296231790969025,1.23470934625803,-0.47094572951669,1.03003858443943,1.3002525601219,0.0188452480229388,-1.50171540083236
-1.3401490145351,-0.343830558552951,1.28554414961479,0.322612989367486,0.538638259881168,1.25080298185059,-0.827592237506964,-1.01676752981151
-1.00917577040913,-0.388764704564651,1.48323995746142,-1.35317680679152,0.443916007889096,1.05449239908941,0.791664730603416,-0.933763715072515
1.24287913511218,-0.430880074079269,1.78775621867425,-0.997035745100961,-1.0655089962003,0.751361362962044,0.375199364693087,0.558778089252273
0.153530404263939,-0.470003617498453,1.7546001164943,0.210894399299562,-1.78226649995072,0.785902690227444,-0.897003651409796,1.25356330695875
0.460290756295198,-0.505940700915543,2.51502503327184,-1.26206246071331,0.12104386959704,0.026862998535361,0.507563366886115,-0.676757533546523
0.74024993060374,-0.538472420644196,0.901152584237886,-1.91180039825888,1.9431633695235,1.64212067265477,1.0846236858257,-2.53089794019599
-0.67375513520986,-0.56735295878052,1.95705356062785,-0.298737461126524,-1.58739650034273,0.587604921350253,-0.6055681187848,0.962637652096422
0.0308405263079578,-0.592307055074731,0.583529140453368,-1.02602013973324,2.66037379768147,1.96251456661019,0.0399891969139179,-3.32717057425346
2.79510673412398,-0.613027717010304,0.379546702821953,-0.302485722480086,0.493648676495452,2.16788222932706,-0.769981716611069,-1.20752038575627
0.166494958111954,-0.629174344100028,0.114855303288288,0.00579586135775689,-0.125368861526683,2.43395885394618,-1.16948073699319,-0.640645917341112
-0.723960402167698,-0.640371501451914,1.41454270555223,-0.908932271170721,-1.27522615943231,1.13565667676769,-0.350759578753119,0.451967691676605
-0.0992872211106474,-0.646208668898051,0.757988137130498,-2.55845188282759,-0.787842926644429,1.79359647027488,1.19803496708168,-0.0977859845163133
0.429255840837452,-0.646241380834576,1.21878944180904,-0.65151304900033,1.25578541179769,1.33418039068179,-0.814173981067965,-2.20892214791773
1.25401126905344,-0.639994259651921,3.03273485037682,-0.52863842298749,-0.807583156970615,-0.478379792800544,-1.04656483608214,-0.218183159121336
1.27702551496735,-0.62696654307671,1.27770775115143,1.53777194861651,-0.10181091925584,1.2780325315103,-3.22628582681241,-1.00165238878551
-0.322140268320965,-0.606640844661013,0.752788651158561,-0.223565612384699,-1.55620745509143,1.80433685658863,-1.58141965826132,0.370087101510166
1.46205555208738,-0.578496054448168,4.09219326861421,-1.39752408991366,0.229221924598013,-1.53368253578157,-0.52624734624461,-1.50278279095068
-1.31055566881124,-0.542024916599657,2.244651370159,-1.22785823839114,-0.82539599703703,0.315244587759089,-0.815925523928896,-0.540125183153646
1.89965481182601,-0.49675730988286,3.59348282365705,-1.83111534695749,-0.303562601585453,-1.0322016406535,-0.332547628500507,-1.15806861844015
-1.2971628356259,-0.442289841932672,1.05321915560298,0.515960180306323,-0.794288237289847,1.50944725248602,-2.79771642888182,-0.767105990152214
-1.38168749945324,-0.378321991308392,2.10937727521751,-2.4240259479066,-0.164714856631967,0.454674357956943,0.0279225812421731,-1.49945154788891
-0.724704703644052,-0.304698529170769,-0.117954443325782,-1.80877010565869,1.1067973007212,2.68339130158569,-0.695666539836784,-2.8759350293455
-0.0446181362000245,-0.2214571630045,1.88737365168401,-1.14625341281998,-0.687702693145066,0.679448431661347,-1.45794657188456,-1.18761287750316
0.640327531014607,-0.128879184367377,-0.0404847987281294,1.21487133908719,-0.482421501973506,2.60869210715894,-3.90746415778877,-1.49909177082246
0.44072955972576,-0.0275397070297615,3.25004638197919,-0.458959238448556,-2.34750039592044,-0.680453848462925,-2.30768447849095,0.261154337108563
0.248075708538151,0.0816474647384294,1.5920125025472,-1.0437208633464,-1.92092467196576,0.978965256054519,-1.77959676425912,-0.267312404208037
-1.19051825446507,0.197396543509631,-0.24721792036414,-4.14352051734951,-1.57614618235584,2.81958090405132,1.28386316958197,-0.709290070313456
-0.0491778787399762,0.318035098078858,2.05788659905312,-0.855075987286206,-1.06593084978303,0.515861609719504,-2.01787997389629,-1.31012348356135
2.0411304804236,0.441515127812305,2.06095509639942,-0.775848572395919,-1.75836573683022,0.514178337458663,-2.08510272195502,-0.699747755798416
1.21167977873652,0.56545571651049,2.76411651329139,-0.733312437591206,-0.527282720992782,-0.187597854347859,-2.08871525430724,-2.00233186903279
1.13249953198883,0.687220462331347,1.84193050872033,-0.529791336711535,0.134925943758601,0.735973375308661,-2.22561354145931,-2.72354513982644
-1.12679614768804,0.804028702765175,2.48170221066691,-2.26385460190194,-1.12269186008334,0.0975868984475352,-0.397435551971442,-1.51065046431543
-0.00872001561210248,0.913094448625424,0.522833974302299,-1.08330177957349,-0.437513869181023,2.0578403598976,-1.45766817697533,-2.2247357142107
0.208505102178239,1.01178166069423,-0.0371695860846084,-3.40967442316948,-1.03463695168899,2.61922914536996,1.01285339598052,-1.63951371928064
-0.107443657009965,1.09776030026892,1.29254729261079,-1.61680398861521,-2.39716432225311,1.29089749176001,-0.615426139437337,-0.271115905221985
-0.0348725201187947,1.16914557951629,0.930794713696969,-0.193227552918047,-3.81401430392646,1.65403529575929,-1.8581958787009,1.16965694164226
0.317274266643796,1.22460386609377,1.1566689450792,-0.93962946303338,-0.804314481360728,1.42954628946252,-0.919590624960955,-1.79830237614
0.587270870892025,1.26341282691801,1.5485492629584,-0.887980135970988,-1.47435949684529,1.03905119666876,-0.772756077432639,-1.06944844300987
-0.967556659872007,1.28546992942958,-0.0324829541796336,1.9180652807677,0.483054292556528,2.62146863889225,-3.37913823449964,-2.95221447402812
-1.14213266937344,1.29125089821825,1.53477604137046,-0.748820711856431,-1.60947168374307,1.05559486842761,-0.516202696783969,-0.770848203134732
0.0187154402676658,1.28172657613234,2.52010683696238,-1.60855746474063,-0.868795096597828,0.0716492979211476,0.531729046917065,-1.41046830400781
-0.860531591499196,1.25825154699049,2.02262393349567,-2.63378825401847,-0.848331198880941,0.570517426473307,1.73378594441042,-1.31986497276374
-1.13796413945029,1.22243976685367,0.195643502309093,1.10982739595812,0.746302015730456,2.39888308274534,-1.84706423877287,-2.79574897869815
0.845949173239199,1.17604178483705,0.905765624476829,0.361510117193346,-1.89186839326052,1.69014618566306,-0.951890904282542,-0.0334975813647552
-1.23039663450895,1.12083506885485,-0.0930542535402159,-0.935538120709875,-0.53471468991703,2.69035128876555,0.475054635924401,-1.26351940399773
-0.157022360999787,1.05853516517189,2.63626826363612,-0.604538138183269,-0.291046630335499,-0.0375860033253312,0.256652380294076,-1.37914164332233
-1.85879834371713,0.99073065128256,-0.5636469753779,0.00110954859487619,1.18954599033719,3.16371446077415,-0.253449557856587,-2.73271137297505
-0.0748776126796047,0.918842182796868,1.20316439871352,-1.43457677076937,1.13168826410049,1.39828831176818,1.2614345590484,-2.55055353143456
2.20458931515147,0.844102464777951,1.93912176488796,-0.611551295442529,1.52066921657077,0.663716170679195,0.502289265787286,-2.81940062727942
0.0847371693719929,0.767553198394782,1.14615737192796,-1.66596980919039,0.65411005375066,1.45806578872465,1.60650833702963,-1.83805698140019
0.64725872281563,0.690054138438267,-0.486543044432359,-0.72772526455811,-0.43827725254821,3.09215143017042,0.705328716673407,-0.637165391888992
-0.668717178781713,0.612300277501035,1.3676517901061,1.9980981311888,-1.2475285568574,1.23934182071741,-1.99479717013198,0.273614069703421
0.13057894835416,0.534843081180802,2.07069003274905,0.919159882764127,-0.0108797342408024,0.537688803159913,-0.900198847929305,-0.868967011353473
1.89526967875279,0.45811317659115,0.325956461038458,1.07377929283766,-0.0532469981441851,2.28380759995596,-1.04794836047455,-0.740291927927284
-0.291477388281489,0.382442413948042,1.56517450130868,-0.129401227952926,-2.76656181836803,1.0459747847712,0.154447121784037,2.05142789264215
0.581619222949206,0.308084167094143,0.459874735978892,-1.25393279843208,-0.827441979265111,2.15265977518644,1.27154474749934,0.182795947728525
0.76741129123439,0.235231027263583,0.0070977704725228,1.31930222302376,-0.98747696397779,2.60682196577826,-1.31490264088364,0.405489456116661
0.542248490464489,0.164029946633973,-0.394286976330265,0.510163235289,0.427357484223202,3.0095919376665,-0.524020732140793,-0.954350315463231
0.551753365838617,0.0945947259570567,1.23060716274672,-0.563322080463334,0.755767633737299,1.38608302367497,0.526764912628117,-1.23520831164769
-1.10947671059921,0.0270161337419321,1.39059538822156,-0.855538321511404,-0.250124246342235,1.22748002328558,0.792317457136374,-0.188948701198952
-0.79013693652894,-0.0386299735096748,1.43222545176166,0.998116506376493,-0.431522120588695,1.18723518483093,-1.09160022924476,0.0259111645593992
1.02727169620087,-0.102276197242592,-0.0783233067978346,-0.929641171077919,-0.760803356844753,2.69916916847588,0.802557380763762,0.382034283909633
0.804340468773063,-0.16385844242196,-0.601249520185916,1.61448225694366,-0.693714908845012,3.22348060694942,-1.77833329015327,0.335449092038734
-1.10125533318937,-0.223311749738615,1.17629344125647,-0.817271190095967,-0.367138940049821,1.44732287059249,0.613574571298498,0.023306188641176
-0.812390136979904,-0.280566837001024,1.23686717248368,0.00449625805743467,-0.405613065566221,1.38813436445073,-0.251099012608803,0.0703916548207874
-1.47942929397375,-0.33554711884623,0.497547586710484,-0.226878054769571,-0.923423716117345,2.12883917530938,-0.065735177386123,0.591215210364915
-0.46982168137326,-0.388166016744753,1.20132761488851,1.2267081965666,-0.613660838559516,1.42644437221681,-1.56853290138232,0.279061174784497
-0.165800137608579,-0.438324408796654,0.816503178738863,0.779302955917088,-0.914305019268874,1.81265403345191,-1.17368160235025,0.572073107962081
0.52938303568588,-0.485908102407242,1.73914918340794,-0.66404854047718,-0.932258961725434,0.891393253868283,0.213594669323494,0.577283872975554
0.875517076207136,-0.530785241506976,2.48036745324647,-0.835004691695454,-0.0946583289327173,0.151560209115206,0.324745253594815,-0.278074020961168
-2.49334074254354,-0.572803585312959,1.43008163530358,0.391423718642484,1.325878247535,1.20323125214355,-0.965451438949563,-1.72131810990323
-0.820081553878103,-0.611787619384444,1.46930864537445,-0.832414069373049,1.3086638093002,1.16538946715813,0.190406694370113,-1.73172959848775
-0.804187210691111,-0.647535483644197,2.62892508918874,-0.96398037396503,-0.155773964796099,0.00715824842929624,0.249524460565344,-0.29983462807737
-2.49702053809217,-0.679815728562608,1.25617939439698,-1.29633152469601,-0.538235656441753,1.38128916830651,0.50469999528733,0.0451409909480692
1.53406218051092,-0.708363942211933,2.56026550535393,1.35274900424739,0.150649427129474,0.0785882824350188,-2.2265328090843,-0.686224674610377
-0.952213290277616,-0.732879331489308,1.89150137477407,-0.149892386374662,0.673602522873014,0.748737638100329,-0.811250485926495,-1.25672508292704
0.629980088698084,-0.753021384611874,2.4394759583755,-0.627758068016054,-1.25752850771776,0.202148279584356,-0.426148531164804,0.621703470789605
-0.059047029697246,-0.768406820398968,-0.692933187961772,-2.86342650127214,0.564556778459131,3.33594265100708,1.71120118681996,-1.2583382976737
0.00530210849526162,-0.778607091899713,0.812271923813257,0.739744109114391,0.336173362454493,1.8321227643175,-1.99592765064824,-1.09326754024134
-1.03173873825362,-0.783146831169211,2.46021506227461,-0.643300854855155,-0.454584157574855,0.1855648509416,-0.722477463322355,-0.371275813428588
1.46939193489173,-0.781503729248691,0.796101272935441,-2.79347677609521,-1.34075051156351,1.85106386536622,1.31258306715549,0.440590117774755
-0.314630072480358,-0.773110484123333,1.84428533169909,-0.231940188489168,-2.4543436294764,0.804265031688033,-1.36933105073942,1.47429437406971
-0.950364281129403,-0.757359758068878,3.20552533404232,-1.40641503151014,-0.618890150692103,-0.555589745569749,-0.320060940019798,-0.446647955601212
0.893435283154525,-0.733612871736193,0.372490044113245,-0.139343284530277,-0.731787804541808,2.27883076944478,-1.71651577708097,-0.424791526934921
0.86798673495078,-0.701213536834234,1.42579968148992,-0.342138845112287,-0.471371429485761,1.22690635715356,-1.64637841346338,-0.78167519716629
2.26041676115145,-0.659507876604961,0.701952077518068,-1.15544012766841,-0.438479517844287,1.95213918621087,-0.967810825547547,-0.916233338537794
0.154639465691775,-0.607871949742389,2.04098128367638,-1.37094363141089,0.116525422407216,0.614495205138004,-0.887579812480997,-1.57775096205343
-0.814137894379387,-0.545747905435904,2.13761903351716,-3.86536555382862,-2.25439064539359,0.519242680382678,1.47294036434339,0.682310097641837
0.694985047528537,-0.472689540529452,1.087785436845,-1.98030472458716,-1.12130235110548,1.57046150214029,-0.542343435462865,-0.565292607180039
-0.357408842478052,-0.388417312047024,0.66340280885649,-0.774126693856379,-1.93233286848547,1.99622935521426,-1.87235018246524,0.128452288068506
0.868167250189679,-0.292881751909429,0.812945242248714,-2.11182280139037,-1.64082013628098,1.84807214690749,-0.648981168916214,-0.282000166525381
-0.239106772980977,-0.186332664436277,3.19112974947279,-2.28279374425068,-1.39681737257854,-0.528727135231132,-0.579385075328573,-0.64523272002076
1.42648824682998,-0.0693894945941352,0.387304917676395,-1.15236612822274,0.0638806085311929,2.27648292165071,-1.79453137564446,-2.22383072964852
0.495047516824257,0.0568940023658086,3.02002062834105,0.055214296296676,0.17137576593761,-0.354847563928493,-3.06635476092191,-2.44602472779724
0.6192066410818,0.19097984476417,0.82633067170755,-1.58276749044608,-1.79062687956703,1.84022761779046,-1.46839281600357,-0.593418041542138
-0.331199025443658,0.33082129777458,2.39933327681009,-0.566660221940411,-0.832083673912531,0.268610237773376,-2.49685567857883,-1.65376444186435
-1.44952972078052,0.473874667045483,0.337846290319587,-1.30034242463212,-0.812282731239647,2.33148244934933,-1.74499814111841,-1.76536298308451
0.467684545126754,0.617156653364275,1.28532657174084,0.21300785111882,-1.5772342424089,1.38538739301353,-3.20763042433493,-1.07975645382312
-0.702152733831851,0.757352351763944,1.51502924442263,-2.25705403643835,-0.705966597708972,1.1570699454172,-0.653413301831229,-2.01554501502292
1.04213251233285,0.890972376440785,1.29372752060144,-0.190813323869954,-2.41967678170499,1.37975689432385,-2.6024915595058,-0.349360641416058
-0.117164638430625,1.014549313437,2.42323429015637,-1.24484533699689,-1.03966703293547,0.251635349854363,-1.40016069188792,-1.75806103063105
-0.780388101513036,1.12485530682081,2.21576809262316,0.497305191865608,-0.410832686665412,0.460486772473031,-2.96618328042152,-2.39536601004587
-1.70733748388223,1.21911615962743,2.19437874299409,-2.15328314423098,-0.415088425923207,0.483261347187548,-0.11624255871902,-2.37853592160119
-0.00984620391167531,1.29519490817893,0.999942628023146,-1.36578352788631,-1.54460727737108,1.67908268724395,-0.686799138596795,-1.21520514922625
0.836257846454519,1.35172063819966,0.258840168147106,-0.196437148950867,-1.41992894076218,2.42157037220544,-1.62790482209059,-1.28530470212148
0.459345182504921,1.38814619897816,1.25669454124784,-1.45338867232418,-0.0012333594401297,1.42510122419016,-0.137939962662704,-2.62977328548194
-0.624682794464699,1.40472977777253,2.32812793574522,-0.153983642658787,-0.506774796765047,0.355053054778238,-1.20588513765476,-2.03206274143307
-0.268712601773746,1.40244732353319,1.17011638890175,-0.700033590306482,-0.475752780898405,1.51444982670717,-0.435673133605946,-1.95516828183711
-0.0852818087317732,1.38285271354839,1.54841185125419,-0.107427910015357,-1.48223161086143,1.13753958944018,-0.816282530588095,-0.827582968602203
0.461158196781699,1.34790827775138,1.77100683290165,-0.52757923156167,-1.75466666925065,0.916329832878165,-0.200108869717607,-0.42363168772935
0.57627985337479,1.29980912022391,0.75706957467386,0.118854727613094,-1.43389827509927,1.93165231619141,-0.669173903031326,-0.605337470556892
0.113174145693077,1.24082126930671,1.95136925620243,-0.525073113236392,-0.512403131635245,0.738737859748296,0.131885685513689,-1.38304184688906
0.704233963389566,1.17314767329846,2.21533772352962,-1.07797899294113,-1.66773843267624,0.476154617506559,0.821087304164458,-0.0818528145732296
0.972746980807755,1.09882925354021,-0.772565928186783,-0.599329629425722,-0.028460647868324,3.46544349430841,0.458123940285669,-1.57564326244417
-1.17279512039783,1.01968116035741,0.299893975004825,-0.193422180780987,0.336394063210184,2.39436881620226,0.148159780672241,-1.79751411479009
0.598752824879799,0.937261809894671,1.15914147044783,-0.496279544298822,0.502722843233218,1.53650654584471,0.528542072985372,-1.82517650475534
0.352641012026716,0.852867534011901,2.09787213918814,-0.32470609193722,0.116324123714499,0.599161102189848,0.417688754544604,-1.30591072603605
1.18386208953605,0.767545929406294,3.63293110446834,2.22562778066227,-0.290487004129855,-0.934512638004899,-2.08697010712929,-0.77319022138575
-0.933541912243428,0.682120965638382,-0.356419662127065,-0.678878596563664,-0.233789390224959,3.05622335367596,0.849957832906197,-0.711792592675704
1.10628589515368,0.597223997519532,0.845642059605493,0.0637210209360948,-0.787819707974078,1.85554685702886,0.128263569996364,-0.0480657243783563
-0.615486944627851,0.513326840122454,-0.0544703588867186,0.72504366802406,-0.517166283626495,2.75704450060652,-0.52204540581234,-0.217769610554743
0.115124569565814,0.430772960584462,2.66942309019508,0.395305183484617,0.909827986309708,0.03453627661018,-0.189711630187944,-1.5527099000548
0.773367813209305,0.349805801810091,2.44974011062541,0.435575394540391,-1.06410990988042,0.255604481265307,-0.234503454731272,0.504401176822299
-1.80912503515486,0.270593166936215,1.82183786585236,-1.1477684182884,-0.869657641604988,0.884891951123805,1.33832448665833,0.38438464080392
-0.593223528203248,0.193247365206455,0.188433478886893,-2.13524344623267,2.39519986197907,2.51968156317473,2.31023535154163,-2.81453393130388
0.329297988541347,0.117841378422367,0.303069876098084,1.37112498106355,0.151305339839285,2.40643039104899,-1.21596783952307,-0.512887182117779
1.37505913246492,0.0444215399684087,1.84533987186231,-0.768864716992335,0.907584602965624,0.865545620370215,0.900538114711507,-1.21924541861535
0.317349905871833,-0.0269827469457967,1.32744036046234,1.13008666036723,-0.793064685952307,1.38483035685564,-1.02506609710663,0.523874286937792
0.0408716109159659,-0.0963516684367971,2.05266460813166,0.0728606838053521,-0.0924881002520591,0.660991334271779,0.00269111435922943,-0.141293623392065
0.554483775767342,-0.163669498954039,0.133006799513255,0.588511473603099,0.505071946714602,2.58203436797563,-0.545003131535406,-0.710123167925753
1.49067610347321,-0.22892047635037,2.90770736747848,-0.66031152166779,-0.237490656526028,-0.191280974904137,0.669345005983291,0.0548592803412929
0.206393894616282,-0.292085658305556,1.63242954272833,0.00692274588465842,-0.77936131802609,1.08538207493146,-0.0347373612497754,0.613182311903647
0.148568393452888,-0.353140443055246,-0.33795838701681,-0.508899504276519,0.0777746242653694,3.05715522976206,0.441848081697241,-0.233156081247865
0.00272380712543072,-0.412052497897816,0.714260940526904,-1.4417311573,0.946277526177714,2.0063211273038,1.33297525182779,-1.09623856840473
-0.11529570688313,-0.46877989711006,1.60529914213843,0.553282849731381,0.929923496573686,1.11666815077772,-0.70634459194494,-1.07960154300696
2.41441523777299,-0.523269314766925,0.474470917493763,-1.57875004627476,0.772181524976956,2.24888160050785,1.3786003008687,-0.926514091730895
1.81452034015534,-0.575454152595368,0.866879792159562,0.393756815320077,0.57575946893343,1.8578579509275,-0.643998160204228,-0.739524892105823
0.258708543562427,-0.625252509543953,1.49486890456722,-0.145587565783609,-0.896518123371259,1.23125406360529,-0.15800536680735,0.718659791115078
0.212861728058389,-0.672564919141176,0.384945620467903,0.293963977220105,-0.923690364809913,2.34256257279006,-0.654454824051345,0.727156871727829
0.383053347240038,-0.717271795773761,0.0351507466171319,-1.99999822075692,-1.08811987657265,2.69374267172629,1.5787514751871,0.868367179210798
-0.183266796900792,-0.759230543169593,0.21274682667502,-0.959706041860366,-0.38836780549215,2.51753181675386,0.473512950292657,0.140851769451299
1.19784750128004,-0.798272289831863,2.8074884062008,-0.792456748412054,-0.0456957138450448,-0.0758245376864708,0.236778306874507,-0.234164521997717
-0.731086148490598,-0.834198229206752,2.57755238223783,-1.90204112691501,-0.791517131039896,0.15549671136195,1.27197893269987,0.474660509183686
0.138501141174804,-0.866775559223318,-0.279827050140253,-1.48572742654975,-2.15596987599476,3.01426136882549,0.77601901819835,1.79736121345066
-1.02683122651135,-0.895733039482822,0.105411403757937,-0.828639392329853,-0.461753073357022,2.63040814001275,0.0336611435002026,0.0565040599234238
1.48477049243771,-0.92075621803617,0.319861845240672,-1.43586965060047,0.382144417138277,2.41734292361547,0.549649092175327,-0.839080350105775
-0.545738984287184,-0.941482427367327,0.704023235541106,0.899754434976974,-0.158739251256465,2.03456675840049,-1.88351442079081,-0.355109647055605
-1.06315184922471,-0.957495715642339,2.21248303892406,-1.30085891586062,0.078564614320563,0.52749218010299,0.212976884642398,-0.654747814805165
0.6030003182475,-0.968321969872345,1.16808362740865,-1.64288602727505,0.142909047256079,1.57327681670385,0.444071719776087,-0.787052294132729
-0.261691490999807,-0.973424608319861,2.83802410488904,-0.679457922319817,0.279282287593265,-0.0952784356910861,-0.637245346506954,-0.997216534578147
0.618112919193458,-0.972201376084358,2.01115095335392,-0.593539077496139,0.406609817954353,0.732979940929495,-0.848046573226612,-1.20436172472223
-1.02225412687626,-0.963982975018077,1.68148486439715,-0.374930402877238,1.64760857681101,1.06403125497172,-1.19842351962983,-2.53137829060738
-0.354285646694771,-0.948034498603441,1.08272891533685,-1.35707291712572,2.13271436941699,1.66417242911747,-0.354642298319426,-3.10883773717664
0.292934037029579,-0.92356091977836,-0.88788068616197,0.691046521080144,-0.216058232236412,3.63616725570174,-2.54719003068898,-0.858833679141472
0.621844958952097,-0.889718180134616,1.31513912985534,-0.511109190485489,-1.32651067222483,1.43453266476988,-1.49471621466351,0.146435509109422
-0.18835555427036,-0.845631721256326,1.41747208851262,-0.729997425719148,-0.0815415696327135,1.33358493119806,-1.42960321914301,-1.21002559930454
-0.597950900897091,-0.790424528324792,1.32034773886819,-1.89189646695134,-3.06693492473317,1.43209450592794,-0.424003304210778,1.65780931935578
-1.36138710464966,-0.723256835217176,1.94065320994554,-1.2316388200317,1.21378950109886,0.813174259936046,-1.24104415232703,-2.7461269211852
-0.964843943409237,-0.643379454278443,1.64967800391857,-0.763272472484035,-2.23688715738294,1.10553469104847,-1.86411371498129,0.576305662371217
-0.632634151568252,-0.550202048657233,0.307246791573391,-1.03717379296981,-0.69476324804623,2.4493511284791,-1.73970930286948,-1.0982266056554
-1.85807967918935,-0.443376445687343,2.15745114044616,-1.41918530677455,0.189222806511424,0.600532004691786,-1.4982888305443,-2.11763264582187
-0.870612066631006,-0.322893102433311,1.59483090133948,-2.04995299746488,-0.798356626044997,1.16453746888392,-0.994962998351103,-1.26701417244582
-1.02958463452059,-0.189185849727964,0.910999964147587,-2.30742981950966,-2.12345702385338,1.84975363116127,-0.847076193870177,-0.0786029487893052
1.94932696769877,-0.0432364194979797,1.56008032129975,-2.51891652913903,-1.6416864835675,1.20205849909456,-0.722318619447539,-0.694626900503211
-0.554271227785359,0.113333850527366,0.955233619157636,-3.28046950744625,-0.77480744732196,1.80829042632212,-0.019549470470289,-1.69082078596129
-0.622597337088251,0.278201474670059,1.02490024467749,-1.88306695585371,-1.14356441217599,1.74000902588773,-1.44294100549981,-1.44363889265368
-1.86772840624861,0.448325984920027,2.5892553929752,-2.8980985980164,-1.36876992141989,0.177039102675471,-0.416866889326974,-1.32924281877785
0.751324541197894,0.62000057213144,1.76432041252463,-2.10957138840843,-1.42943975102623,1.00335930821149,-1.15411460371925,-1.36547617635869
-1.09700360613798,0.788980924067851,0.966117663192298,-2.46587127980755,-4.17563806195073,1.80294728262928,-0.704537066743716,1.30083598596378
-1.78925463527968,0.950695088877558,-0.270384853477662,-0.613716380152059,-1.23001191242315,3.04083502438469,-2.42144967625382,-1.70475065424578
1.82948450319868,1.10052325456863,1.02449259279936,-1.9239985888048,-0.695515407052995,1.74734280319312,-0.936012301606054,-2.27676276172542
-0.574408136888809,1.23412087334699,1.72784367956081,-2.91238178391642,-1.02529532972045,1.04537694151713,0.263326957019144,-1.96010762557313
2.72436435638679,1.34774553290282,-0.24509488431295,-1.35468554569939,-1.09758118587771,3.01970073047634,-1.0536127299479,-1.87534249869989
1.32304660709759,1.43854168077673,0.320049052779933,-1.86681389141331,0.653079318319442,2.45594201846891,-0.278433467649644,-3.58755314154877
-0.724487065494428,1.50474073839108,1.84047137308881,-0.755056843586252,-0.101659148903401,0.936904923245487,-1.11330505742142,-2.76892665355948
1.31524967385074,1.54574751538036,0.407929462409269,-2.17438740723557,-0.477174292945611,2.37083205901048,0.587979094926711,-2.30549873083022
-0.86741061683738,1.56210410129786,1.33025423464085,-1.11077745260138,0.020290576652966,1.44989251186435,-0.197031011315875,-2.69323358167601
-0.218924282946182,1.55534416819862,1.03010508015609,-0.979624119656472,-2.94313633270197,1.75142689143456,-0.0604481584352138,0.398883623078063
-1.5223571809032,1.52776809905082,2.60229692543603,-2.33237550394864,-1.8277563261943,0.180620271240084,1.54299551695445,-0.572168091349856
-0.340335022853505,1.48217853955239,1.93312429528912,-0.397345436483939,-1.19816233264701,0.851178126472447,-0.163001683728619,-1.04538175464755
0.390283033106055,1.42161542976055,1.40003558257624,-0.435285043343918,-1.54142752823254,1.38565206427077,0.0793135907319397,-0.537335977878827
-0.24520887911571,1.34912416668027,1.7489157628908,-0.894607757766123,-1.04208459134869,1.03815710904167,0.716876859953269,-0.867040588754276
-0.558250369174713,1.26757233398061,1.38317779602004,-2.26326784717427,-1.17062727640495,1.40528030099789,2.23747663981685,-0.567291901919726
1.25268216506611,1.17952700912887,1.34559041210781,-0.599439577365735,-1.5056235043151,1.44425290999557,0.700166683870842,-0.0624571295208729
0.857878083829563,1.08718769014604,0.397211516371719,0.384755737348365,0.494697889001498,2.39401703081711,-0.181289884407627,-1.89682461080808
-0.414009400683588,0.9923660188122,0.0737795484273294,-0.342995823669084,-1.68822273019164,2.71883422384696,0.627558231743386,0.446093369016801
1.27161428022865,0.89650011424702,3.3293956833652,0.360554956391,-0.758751796640975,-0.535396686005458,-0.014135388947689,-0.330965540853864
-0.930007152267663,0.800690846617684,1.79247946493016,0.264458067455284,0.979041159586387,1.00290475751503,0.127062164424827,-1.92514133982051
-1.8836255201033,0.705750843015522,3.13406704287911,-0.696237582043879,0.0736934079097185,-0.337297595348468,1.11852911248168,-0.885801440478631
1.38475656942309,0.612255526873243,0.750136504146946,2.23523800389199,0.277283633264639,2.04801816846915,-1.79422896262115,-0.965522215039545
-0.486763085101773,0.520593126555833,0.906845774047936,1.21460312802948,-0.793838786227116,1.89269412365362,-0.764864757651497,0.2191300369135
0.601296561962599,0.431009222216562,2.35475045989961,0.68200561827262,0.195691249584989,0.446174662887395,-0.231700710027758,-0.667197099052395
-0.62150141339786,0.34364439466366,0.447380761233028,0.721497857475388,-0.12259030652634,2.35492958663943,-0.27721362679757,-0.255845598902428
-0.644310839783424,0.25856477424473,2.66459348902611,1.57466248932511,-0.346905123610359,0.139102083931804,-1.14165532575597,0.0517375206352974
-0.627202546103958,0.175785873953213,2.04106176933086,1.07991468574764,0.259841423422134,0.764019028712511,-0.662340882382581,-0.48111227013087
0.911944215890266,0.0952906542073009,1.31001362757566,1.04252268964808,-1.07854291879938,1.49645239555316,-0.643649139164315,0.922292888411331
-0.264032345864517,0.0170427078480968,1.19140021132798,1.483687880714,-1.21248949434896,1.61645103688629,-1.10608053073712,1.11291784183874
0.942880476130397,-0.0590043913631803,1.35398462778611,0.656920069100942,-0.981491464183996,1.45525184551361,-0.302609572481015,0.930804563165516
-1.72287219380296,-0.132900661281654,3.01256174887373,0.842808990336569,0.346709706997108,-0.201940050488546,-0.513434255120855,-0.355759425464078
-1.1291370585239,-0.204695439963839,1.86094123729579,0.522672259257559,0.670711694651848,0.951065686174843,-0.219603466078739,-0.644842498276205
0.906561684443632,-0.274434647839397,-0.273485241719094,0.53878787546376,-0.0299121864194779,3.08687739027518,-0.263230991296074,0.0844839658443056
1.64752510986165,-0.342159089741954,0.862280818418302,-1.147901995233,-1.70303400061882,1.95249655522324,1.39481697850864,1.78055889033321
-1.50551670373686,-0.4079034220703,0.639339260953129,-1.94445436314846,0.0322204086834743,2.17682333777386,2.16159920672092,0.0629345455659498
2.19975607408793,-0.471695507395033,2.15642084623357,0.00573577089717082,0.791812578251908,0.661126977578878,0.180450063201855,-0.683968074897679
-0.394753368924342,-0.533555955166426,1.67773933188051,0.519198678219851,0.146397486539371,1.14119371701739,-0.365273937887614,-0.0304672865256529
-0.789861521024623,-0.593497704449194,2.96862878371512,0.0720672893696553,0.136277022017465,-0.14831050973177,0.048136423664325,-0.0165750183643534
-0.406189156907327,-0.651525546226349,1.24616341721203,-0.77903204168508,-0.0229393585961772,1.57554008185677,0.863858606710814,0.142342535325747
-2.26559156490284,-0.707635511454636,2.51474042041568,-0.455058118896569,0.353760934610529,0.308348303738581,0.502621742230265,-0.23853004796923
0.0843488486164264,-0.761814069581179,0.894865470469618,0.0279931107178427,2.9732018480944,1.9296084787701,-0.019837767913719,-2.8658646465651
-0.0475006319900112,-0.814037092883995,0.50431299254226,0.425659897379966,0.453936322178922,2.32154618178291,-0.459345016316966,-0.358106000442936
-0.234728722235044,-0.864268546928868,0.634932995046231,1.39324680989617,0.758726727163933,2.19231140436439,-1.47151697963612,-0.677950804566995
0.325234056343387,-0.912458868054922,0.385570794496481,2.03153550299291,1.47600743890629,2.4430588299996,-2.15747220664703,-1.41380892063539
-2.03140471667761,-0.958542986487209,0.500920335343253,-1.18097726493953,1.25620517449939,2.32909451423828,1.00393178160002,-1.21612238961672
-0.637138091169066,-1.00243794944454,1.21660489966645,-1.30888588915794,0.393158868333547,1.61479517500053,1.07690510124461,-0.378784060642415
-0.0545700440467677,-1.04404009337069,1.9775013661325,-1.57107340329132,-1.07576620085056,0.855283933619935,1.27992328577079,1.06074944330681
-0.0281030370559345,-1.08322170915196,0.0083649548475071,0.530937537936686,0.186559470570438,2.82580556999038,-0.885921261685024,-0.234779065267719
-0.616142275713938,-1.11982713986525,4.1467472557046,-0.20909651154969,0.486583284640337,-1.31119150578126,-0.214837189712078,-0.571979953549815
1.90722160273954,-1.15366824879175,3.04305949024696,-1.09465667886118,-1.89892973808712,-0.206118515238159,0.596184347813127,1.77218460371933
-1.43141127610091,-1.18451919830403,0.904213876084739,0.995935213850351,0.0382877086663267,1.93411232400951,-1.57502451715233,-0.210782818422924
-0.0558464693024277,-1.21211048825146,1.08121261358984,0.736621930859659,-1.9305130847078,1.75849881158987,-1.4029092946326,1.70760489412044
0.59813917361279,-1.23612222160188,0.90575867359616,-0.922263725168315,0.247125713605187,1.935337976669,0.161687900807979,-0.52540123755199
-0.450010371696214,-1.25617660241803,2.67580489060203,-0.234032693521904,-1.75822836961864,0.166676984748578,-0.628428574234538,1.41931314713904
-0.501167005145346,-1.27182972453046,3.39844348250547,-2.07467807296984,-0.400574270606454,-0.55457638206941,1.10224345460673,-0.00459456503642905
1.65996709044782,-1.2825627937825,1.29850183273158,0.763955765510907,0.103618780733543,1.54675049278994,-1.85490937320662,-0.581015311571799
-0.833164067866515,-1.28777306918424,0.894914009812204,-3.47852673729256,0.45823972932004,1.95172354079477,2.26010733529526,-1.01421025306627
-0.415149634228616,-1.28676496009785,0.2338637981174,-1.44813853418457,-2.05767765154372,2.61415897757502,0.0929923482330025,1.41641138005164
1.17141235295746,-1.27874199772715,1.64640304297855,-1.45905114747781,-0.454078630243465,1.20300495779933,-0.042270980167103,-0.279572137656915
-1.04737179623641,-1.26280072366358,1.46204249648468,-0.0888081241612402,0.78888534833618,1.38875072937865,-1.568152123922,-1.62235257541456
0.122846108457485,-1.2379279739834,1.33779870208979,-1.59820471095578,1.26277235169352,1.51437974885899,-0.223633021616534,-2.20378766967078
1.43411970673588,-1.20300358457339,0.219358682624086,-1.48421183794611,-2.23751374512498,2.63420499341015,-0.511210769773586,1.18098766339847
-0.599875480924457,-1.15681117502285,-0.362623997905642,-1.62622977218779,-2.78502886748654,3.21757289902533,-0.550557646354685,1.60489822270648
0.882144489693936,-1.09806037693911,2.37109091996566,-1.54938076521816,-0.739582056398297,0.485243206239484,-0.815130091988449,-0.572239905991116
-0.901134872844209,-1.0254244839562,2.97081255081363,-1.80052756311944,-1.57131507168043,-0.113093199523028,-0.756042711254039,0.119905981353579
-2.0924400402938,-0.937598000816654,0.430764957611097,-0.736194477547618,-0.963523203011457,2.42833961876496,-2.0140367533131,-0.634940832153814
-2.00214310973092,-0.833378544361227,3.28042357542497,-1.17497500758025,0.239642749398808,-0.41993377396346,-1.76696924172814,-1.99190482470859
-0.139190280438059,-0.711776768441934,1.71746084640018,-1.24895758297172,-0.698346812349428,1.14441418014678,-1.87830663221303,-1.21337091560466
0.979549068701274,-0.572155674542813,1.31165672262912,-1.71207717937107,-2.24228852741114,1.55160352900329,-1.5887365551262,0.16696818632304
-0.491675781733418,-0.414396880690238,0.608555634587282,-3.11501016104662,-2.97319110282377,2.25608984213059,-0.341307132961707,0.732115622836846
-0.148307677776717,-0.23908527440485,2.13511379246661,-2.21764127348634,-1.84627486293879,0.730916909336707,-1.36909532259219,-0.560185949612054
2.37507128796475,-0.0476953243687601,1.10270909642127,-2.66887291670943,-1.32405708900318,1.7647068304675,-1.01566346828725,-1.2443505281544
0.269043938275299,0.157247050322215,1.20696296796592,-2.0522885521359,-2.21941625164021,1.66183818400831,-1.68981292043249,-0.503904500567214
-1.56377041687533,0.372061756565344,3.02464021195501,-2.86630284852466,-1.64629892359168,-0.154453834895325,-0.886003975123767,-1.22085107005189
0.672652586653054,0.591910306583338,0.81810578155951,-1.74808440370828,-2.12466293275048,2.05346582058563,-1.96112825349467,-0.87086015099544
-0.503796389001874,0.81092625852626,1.75204692660719,-3.0682601621838,-0.312883433146649,1.1209099006234,-0.540558245720083,-2.7910613686655
1.63923835003567,1.02250211152101,1.40930942672345,-2.64067977162993,-1.15533290000256,1.46503262559259,-0.809091254094363,-2.03272380335571
-1.31396926035068,1.21972816121599,2.62261579740172,-2.99326413282799,-2.12331863889915,0.253111479999774,-0.240633001511955,-1.12062121510683
-0.898686572211026,1.39594432463689,1.58435986321564,-1.83798581510272,-0.945015489859116,1.29275263927131,-1.12844334422551,-2.32341478679518
-0.246078402397131,1.54533194540763,1.91897095682969,-0.0616519248382512,-2.48580300075092,0.959526770742716,-2.59418025139875,-0.77360441175646
-0.03007404463721,1.66345077661743,1.04587043962155,-0.790372674264818,-1.85983881921403,1.83401251303631,-1.5228364886103,-1.35617445416281
0.763245841786003,1.74762680217774,2.28204576794103,-0.835924285512308,-2.86092378344525,0.599222409802283,-1.11542713270186,-0.277842636368796
0.0461992798474526,1.79712258314246,2.97838631785195,0.90674272281215,-1.01106473662864,-0.095732915023188,-2.49032410442095,-2.01848537642875
0.981953123172637,1.81306665318866,3.09370554186843,-0.230209130478129,-1.75398703671479,-0.209666913954219,-0.992367824931748,-1.13748714284517
0.965050506375072,1.79817100330792,1.94075863235992,-1.81725736779712,-0.906173100088384,0.944665220639744,0.937875357510356,-1.82246019544583
1.32746187867991,1.75630276355166,-0.246307069398898,0.3450715619741,-1.08864063019366,3.13311614748402,-0.907768910303392,-1.45715540067499
0.733320413159537,1.69199506409881,0.999837313801843,0.164386743798639,-2.15314648730718,1.88835698936873,-0.442945322833985,-0.194921025006522
2.17485112796447,1.60998082900745,-0.408039863580427,-0.4289248398188,1.07031069248398,3.29761939183646,0.398576819756438,-3.21087997467636
-0.813954334606537,1.51480843520304,2.64754838690444,-0.672059419418092,-0.661035903615103,0.243416366437046,0.852982963906808,-1.26713010277278
1.30094571637667,1.41056915725315,2.27711773517165,0.825212015645282,-0.866826766556876,0.61523224325529,-0.469041610071212,-0.848431687201051
-0.0665831263741693,1.30074132963368,2.14380286557396,-1.09745193937037,-0.304412138866934,0.749932337938436,1.59517337441672,-1.20123632798869
0.687189466768309,1.18813483602601,3.54639614076513,1.97709009944772,-0.5225265742045,-0.651275712167282,-1.36826679778769,-0.779945033884588
0.0865805198004724,1.07491046796996,2.0509170362327,0.495033847831096,-0.304775565493138,0.845588617450593,0.198175740871216,-0.803410349406784
0.671510031224735,0.962648173827442,-0.0298440318470035,-1.46266956569886,-2.14404242839124,2.92773491061575,2.21743038062581,1.21943857151682
-0.213786532348647,0.852438966523718,-1.04447115054853,1.45686473982637,-0.947018059492791,3.94374725440273,-0.659607551333407,0.194065920814148
-1.42261266678087,0.744983424241154,1.02940002954441,0.0255969213552523,0.428352405187012,1.87126129939525,0.798619233259922,-1.02230019213661
-0.722719248498839,0.640684865916396,1.37669016088288,1.68268243795576,0.627577106069248,1.52535639314223,-0.843883854911525,-1.07545770045697
-0.251331949869112,0.53973046255057,2.88340190008861,-0.287498779059438,-0.861167560658834,0.0200298790219537,1.13126702540999,0.546472841515419
-1.08532820741275,0.442157898018183,0.7397983133945,0.854163958739288,1.79035546645622,2.16501869080152,-0.0126786785098842,-1.9844201325625
1.63822346377913,0.347907430443223,1.51154966935505,-0.401063107066726,-0.736169891843075,1.39465255992642,1.2349887561192,0.650706260674741
-1.35699572077099,0.256860733724996,3.19882803077979,1.32934837967492,0.222459580829632,-0.291240576412863,-0.50663469398036,-0.210681727711036
-1.22128706466816,0.168868658825168,2.14990268974738,-2.1027555997888,1.31187353866037,0.759069989705,2.91191706135368,-1.2134509119748
0.244466844385062,0.0837701407238089,0.684604378099165,0.0572193505752261,1.00350674518,2.22575352643867,0.737090979179877,-0.828219979384876
-0.937235386857908,0.00140447939299718,1.82670958004332,0.0443664010019862,0.656561702081777,1.08503354957996,0.734604859573085,-0.413354050033602
-0.767659557548262,-0.0783813738022889,1.57382278297672,0.686779976457348,-0.388606089388871,1.33930557173202,0.076982709736268,0.691625351444865
-1.29041888357469,-0.155728939644024,1.35325144522653,-0.377901390858772,1.49559859525108,1.56126213456766,1.12704592921668,-1.1400648811705
1.38607014529099,-0.230766653621476,1.0521521126755,-1.49404879784544,0.588030979722851,1.86374669220415,2.22949708341122,-0.18650298432281
0.55771269384006,-0.303609770980391,0.739957083543345,0.00288563622425853,-0.0593399636531905,2.17732694642176,0.720017291802154,0.501074916591288
-1.22664543207713,-0.374361134656132,1.30028427866721,0.0714672301137038,-1.339819093691,1.61838497638334,0.640189934587966,1.81665682654967
-1.23692829153561,-0.443112387885978,0.891207605655588,-0.671134450484624,-1.1414672796,2.02884687448042,1.37293250747975,1.64893420837437
0.659760983478006,-0.509945357772023,2.00169077747309,-0.920788855908294,-0.063339880242794,0.919748927748369,1.6141554147644,0.597539715632816
-0.419983716553624,-0.57493343829059,2.13777063297807,-1.91171501143809,1.42754860342345,0.785054297328847,2.59808531151408,-0.869987315671802
-0.419584384117047,-0.6381428741232,0.220935491573501,-0.806553888341419,-0.445379493337306,2.70327466381887,1.48734788646347,1.02340515425433
2.18549100458148,-0.699633895783936,0.386827285214845,1.26693150795888,0.875380508196963,2.53876809526298,-0.590323657898184,-0.279360823050845
-0.112383380152831,-0.759461688060723,-0.835715360190467,1.26906067588429,2.39396629102605,3.76269596575374,-0.595286448873405,-1.78204049278158
-1.10194860132053,-0.817677192908985,2.09943917039076,-0.751393473904421,-0.540881508136474,0.828926660257972,1.42364642691651,1.16696732956312
0.477265162169503,-0.874327760174189,2.51581087676082,1.48287399232931,-0.514206092383995,0.413940178973358,-0.810868559327776,1.15301087979811
-0.737401594188236,-0.929457663789455,1.61035279286412,-0.451099036950918,0.710217935715582,1.32078348795552,1.12409691214267,-0.0598631505686847
-0.39726556199657,-0.983108496339618,1.25757378850402,0.0129740895706538,0.117887150453834,1.67494771740107,0.662229633887632,0.543091609236943
-1.03794838973481,-1.03531946553048,0.853813096872237,-0.703046212088729,1.13868589702243,2.0800936341183,1.38165175147998,-0.467791728553055
-0.748533875819457,-1.08612760678726,0.284569343544058,0.107588826084162,0.266589563915479,2.65072261253194,0.575607631238683,0.413706902043219
-0.685054046357458,-1.135567923431,0.469844720643214,0.348271759981437,0.825094196006014,2.46683246051824,0.340709553952728,-0.135731796538037
0.751214031884772,-1.18367346474614,1.87603669877356,1.99259187508436,0.638253957456975,1.06202570747334,-1.29661431390559,0.0599991403255171
-0.243666375951494,-1.23047534901898,4.43227172170877,1.77119328163699,0.521804477773515,-1.49282409037641,-1.06697723819061,0.185312478369443
0.192602477739206,-1.27600273583337,2.05498908147914,-0.0991044466951029,1.34560416591186,0.885843774938672,0.81284615401353,-0.62951183967721
0.270473590746205,-1.32028274929732,-0.460778543489415,0.471033713979168,1.18110150617239,3.40299662499268,0.253580587188102,-0.45579148099756
0.785060642205505,-1.36334035138315,2.36802592070797,1.19129470612024,-0.828219362913786,0.575577385880746,-0.454385594596046,1.56311504552911
0.0243147830407169,-1.40519816208946,0.918350180904776,1.49995522373619,0.623161709891805,2.02663835076939,-0.749237448140646,0.121810237552826
-0.410303485217044,-1.44587622061808,3.16252491584802,0.465391805247019,0.366995781122724,-0.216151159088397,0.300757397646709,0.388664796343912
0.112505489548962,-1.48539167909401,3.30837612430772,-0.611580825690728,-1.65120197852361,-0.360617142462646,1.39491145948276,2.41828641502778
1.79514495648254,-1.52375841743062,2.24775021333433,0.00397937860890402,-0.31335192109989,0.701393993596203,0.798429480078759,1.09272134486228
0.204771622732458,-1.56098656463148,1.87443807835598,1.23626165370721,-1.90462884946774,1.07609135366,-0.412710035738177,2.69727520975692
0.750220407553506,-1.59708190798853,1.24673644497616,-0.825085819686884,0.0467329155739807,1.70517821212528,1.67203501957313,0.760319941430504
0.275653560215531,-1.6320451671272,-0.323376699756655,0.760604557800359,0.803678152295209,3.27667658194355,0.112211692562442,0.0190570358143056
-0.787770842407435,-1.66587110449012,0.0556099738576301,-0.139304386578876,0.128159379673326,2.89907513341472,1.04069819193921,0.711690813076453
0.280468974149284,-1.69854743744868,1.85574141346923,3.10387120951801,0.369783951155286,1.10032891888856,-2.17091965737525,0.488783275390026
-1.30971393565974,-1.73005350956555,0.71997642296843,-0.234840502474445,0.133176915872699,2.23747913447482,1.20263082255173,0.745893267058109
0.578584379618133,-1.76035866936294,0.70520369295493,-1.24175176282392,0.790583544668076,2.25363708957378,2.24799655651593,0.110976057342607
0.743424735262808,-1.78942029402086,0.984890600385034,0.506548986308737,1.61815592314065,1.97533540722912,0.542137443273238,-0.691901041548046
-0.636230909338455,-1.81718138247606,1.33796084928474,-1.05012017704063,0.216641419851796,1.62365038341487,2.14564672015144,0.73675518103124
1.06620473585906,-1.84356762716585,0.459384947849792,0.0912445969645772,-0.0268155127619137,2.50361150993528,1.05597491199629,1.01006447430251
-0.321168093492678,-1.86848385597465,1.25638221637538,1.70451037792321,-1.12550947264798,1.70799946649514,-0.5002443887575,2.14161181540026
0.842222404881978,-1.89180971572504,1.67290954735629,0.718592984672976,1.99843786086734,1.29285736059968,0.54862307563823,-0.94616190500512
-0.138127915598335,-1.91339444597511,2.01154581838886,1.71008951122052,2.23257484046669,0.95560631465257,-0.373417457024927,-1.14045427176891
-0.373574472640513,-1.93305056749746,-0.206229200459129,0.757851864773806,-0.319031370107891,3.17476655858601,0.655438983528954,1.45505261868614
0.166310995931804,-1.95054628483429,1.94129676228606,1.23280338216392,-2.13891953762519,1.02862582092628,0.264981855276993,3.32331958168466
0.48431442093355,-1.96559637899503,1.81003331008244,1.3179874041745,0.253571421721481,1.16127449821535,0.272936473438586,0.98414706444096
-0.0897571598009629,-1.97785134853328,0.415445171031487,0.656100164342249,0.210847507567521,2.55724786235175,1.03742894313888,1.08563222924637
0.73124488723154,-1.98688455116876,2.48231545814605,-0.0902208437486126,1.14715748228104,0.491762800322643,1.89669255335456,0.214072658997622
0.688654849227509,-1.99217711352434,2.77265847920011,0.529374263850275,3.45220661615419,0.202805004354036,1.40128709523852,-2.01964676893404
-0.168547298764389,-1.993100443656,2.35333592685438,-0.98638733446285,1.43625932401418,0.623512781785217,3.05341849171434,0.0748427182942806
1.47678533292082,-1.98889623845701,2.07171099165322,1.12490905440816,0.256648808059123,0.906522942071837,1.09160495480454,1.34088136824988
0.658650638393819,-1.97865408460285,1.52685448076901,2.66569462358203,-0.385831233496328,1.4527646780415,-0.28568670956987,2.07838350425483
0.225391425349932,-1.96128730759624,0.0185863811489808,1.98060312925325,2.01527261659417,2.96241800274698,0.577724239105132,-0.218371212568157
-0.19018196548856,-1.9355078791591,1.46662157677114,1.15023246594447,2.65190990848143,1.51576803221028,1.60190364087509,-0.740589019025545
-0.308838556026472,-1.89980220892291,0.907089044333279,1.10278898395722,1.92455559040888,2.07668578973359,1.85906732556515,0.111986773189237
-0.302555478043377,-1.85241081213566,0.772906091119359,0.158656585906553,2.11183964968091,2.21225396803296,3.0288924349535,0.0614150357709173
-0.527698734867384,-1.79131642834965,-0.429171095548728,2.78388638437911,0.6035593558493,3.4157163797865,0.644873863536264,1.71850178166908
-0.780754226041706,-1.71424725615164,2.70082377096018,3.34751799833787,2.16849880577167,0.287106738363055,0.33681017433371,0.314923259403721
0.609450347859796,-1.61870461769853,4.16532313490876,2.05338249744082,0.378615103540327,-1.17600740050007,1.89876705320924,2.27896492620487
-0.510871236625946,-1.50202730595657,1.58454005799716,2.84997041144677,-0.0745765008227772,1.40616090149697,1.37893817703063,2.91904137678867
0.660571730337571,-1.36150764005962,-0.399299364573704,3.3441935269823,1.7473674936104,3.3913855491533,1.16558711051571,1.29620966767223
0.375564237434015,-1.19457588386086,0.187110195861333,3.06081678097275,2.52085405299415,2.80636121380371,1.7273202324455,0.732996536430408
0.0297102322273191,-0.999068528985842,1.28268156235655,1.58421756734127,2.99015175570666,1.71217507239395,3.47107918273846,0.483346113346171
1.47813787420918,-0.773589637888602,1.62768585668063,2.25722529962327,3.27486393879405,1.36855600315532,3.04316984218014,0.424986263663167
2.31692862490183,-0.517960166176772,1.82376482601527,2.30085330740685,2.07874090507541,1.17386225890614,3.20961027052905,1.85046760909251
0.0477436906014027,-0.233725594987902,0.612579926578275,2.56805077547309,1.63253548366105,2.38643238342858,3.10278116699769,2.52419851488278
0.739505244977978,0.0753426915373063,1.14701595551549,2.67581248224849,2.72493228587339,1.85338157957683,3.09014750609253,1.65148261621536
1.0990674060162,0.402857009350778,1.7016279903942,0.426666989855635,2.26188118684738,1.30015476978357,5.35409350811408,2.31927123778801
0.631216440160268,0.73967155280412,1.57847836053368,2.88821431690717,3.21748606843808,1.42468962472954,2.81416655159869,1.54552048413894
-0.723298584274303,1.07413235832334,0.894352759877355,0.286893672866049,4.76892446651222,2.11020045047132,5.23536870560801,0.144703047486548
0.6595708765983,1.39281920858756,3.3814322527154,4.15516011465727,-0.0625032790280793,-0.375493817281277,1.08297043434079,5.08737109057316
-0.905733172096103,1.68177752251681,2.15306645052137,2.21083870114983,3.07355485719512,0.85425720999821,2.6445922892985,2.01596975743691
-1.21248571200551,1.92808636350701,1.87772738997231,2.13702875728471,-0.206946056768621,1.13098149563272,2.25071084029718,5.30905654882
-0.0204003538288706,2.12147578143072,1.56848054873906,4.05666803537326,1.96202665307278,1.44161356195143,-0.200812348452423,3.0975016612751
-0.242050195974662,2.25562970647479,2.12238545059862,0.310458043438059,2.00366820536332,0.889093885177323,2.97513336913496,2.95784075659958
0.967910333155137,2.32886293213566,1.49428327646452,2.51861266271117,1.24112923617868,1.51858128439687,0.186053916566393,3.56958715789628
-0.928154901382553,2.34401850756757,0.665627016845614,0.70123781852466,2.75127606216796,2.34862276910123,1.43816334823005,1.86121515284027
0.328403108150475,2.30766044176858,2.19661813876296,0.418015556943508,1.65346490387005,0.819016872269336,1.19389967383286,2.72082038107012
-0.951405163205512,2.22881024698514,0.731061335892663,0.525452919724881,1.28764234865886,2.28595890022509,0.612891963402381,2.81725943433376
0.0703502266887772,2.11755383746452,-0.406568067956616,0.829518566283877,2.88634903473201,3.42497352915982,-0.101264133844122,0.92733194436709
-1.31440661909767,1.98381030838128,1.87637542653683,-1.40726057488608,0.959424224552157,1.14341525975183,1.7923525143052,2.55033574696527
-1.13056415383867,1.83644112234915,2.34836229271003,0.226484713743844,0.467667042086937,0.672813618664086,-0.119156821774854,2.73382660575942
-1.26660321769119,1.68274522889348,1.34088207054473,0.692114637428528,1.51007853851201,1.68167906591484,-0.802213636362596,1.38599232680816
-0.0627221977102377,1.52830204576279,0.817866709417889,-1.78578747513149,1.25541612581272,2.20607965212713,1.51141770534768,1.34390882334214
0.047327606328783,1.37706145647691,1.85545807784908,-1.68984795729224,1.03651564171833,1.16987350878139,1.29624746858814,1.27918653598764
1.49543178302725,1.23157840041498,2.10816665700489,-0.753947853807177,0.960447225037371,0.918550154711034,0.277983906946951,1.08789683608526
1.64242406382237,1.09330445640197,3.60125867033764,0.0930372134833189,1.34552661918211,-0.573156633536258,-0.622158246604124,0.453712653210074
-0.491989609382992,0.962877480989931,1.08967900353778,-0.943239016204557,0.0371610856677234,1.93980825834906,0.383335982856859,1.53224636286082
0.0563191294304964,0.840376087502967,1.24654421296076,-1.08778810863187,0.514522508492522,1.78432827401153,0.513607438597877,0.844566681388323
0.72022128312959,0.725524170244985,0.446949999380539,-0.552547535029181,0.702587715091272,2.5853077126772,-0.0243121654127071,0.465336812712645
-0.751362013600511,0.617845131544857,2.759307006724,-1.25109358274004,-0.426184545769786,0.27433593041919,0.679145575840088,1.42129498437142
2.48753237044494,0.51677138367602,2.1441765290515,-2.10455428175446,-0.649844078156962,0.89085163317715,1.54189502802274,1.48937803284462
-1.0180090290038,0.421718314593293,1.53700480565444,-0.441411776170863,0.336179088120661,1.49940858165966,-0.110117162757135,0.363702095892918
0.194673356843228,0.332128987894549,0.352699030312652,-1.32148409931093,1.48568542679258,2.6850995820869,0.780955313806024,-0.910963056413012
0.275195798696434,0.247500465335743,0.744544178850827,-0.0153062161117507,-0.632960061735177,2.29463965863418,-0.515864632674382,1.09553804546824
1.1779242461136,0.167395986305665,0.817496588524036,-0.670313965100959,-0.762439671510631,2.22307247404643,0.14571499916061,1.12440735856035
0.0946877106441184,0.0914485274478288,0.883282184262857,-0.337995299154728,-1.28153875381372,2.15867210339306,-0.183671267824168,1.55298440230438
0.00335729851829454,0.0193590936066914,0.382426915879518,0.91690345202894,-1.54166385373272,2.66091259686185,-1.43990502046495,1.73128868058682
-0.374917342658054,-0.0491079139163804,2.89950373160446,0.155256177516048,0.910091860938017,0.145221006222361,-0.684315575879221,-0.794899510130223
0.00858500224086254,-0.114130292210539,1.84631503488822,0.00273014934915039,-1.4103767454334,1.19979492802406,-0.542896519748088,1.45729550233968
1.66390127037198,-0.175833721621231,0.732447274476991,0.252273258420732,-1.48313729472937,2.31504791352074,-0.808827859600753,1.46679944582019
0.471640682379786,-0.234297211832642,1.50926592248586,1.00368380211768,0.46167430528544,1.53961449059732,-1.58207295484141,-0.537306155585282
0.985323573008753,-0.289557576266738,0.478991299335807,0.320705275006553,-1.05621911104814,2.57127433883283,-0.926494642239824,0.924286741115015
-1.19265528432417,-0.341612937948112,2.59732962404656,-0.330788265519008,-2.12502827323239,0.454321239207529,-0.308056771900589,1.93890089844593
-2.10716926309425,-0.390425256390691,3.50351029601117,-0.635709876886665,0.497032611625346,-0.450474207671621,-0.0419182321681638,-0.736061552522704
-0.34023745874102,-0.435921914459264,2.43238337125241,0.0153436323548511,1.601399101626,0.622037942172589,-0.737544288828657,-1.8927780943686
-1.71901065391307,-0.477996451061165,0.432565628738201,-1.02227389126848,-0.301342390619072,2.62324090977225,0.24965439723797,-0.0425127989396765
-1.3680948420073,-0.516508542229293,2.99866447217441,-0.336020904656857,-0.827807405090823,0.0585272914214956,-0.492916734355051,0.430730792036816
-0.314010363617166,-0.551283386697868,1.64322668914976,-0.895231790762761,0.546264360744958,1.41535029953159,0.00402878733691009,-0.997873236321396
-0.405274059700663,-0.582110641319695,0.800616680267625,0.189399061097426,0.596093424960658,2.25934553349919,-1.14885341000575,-1.1040618828097
0.432545272086518,-0.608743074172585,0.480263670938043,0.57279392227941,-0.290301483561719,2.58108376791422,-1.60650840954209,-0.276324575068156
0.992404033853291,-0.630895138459688,2.31893301253202,0.26755273843454,-0.790160110023489,0.743799651405701,-1.38153341723519,0.162151372265549
0.787715685223472,-0.648241713020507,2.09338644428422,-1.2028728228632,-1.2697984338011,0.970731444738956,0.00266072132718265,0.577297767637054
-0.850919053203438,-0.660417310730895,0.861564826601205,-0.309012792732201,-1.35410900679344,2.20393828750742,-0.983301442067729,0.593666715495981
1.2248641707849,-0.667016128476742,1.35884802623759,-0.3639761633507,-0.801828294513441,1.70804031295649,-1.02614383830279,-0.0302994333824715
0.687270158869773,-0.66759338465395,2.60564017973398,0.0901992155168093,-0.347706349081018,0.462633384545553,-1.58356680699102,-0.560093858892765
0.217952279903349,-0.66166855743449,1.82900914269504,-0.673251622946019,0.157709037844732,1.24064964666994,-0.928423238443361,-1.14535439218854
-0.0802777283917557,-0.64873118044536,1.12247434756589,-2.69732548309147,-0.0335277809175958,1.94856966688455,0.982814899941057,-1.03825437803947
0.515518201980223,-0.628249902901132,1.04820602564707,-1.03745727672014,0.562560145345345,2.02422321388883,-0.793705896132963,-1.72281180369854
1.34382032661974,-0.599685782956549,1.86517222773258,-1.16476879200629,-0.129887399146743,1.20864223688876,-0.785938844580508,-1.12311579003308
0.358364750066808,-0.562510721503988,1.70665460006891,1.05758962941469,-0.00631991704304502,1.36854508963789,-3.12956192016708,-1.34355842795594
0.315751214383231,-0.516231894562241,0.624647266188383,-1.82532236136418,-1.27340204110626,2.45193764860387,-0.368185224196538,-0.177190941726376
-0.747226407734437,-0.460422908548813,1.32892368362031,-0.543343367313359,0.648640257044021,1.7490464562574,-1.7702168125703,-2.20335811477396
-0.193430150537674,-0.394762056414097,1.65140392591322,-2.71526275634516,-1.46425728682221,1.42795143904994,0.285206365315704,-0.19740149423117
1.38763921619552,-0.319077453118977,3.7323526553317,-2.26607069138856,-1.61303003724872,-0.651612065283088,-0.274529436046357,-0.157607592154832
-0.952080716776336,-0.233397950692265,0.866367227871327,-2.40326243193333,-1.94477527811789,2.21575858726274,-0.239228742369013,0.0640992824922539
-0.57124086392549,-0.138007548187763,2.36794329777878,-1.45649587504294,-0.0922712514879694,0.715567742440741,-1.27627413650936,-1.8983125028861
1.28589456329359,-0.0334995643236885,-0.0143728700187555,-2.4565888423667,-2.08830131594838,3.09926913532373,-0.351706023904961,-0.0106539298931667
-1.03505323172235,0.0791747367953907,2.35097308227923,-0.096365894134802,-2.48444237740316,0.735308408111201,-2.76948919074591,0.280266317484375
-1.86603138740561,0.198669836366953,1.91250581039799,-1.22519302710655,-0.801899960520847,1.17516090507789,-1.67712882385036,-1.50254344448447
-0.109007688677808,0.323229714036617,2.01035745582399,-3.75049796464895,-1.43596164499508,1.07869448473734,0.835665308574835,-0.961840988525882
0.164032343811171,0.45069945455215,2.25751600360495,-0.93816578029118,-0.92628075925835,0.832921162041842,-1.96283419111311,-1.55592079034453
0.183544784234491,0.578571172065295,0.628102798741636,-2.14260633101886,-2.32170047384346,2.46371959199061,-0.716521624657209,-0.233862109652494
0.647733276321485,0.704067731068294,0.066626998601542,0.0155816260916095,-0.951516309489498,3.02658061721615,-2.80399659984358,-1.6643545198333
3.10909344161646,0.824263139789404,-0.304892035515698,-3.46331664376356,-1.73139072059022,3.39948487641885,0.774200862154022,-0.929882783590481
-0.00990643916328448,0.936232777114807,1.73943646396298,-3.0381491027696,-1.3780378354209,1.35654160202562,0.475512006981167,-1.31214611639097
-0.992986591785166,1.03722078545161,1.40591001453222,-0.847003738783757,-1.16627363171429,1.69145327654184,-1.56454132832894,-1.5351077279922
0.33089249749858,1.12480735209476,2.63507506407548,1.30436989949532,-2.03439034585817,0.463673452084028,-3.54384294022145,-0.659706041944451
0.488381765592453,1.19705653521052,0.407295186958812,0.624142317106024,-2.30759655348337,2.69283855428615,-2.67507395352807,-0.360476760291928
-0.519935386874342,1.2526266421231,2.10837956346659,-0.492395165134685,-3.00928357858333,0.99313940286383,-1.35864287830853,0.385682349552668
-0.71647008401191,1.29082998991155,2.64679043500828,-0.920531068175264,-2.69733299404651,0.456113756407591,-0.724663135691253,0.135822916026621
-0.674946336860827,1.31163627856778,0.803337374336521,-0.500898895847311,-0.184327836837979,2.3009520421648,-0.937852341546746,-2.29880356159145
0.686611928127145,1.31562216227397,1.30063815044461,-0.320219749976609,-1.57230486085264,1.80503649114217,-0.916478515387721,-0.817922893499999
1.38511729347346,1.30387705462281,-0.307576775910666,-0.489713555362028,-0.859646813873965,3.4146366425829,-0.553694218252173,-1.42525148554451
0.599222122556189,1.27788022556077,-0.0267108564794039,-0.289395187528639,-0.499679655660016,3.13515594823709,-0.573063420886623,-1.66979042451724
0.533410171949275,1.23936607803703,1.46441198565493,0.392850235090646,0.219465944941789,1.64541833118821,-1.08939472717512,-2.26585126973057
-0.704788964777485,1.19019315434907,3.05637256571362,-1.85637907412251,-0.208111285212517,0.0548429762149738,1.30891535989647,-1.70998279793041
-0.121994505963713,1.13222954116371,0.969281102599094,0.488760934070814,-0.848706285672769,2.14331966441495,-0.9049365142505,-0.938253777630444
1.022381088082,1.06726108675021,0.0314111789523279,0.511733442702738,0.301956841591076,3.08257481314717,-0.814638674742335,-1.9571406807021
-0.00935895157234334,0.996926533275469,2.47348964314116,-0.0619443183054702,-0.481435703321086,0.641881574043793,-0.145332538772406,-1.04331096590877
-0.237791373156226,0.92267813384823,0.681771169090347,1.69747254736811,-1.00353716823623,2.43498527318006,-1.82592899261254,-0.393837409378298
1.77210837204005,0.84576446480341,0.697142977658635,-0.188466994384822,-0.533610693834684,2.42099868969722,0.123176881199449,-0.740910378982973
-0.580301648257401,0.767230571545492,1.45936682396695,0.705510477382248,-1.14543681252904,1.66016006847436,-0.721938743546488,-0.0119288404430576
-0.164936476682685,0.687930324199412,1.87705295190449,1.19328374207529,-0.701123117121959,1.24385916562228,-1.17371403545757,-0.345701596035369
-1.18295035726359,0.608546505656062,1.39573240286306,-1.61292036122204,1.43693059229522,1.72656493974916,1.65707292073156,-2.3805022003635
-0.975100977002658,0.529614488734632,1.86719350649135,0.834378464149793,-0.078358694171146,1.25648906120632,-0.775663543781249,-0.769703728397391
1.07996425862009,0.45154682752347,2.360359859435,-0.0235242693033954,0.187121760879645,0.764707933348132,0.0880784022881229,-0.947686760579737
-1.24016239288192,0.374656772027112,1.85623501954889,1.67505687962198,0.203202397726943,1.27021799831969,-1.61221486143433,-0.884391326886939
1.72526605869934,0.299179428943303,2.41018579036576,0.72883079736427,0.690086567188403,0.717652452588269,-0.674219432212536,-1.30000169189482
1.69183057002452,0.225290090330907,0.430355207946304,0.114805461502956,-0.714647474208332,2.69886826009318,-0.074056229761812,0.168024332777997
0.536595110615265,0.153119661040004,1.39981265185942,0.683006968179373,-1.88519330928356,1.73079604126552,-0.661007931625061,1.39407671834133
-0.624772590440504,0.0827672227545653,0.862189931584202,-1.98757579445399,-0.581646868941896,2.26980398662619,1.98654280388311,0.138501355417179
1.02499790211604,0.0143101291635092,1.34815665567429,0.457451834583575,-0.183344635795206,1.78522248762156,-0.485320333511316,-0.219081000235733
-1.34103974761399,-0.0521880155408205,4.13045669539457,1.86634973337952,-1.14959584349759,-0.995692327013268,-1.92449574924902,0.780940995192828
0.221471629014846,-0.116671075166662,1.43303404409568,-0.311906255389278,0.910095582197037,1.70311554937108,0.220296982500976,-1.25162238016021
-1.05557937282142,-0.179085425717868,1.76236471498647,1.32811182623433,0.514689249763706,1.37517010356574,-1.45620737834287,-0.835431211264963
-0.434279683693266,-0.239375986797491,1.75216183118152,-1.51452114070813,0.241991483790137,1.38675821245614,1.34699664477731,-0.548007917443959
1.10033529352155,-0.297482952969233,2.16561366486241,-0.405410473184735,0.205941440929941,0.974691603860703,0.195522824298799,-0.503030149159829
-1.56738975996912,-0.35333898767197,-0.0385712424397426,-0.273126500565752,-0.477885277341713,3.18026173624831,0.0178876508863555,0.184160536366858
0.320863500737179,-0.406866687008679,4.15789052473222,-1.08453039831157,-0.945367532194323,-1.0148148058382,0.780844908026777,0.649645988061925
0.106539124410688,-0.457976160795777,2.79868561082107,1.59523670222437,0.201503956161974,0.345775333158403,-1.95061727626615,-0.504413500586744
-0.0822056206789264,-0.506562611751279,0.181273066283689,-1.58345501917629,0.892252054812761,2.96457310278124,1.17293957761301,-1.20740595646141
0.806483617292396,-0.55250382182112,3.19812766846052,-0.358170583778801,-2.06540432773388,-0.0508962743101389,-0.1111423990423,1.73304937948261
0.451665818590738,-0.595657478850082,0.421710907410795,1.68366717073646,1.31353243116141,2.72690571182504,-2.2156882807295,-1.66798030551526
0.56775067077094,-0.635858298550314,2.72150362103676,0.0792491109757695,-0.523954279355391,0.428498223284527,-0.678155337761968,0.142552535597767
-0.671987635529909,-0.672914918300282,1.54061570408454,-1.69589622360001,0.17910349023564,1.61077136532221,1.02564983142696,-0.592321378573581
-0.416219019907732,-0.706606561879854,1.73828669389032,0.0405955662752165,-0.227617597793169,1.41448560060188,-0.786919400628647,-0.222310089009353
0.175612042590727,-0.736679505350881,1.9173731643792,-0.521925690594983,0.611065892094138,1.23678435519845,-0.305490742695903,-1.10265559216005
-0.280845625468759,-0.762843400773369,0.268091957563823,1.25822687177723,0.773834862423828,2.88745078709928,-2.17201463125929,-1.31212094518024
1.15807669194926,-0.784767578597644,2.68448979890304,-0.747359597330708,-0.862567206666537,0.47243817084552,-0.258315604121442,0.272449019930836
-1.73706317898257,-0.802077478603502,0.142256930480726,-0.203749098324091,-0.0464930117116831,3.01605626435329,-0.899526548553808,-0.600708141696342
-0.966138035959636,-0.814351467270276,0.832061732683728,0.128172546240289,-1.73945106469217,2.32763668723574,-1.3349007659976,1.02979373274699
1.00599324148081,-0.821118378869395,1.57048864233686,0.13801603474473,0.61775887986984,1.59059500266806,-1.45410958850292,-1.39536717642462
-0.167319395479424,-0.821856227620897,1.04586655750765,-1.73561294082982,1.20569635540561,2.11660231258272,0.304283818544146,-2.05686155532174
0.42816295438222,-0.815992796925883,1.04342440489251,0.422301027657544,1.4483445577916,2.12042969028332,-1.97456096877048,-2.37876160965176
1.4927938209279,-0.802908730716503,2.28253693823167,-1.08446454407251,-1.21542360505732,0.882702382029606,-0.594080418966993,0.20000676539533
0.958500826569631,-0.781944192425552,-0.0330911621063255,-1.60410328113716,-1.36852342869621,3.19971570745306,-0.20553558321832,0.262358344812249
-1.62771584964647,-0.752410264779291,-0.539076343260961,-1.38713104176985,-0.187365037065189,3.70708611369315,-0.557618724800822,-1.01522556273322
-0.571012807885666,-0.713606376972193,2.12776153667676,-0.96581990498689,0.528368532807232,1.04163345884088,-1.11697433736443,-1.83289690626787
0.647402502599818,-0.664845179016429,0.0294815312077619,-0.511790483220119,1.30993063419065,3.14129868939533,-1.71056129867491,-2.72162531021788
-0.962164787987725,-0.605486252842506,2.54728955508884,-2.27844409465675,-0.219503763733261,0.624875890599711,-0.0831779643531463,-1.30415600237309
0.512646778951615,-0.534979790495872,2.59087158313035,-0.870661460753713,-2.35502484125198,0.582679087643653,-1.62772837898644,0.715205878397801
0.0675806098612368,-0.452920808130118,-1.32971018963452,-1.57461418883236,-1.03660268560369,4.50464608549398,-1.0553897888679,-0.722760721625882
0.25029134914356,-0.359113483443807,1.68669962621063,-1.36736012853062,-1.65564648280003,1.48962149473428,-1.38601839410584,-0.225605994791379
-0.13272550195219,-0.253643719733463,2.26297767521599,-2.93604108159372,-0.777803201249021,0.91472867081437,0.0710159031607234,-1.22638737388254
-0.314770424708476,-0.136956032017312,2.89109599217174,-1.34283234480119,-2.18514877644641,0.287995578944072,-1.61829436698511,0.0585370179470797
-0.860473882322673,-0.00992841553366465,3.64096892878975,-1.69387439237058,-1.68262075126744,-0.460492132588485,-1.34378542960219,-0.564055612094227
1.19072619367396,0.126063726996604,1.37223960834984,-2.32349438317068,-2.68886364459616,1.80962241293688,-0.767078412874259,0.32657953303419
0.528055232378601,0.269105754775317,1.72538452150182,-2.92521553318317,-1.03242628527348,1.45786272487035,-0.190801974140408,-1.43868178196314
-0.62527155386807,0.416736372195169,2.12198349319448,-0.823373372349694,-1.37401332080251,1.06264897826315,-2.28725353256231,-1.1966395772654
1.02004748442985,0.565986204068039,3.13710062627205,-2.49656151753952,-0.304207937315861,0.048917070271028,-0.575257239371845,-2.35413112721744
-1.55161923409496,0.71347057827304,0.842547747239137,-1.60282473369828,-0.984113799497672,2.3448551743894,-1.39527093874945,-1.74749794530837
0.506384064456784,0.855538453346257,1.56870531413974,-1.52501257043194,-0.728041496633249,1.62008283257425,-1.3642903127634,-2.06002819872035
-0.260798861165004,0.988470707646328,1.16997282548267,0.0932369458451929,0.370736249919116,2.02020054631678,-2.84003888642466,-3.1963415725038
-1.40417428528163,1.10871126343876,1.37730309095156,-1.94739983888568,-1.97064298270754,1.81425550593333,-0.626123160608626,-0.871900759625179
-0.876099738141943,1.21310598355985,2.53029726360881,-1.4019679227095,-1.54497972444767,0.662646558361543,-0.971903868166409,-1.29278668714034
0.0931346067644346,1.29911944388759,1.83656420452741,0.335804874086467,0.113338296856195,1.3577648425284,-2.48929321469488,-2.92414311043926
0.700728732487887,1.36500046440663,0.886750421045736,-1.43319900247843,-0.49615784503779,2.30896385109552,-0.485679924503104,-2.26573422829974
-1.89248643252343,1.40987418358982,0.0171960310968675,-1.6499392195761,-1.23354592337113,3.17990346612984,-0.0270256706542771,-1.45841917987982
-0.000892894020421814,1.43375018930982,3.45486482210304,-0.983722436166022,-1.28220149284318,-0.256380099790881,-0.450883533441413,-1.32041463686549
-0.18710303188822,1.43744988284421,1.41637010651254,0.0886221155143822,-2.25763714833328,1.78349984088508,-1.28678001212398,-0.238361750713656
1.45526919148638,1.42246925561579,1.07176190179533,-0.736719313945659,0.00944413550444079,2.12949327068774,-0.236397999799413,-2.38414512486928
-1.24015106945747,1.39080016940274,0.544159254595898,0.32626222032417,-0.854080493363109,2.65848114297263,-1.09014244621738,-1.38751528089956
1.51816565516945,1.34473738644406,1.07408245796415,-1.0392844175226,-0.861876822831608,2.12994316468983,0.465652394528713,-1.23781297697277
-0.184374061967832,1.2866951778277,1.99409147427951,-1.15972620061293,-1.44017300895541,1.21131937345992,0.75537206829369,-0.51180647978917
0.469944326425987,1.21905136019882,0.998957140966398,0.322180615242495,-1.3792012392411,2.20783893185849,-0.579106329296901,-0.422126333881071
-0.3064215927814,1.14402879363022,3.04555481874285,-0.516977891092146,0.874853466786043,0.162626479167492,0.385689022097151,-2.52521944350837
-1.14168026673615,1.06361699794671,2.34661756167563,-0.581212954505987,-2.58752210513812,0.862948961320159,0.554567858567287,1.08609437647272
-0.130789502115905,0.979530564417016,2.62591056259343,-0.6212106104572,-0.528104280732986,0.585041185487816,0.679551730691699,-0.828402559202508
-0.259017647263103,0.893198327301493,0.831831607828631,0.747385382023084,-1.65536353788868,2.38050536533807,-0.622031523313908,0.438120046330518
-0.395524055497726,0.805774702972077,2.00849946730327,0.0900687148391686,-1.03922812654164,1.20522273094888,0.0861943190591161,-0.0457011953347626
1.06182013004792,0.718165680305598,1.69080011679146,-0.00354915025159037,-0.55586150007509,1.52430730654614,0.21654269021981,-0.404666648449037
1.12523974112237,0.631062420037992,2.97048843265058,1.79473405203577,-0.566395502206495,0.246004215772484,-1.55730778667155,-0.278311385962862
0.706245214927859,0.544977408332655,2.30360543262524,0.686464257331094,-0.914212503062268,0.914272440883269,-0.435135415788972,0.176339899812231
-1.18520049227032,0.46027953115331,0.831153183386026,1.32970178022371,-1.28772036445356,2.38810991520794,-1.07339120410172,0.647508383929199
1.77395381430195,0.377225793232174,1.54974875153625,0.265505244302322,-1.72143465694137,1.67089957214317,-0.0117064188691304,1.1697037031185
2.20433692368014,0.295988612901577,0.936826221499757,0.945068517718904,-0.894848688502485,2.28520732726512,-0.7000393088903,0.422556775001583
-0.0892504176921328,0.216678496972476,1.09774540420182,0.929900771937778,-2.07140281902981,2.12567336964851,-0.698854073097975,1.66975484745179
-0.915201309139945,0.139362166544372,-0.208721318833708,-1.37515560046863,-0.735249448974059,3.43352531776949,1.58787023081963,0.395775890088182
0.850876988952523,0.0640766900097861,2.189215568326,-0.113012084354577,0.0220768614318356,1.03697365569523,0.303739938659037,-0.30746749253381
0.201356127574765,-0.00915975478842442,3.21811217967145,-0.481669085847027,-1.25141090441099,0.00946226943523842,0.647297328656775,1.01241993419643
1.98109253213081,-0.0803398525853824,2.63489861508691,2.63775946435495,-1.00460835801186,0.594061059105233,-2.49993837389792,0.804753765834906
-1.57780078212192,-0.149461229231753,0.599817533549941,-1.47448873818694,-0.782113191268822,2.63052736572765,1.58208002186892,0.614548545358258
-0.760912894259437,-0.216522127369984,1.15302228339281,-0.0705288060753176,-1.63568250315831,2.07870784097024,0.145647431676198,1.49396328941812
0.589902171504961,-0.281518218115264,-0.154713042189895,0.565678619832492,0.641436828721504,3.3878283916384,-0.52518676125226,-0.763377227730814
-0.453281944981278,-0.344440192644896,1.25303807541254,0.0895105757945902,-1.4329927159037,1.98146249912142,-0.0857893779242844,1.32511159044569
-0.692404762622379,-0.405271846407171,1.64113636506069,-0.946260075033237,0.709161314463595,1.59474943455872,0.911009382419744,-0.808391343899807
0.160766083768503,-0.463988434051126,1.33935707831766,1.78025399620261,-0.836232199180637,1.8979139463872,-1.85679324359469,0.740517410338811
-0.151465347609114,-0.520555124761503,2.70821197356965,1.10266799875959,0.738783607083875,0.530444276220671,-1.22297796171124,-0.835887806767171
0.773239023156047,-0.5749254271834,0.715204651563814,-1.41894245140526,1.33396479830879,2.52483682331195,1.25217082524221,-1.43717405991393
0.918072582160134,-0.627039482781667,2.43196041759151,0.898338049340307,-1.88979252533945,0.809466282369717,-1.11450867116881,1.77590903206048
-1.81166633204015,-0.6768221477378,3.09236901487512,0.744578797158102,-1.04902347827451,0.15044291017156,-1.01336490632395,0.920000822531878
1.72744578501024,-0.724180798434074,2.58505504360025,0.253856073094375,2.32711733149564,0.659142106531881,-0.578781909742797,-2.47568135219756
0.0752860194976299,-0.76900280620884,2.83411646650175,-0.618809391519487,-0.915277654726483,0.411465908715829,0.233887047489158,0.742792372388934
1.1452252751309,-0.811152634130065,1.77875178585995,0.415819635814432,0.498483461241676,1.46821581444309,-0.864948908669717,-0.699286634641494
0.987654139200665,-0.850468518604649,2.3159160495832,-1.1834054863628,-1.31903577696859,0.93243677580529,0.665487985263354,1.08546397155152
-1.48110855306106,-0.886758713968418,2.77742393139124,0.707888564976931,-1.22958708864551,0.472314119082706,-1.29955929704393,0.958706351674937
-0.598209651240273,-0.919797265015313,1.35204540189031,-0.0362727524338598,-0.543900526934382,1.89907787366909,-0.634507427511662,0.231047832117436
2.30575207192844,-0.949319323368084,0.44951080833926,-0.78529022326515,0.529747170595009,2.80299769230559,0.029652321116647,-0.889388041965366
0.209159571112465,-0.975016042329084,2.98908144260101,-1.62799063118607,-0.344712934143724,0.264812283129295,0.781362363609156,-0.0667127380404054
0.100172709569985,-0.996529120500783,1.41383879073832,-2.54250315021679,0.129031986936687,1.84144016007744,1.5983861659579,-0.597442712239508
-0.560935801211255,-1.01344513280444,3.26281438247129,-0.794382283761155,0.511621345492413,-0.00615020657008136,-0.254054734227941,-1.0424392735756
1.03856226244146,-1.02528987340421,0.311473654127419,-1.92218707840597,0.243991703529109,2.94657574685925,0.762316425592953,-0.842872952682643
2.36383079326154,-1.03152305295249,2.64684091123245,-2.25514415507626,-0.622975223982527,0.61259371483967,0.976517282356228,-0.0498637205227766
-0.974572510392893,-1.03153384961592,3.76372192651772,1.00188134626642,-0.387362663226477,-0.502902075360151,-2.40669454627337,-0.36556112605335
0.452285327579874,-1.02463801581084,2.58044914564685,-1.00274941548048,-0.455401620978716,0.681755930596181,-0.535651723577975,-0.38394925045412
-0.899297391308938,-1.01007743794269,-0.0388879873328614,-0.852322630418095,-0.706417939376229,3.30247828866134,-0.826861981709655,-0.225884569158889
0.217975163025277,-0.987023638075198,0.826379814184841,-2.2814850511266,1.49592111723436,2.43859571222909,0.454754730816309,-2.52783064606248
-1.51913866595054,-0.954586482538832,0.747285559488756,-1.63564025284362,0.787882789642967,2.51907519201063,-0.344680704951255,-1.92611156111279
0.179249982408986,-0.911830212602333,0.289008234434682,0.187911624153904,1.48208976317453,2.97873774215016,-2.32680315679355,-2.73330598281779
0.0490173361327559,-0.85779914054529,1.89731611395661,-0.133799975272968,-0.375442990553614,1.37181508771368,-2.16716065690551,-0.995252532590359
0.339416874415986,-0.791555417784837,0.434025601823711,-1.09266235118245,-0.475221320546255,2.83649082493204,-1.37189811861175,-1.02110066961105
2.25703136875796,-0.712231299724729,1.11603124730478,-1.51506319870466,-1.02088674464052,2.15587040453642,-1.11210840621191,-0.606655966309522
0.549625188725455,-0.619097897409157,1.77032944461565,-2.36537145356467,0.304788877165772,1.50295743231101,-0.420299386806571,-2.06834297051874
0.869317379370578,-0.511651287586176,0.982691281102691,-1.73243610086968,-1.04728426044222,2.29198082090942,-1.20386780330405,-0.855974810257493
-0.57296453814796,-0.389714902302038,0.912315266700032,0.0655110054876502,0.847350267693887,2.36374206039753,-3.14020841334478,-2.89257772051742
-0.634148665188821,-0.253554149763328,1.97907806898408,-0.586855304500956,-0.290837745420795,1.29836448319893,-2.60907130896634,-1.89682648411798
1.7017007540043,-0.103995220551851,0.893617071838497,-1.83920920970566,-2.13503368548305,2.38521070542997,-1.45544640733847,-0.193358299422297
-0.542365799072895,0.0574646925576438,0.874981035226454,-2.03014042212611,-1.17668289458127,2.40523196712747,-1.3352229286831,-1.28817174640816
-0.428667415699125,0.228573250143896,1.29084177326577,-1.59590585338767,-2.26157225387146,1.99075645417361,-1.80675516065606,-0.332577867957793
-2.46169072549749,0.406285832899762,3.0592431890156,-0.749489364798459,-1.00691887710658,0.223740263509226,-2.65220404455705,-1.70617986415731
-1.04137177957299,0.586796857905361,2.54207647179579,-3.38504912912931,-2.06671018654165,0.742292205814493,0.0264504304639379,-0.751641530729612
0.881725630436231,0.765656822474505,1.34901674818962,-1.02965802660291,-1.37657713024894,1.93673715450612,-2.24132272719399,-1.52996282052417
-1.11101029796786,0.937982448804798,1.18027454434768,-0.526907548725637,-4.35556558722785,2.10686458343351,-2.61142267417186,1.38110835138695
0.160387688731898,1.09875203228099,1.89023820782166,-2.81244104181233,-2.90964967865173,1.39828614504498,-0.149879865273444,-0.109615452373996
-0.232529972984561,1.24315991103434,1.031641579684,0.025436104268501,-1.09759158683998,2.25826799826809,-2.77234917632367,-1.94110858307276
0.333440249873293,1.36698731097208,1.54231900781745,-0.533363717202884,-2.64337065327506,1.7489757952201,-1.96485437163626,-0.3878890104166
0.296499994024748,1.46693699621239,1.37463104014052,-2.24464182404431,-1.37274218216525,1.91804898798248,0.0205246214868844,-1.62359951306071
0.517975293681428,1.5408804133315,2.1750652183298,-1.28587654260544,-2.37408909272261,1.11900003487866,-0.647796570966723,-0.560229856618711
-0.117400250724999,1.58797951522283,1.18611604995362,0.0371162645691478,-0.555695717557298,2.10933442834029,-1.67353042112449,-2.29083875482281
1.22794107989859,1.60866827515267,0.367483248706856,-0.577947919587596,-0.0579928164052077,2.92935245467251,-0.763647197468735,-2.67722586727724
0.196889227664921,1.60450485349209,0.497066895440554,-0.159531620744332,-3.23226310342794,2.80115403302426,-0.898007468039946,0.628924657766702
2.03196650567833,1.57792728958799,1.2288462813492,-0.575852086967072,-3.99432368645329,2.07075987220107,-0.215289983244382,1.53992556858779
0.661512980755322,1.53195805140525,0.527473426505387,-0.150500716137925,-2.23019184693553,2.77351795213034,-0.39708357142291,-0.0620255676556034
-1.60920382780532,1.46990392360016,0.537124585216779,-2.25244901667753,-0.111521835656715,2.7652520185044,1.92219784729896,-2.0091891424208
-0.216602892542332,1.39508933583241,0.838931293130755,0.254882008765583,-0.910398612294026,2.46483053567588,-0.395715132358166,-1.03329196690397
0.317895352239502,1.31064735156391,2.32695833477495,1.12841840120893,-1.4416614900265,0.97818871911713,-1.10797232771684,-0.32304281994558
0.578493245540421,1.21937849243886,2.30621253059439,0.0215481740400638,-1.67469937162909,1.00031974838315,0.132985306692013,0.087779157791689
0.325863500223016,1.12367280491731,3.06117893809407,-0.586191776028119,-1.40913156121212,0.246738565968924,0.84941702410399,-0.00392198616103023
-1.43484548452939,1.02548747659337,1.23327857870201,-0.232317384789962,-1.84349032798334,2.07602415044644,0.581184103145964,0.598154611571644
-0.0277165953902108,0.926363636421916,0.357355164141768,1.24796517005022,2.16537740649616,2.95333279009213,-0.833871822120139,-3.25089327109768
0.335438344820261,0.827468630895887,0.905667045367278,0.538300303034394,-1.40536451536508,2.40640613395207,-0.0766754520718751,0.470477129023985
-1.40324994457477,0.729651091886274,2.21588409355555,-0.556899867909367,-0.704118855048552,1.09757431084926,1.05101116892367,-0.0902117986382016
-0.042217456749399,0.633500626945252,1.59927522653346,-0.638752951958005,0.225590538807823,1.7155684029568,1.15278521118212,-0.889957381366296
1.02320559047043,0.539403033611802,1.73215282601313,1.2017405244773,-1.09499085666736,1.58407602856258,-0.678109234232994,0.549777930311431
-0.0904512278254738,0.447591082223384,2.63295970056722,1.07425721901306,0.929192110557509,0.68465437909395,-0.549371280355658,-1.3660310301399
-0.804616761999994,0.358185900355343,2.16974451067986,0.339616884917779,0.683146583895511,1.14925479406676,0.179881634126401,-1.02216661746331
-0.491015313431785,0.271230932765302,1.50303532370614,-1.66369246710337,-1.14280376092245,1.81734920612593,2.17259650736382,0.891418971292819
-0.643725097929542,0.186717852900236,1.68069008136845,-1.34951763586237,0.876684400014336,1.64107967354908,1.84380496919147,-1.05014109488096
-0.235304814482997,0.104605999666836,3.93458016256041,1.05654015544628,-0.22849615485244,-0.611425182557428,-0.5799341172696,0.12380621536731
0.990607346464362,0.0248363443297791,1.23068326832348,-0.195485568722177,-0.789832037808951,2.09385693676495,0.652101621859209,0.745333032127332
0.443335521239905,-0.0526587668010947,0.250426856672007,1.16739511683187,-0.673002365846293,3.07549857350188,-0.732497941199161,0.680719646469474
0.511146079478575,-0.127949129885654,2.40127063695317,-0.423734924228667,-0.263505948976643,0.926040018306167,0.835612693159784,0.316062641067853
0.584157964343128,-0.201102545405119,2.96955994915959,0.0323185440280924,-1.36694994669812,0.359135931185207,0.355538921990954,1.45754886562385
-0.473536884123321,-0.272182339129819,0.573229763197614,-0.22983148896605,-0.170885935593357,2.75685134223263,0.592859018401845,0.293280525220992
0.274658451669511,-0.341245992403231,1.85875906561412,0.080774325999889,0.681081670481525,1.47270726490158,0.256714351011985,-0.532624284874033
-0.51426600880671,-0.408344495685369,1.66745673432345,0.43822212398827,0.431717043888207,1.6653948212777,-0.1269557436679,-0.262458341184366
0.40913787177242,-0.473522083835172,0.242051030023639,0.99903884910989,0.493223063066001,3.09218575066297,-0.71471510563669,-0.307998769660973
-0.666587405248119,-0.536816198776505,0.987239274691638,0.482944318908049,-1.4137257277621,2.34838273108042,-0.226372174889087,1.61045825011986
0.0657048375900127,-0.598257494876824,1.41729400288859,-0.100626540470181,1.12249376275227,1.91971322796893,0.328506380793195,-0.918379960848728
-2.79608640359003,-0.657869805774699,-0.0113498170585207,-1.27157066120083,-1.08061210730812,3.34974227300149,1.4696494317792,1.28826301632738
0.169816037070381,-0.715670000898658,2.07776992894955,0.497654592256977,0.98595394777312,1.26200775207887,-0.330684829994921,-0.778374033152977
0.753367463027547,-0.771667686489891,2.91020593320761,-0.421739906652987,-2.05088763589521,0.430956972906266,0.556066274764146,2.25497913894634
1.09560520631222,-0.825864720010278,2.1758096993028,-0.0611138137928166,-0.813089689717415,1.16673843189653,0.161011320050363,1.01042221568749
1.85437801113331,-0.878254510908523,0.595716865261527,-0.0344784740585447,-0.834068720831504,2.74821649102326,0.097887641042972,1.02147633147806
-0.516879023977919,-0.928821075713525,1.55612053600827,0.0246539886169515,-0.749250746349727,1.78919804536197,-8.8751720943003e-05,0.923631522212384
-0.434461258195706,-0.977537825014883,1.55996235064209,0.919049084785486,-1.66251895603086,1.7867414558136,-0.936001405097544,1.82079589643723
-0.218897201709624,-1.02436605029114,2.56587692427079,-0.65495068578013,-0.633429457430845,0.782212107270357,0.593466915251765,0.772512726415806
-1.04674238224788,-1.06925306925283,0.689090022778196,1.59314810308118,0.109062080665839,2.6603842338484,-1.70254038785431,0.00768826340766867
1.41258790988865,-1.11212998428592,2.74289067986552,0.272842834934001,0.468322287801957,0.607968801846526,-0.433907654224209,-0.377129148427115
-0.652345609867648,-1.15290899949888,2.55835103500603,0.268319222056551,-1.19228163501157,0.79389367179147,-0.485232259722732,1.25457343670104
-0.872099117407898,-1.1914802331945,0.588928168259423,-0.662908954839928,-0.715953703186542,2.76470176362354,0.385534861251889,0.745845969041528
1.79957634316402,-1.22770795453805,2.17095447654939,-0.167690707841607,-0.0115997401939627,1.18406068041902,-0.175220352357682,0.0054064841276091
-0.500169644521478,-1.26142616622079,2.11868981735809,0.28770866096158,1.19895214759171,1.23771056469577,-0.701721409854655,-1.24513799502227
-0.799840468399665,-1.29243345065305,2.9152145247363,-0.310800560376909,-1.79722130675071,0.442571082403013,-0.180392039440627,1.70688187347419
-0.344809584665431,-1.32048699755803,2.91683359784311,-1.21173521666858,-1.23498626161706,0.442337234381666,0.636748969721864,1.09604607944807
-1.6265948186215,-1.34529573868888,1.99854359717099,-0.0553359132331835,-0.872862168668295,1.36201246013924,-0.610611345652113,0.680556559986332
1.79891779919946,-1.36651253495589,2.65189219527237,-1.19493274502871,-0.0427058037758948,0.710049087123312,0.430292315900282,-0.20807737229852
0.137619485258254,-1.38372539838568,1.71882573515308,-0.591364579972052,1.07889716491012,1.64450077232805,-0.280267253908199,-1.39364530715563
-0.254953184429272,-1.39644779412114,2.1975201002046,-1.55631413280772,-0.0725009114759155,1.16719163236198,0.56883944206236,-0.312099411180832
-1.04351922248634,-1.40410817872774,2.56808065741985,-1.76974757791607,-0.242342514613729,0.798016300232193,0.657057617599733,-0.218416882141426
-0.408154378110787,-1.40603900337859,1.15145194339988,-1.58342188168883,0.778684617914656,2.21603023933761,0.335682130653912,-1.32234271670751
-1.98550562963052,-1.40146582371531,0.652521150510139,-0.638639053202048,-0.0683757901471132,2.71634625731281,-0.754353699488045,-0.565357089627935
-0.0989775239847902,-1.38949722678597,2.50584864144247,0.127924544451573,-0.229276152385952,0.864403991465932,-1.67660386904677,-0.50213502986667
-0.815016028341632,-1.3691168413958,2.57766736999171,-0.091811006991319,0.591974893967206,0.793970488002144,-1.62302322171652,-1.429069315842
0.847573052976723,-1.33917921514968,1.00549190077073,-0.480240318669713,-1.00441405767725,2.36753118230858,-1.41098501368316,0.0532783844949303
0.366509365937187,-1.29841205364679,0.306798939412831,-2.14241561066945,-2.10550256290019,3.06760936875193,0.0651488359724572,1.03169156299866
-1.29862803744055,-1.24542811382424,0.270615308212053,-1.87282308722094,-1.7950049551266,3.10517822503816,-0.39909285093955,0.58972165901991
0.961031647703124,-1.17875096738156,3.09686983112815,-0.212615572076223,-0.416509577628493,0.280308927207516,-2.26093967659234,-0.929048069108528
-0.619985857874025,-1.0968597230148,-0.224642433879351,-1.25465974731852,-2.18026204337857,3.60320641730047,-1.42520270393277,0.685834481402742
0.301211555809999,-0.998258417057301,0.173748510032739,-0.421130005834803,-1.4711346083771,3.20620069847384,-2.46654695962967,-0.180277476040275
0.710203108704965,-0.881575789214213,1.18649532236848,-2.80502127454042,-1.53153130807938,2.19483911122355,-0.287854100315899,-0.28415356658284
-0.0843828021540076,-0.745700038522752,1.82149895905572,-0.422409619325177,-2.71010566520525,1.56122069962176,-2.86786637345554,0.724107622761492
0.706651608131381,-0.589950246739182,1.71735063697119,-0.882480035213297,0.956157792512186,1.66675424679174,-2.59112016322509,-3.11676358106397
0.685290554066993,-0.414280903214723,3.0147056591979,-1.04372153112625,-2.35277579627194,0.370784449650492,-2.59180339329104,0.015580121658803
0.0282948754809985,-0.219507144986001,1.53906351467531,-1.57544004318623,-1.25282876136929,1.84781181925853,-2.19242793306264,-1.26001059104407
-0.618759074582984,-0.00752808642908128,1.9333311923476,-2.15457097953332,-1.21560798832294,1.4549293666717,-1.70736736517767,-1.46836822148102
-0.00799854873703043,0.218487211729296,1.28576845694829,-3.32527809727266,-1.73539933592727,2.10387732715646,-0.583801132003357,-1.1110475175865
0.0788532391775506,0.453997778223125,1.33106636857574,-3.44056826078073,-0.543132843136197,2.05996464061446,-0.460828936450501,-2.45245905084344
-0.957992217767475,0.693122774705589,1.91003271658291,-2.68017968583076,-1.91016036483981,1.48238351769275,-1.15245362844209,-1.21626797794076
0.701607133566019,0.928851427888917,4.00432376489793,-2.60994069245471,-3.57299119506446,-0.610522305536825,-1.08913622624373,0.339085085078362
-0.114815529512173,1.15345027668225,0.838102679570174,-3.07107298146471,-0.364763841796139,2.55708400487639,-0.429304104032603,-2.94847036350767
-1.26302003653623,1.3590502210326,3.16866016548786,-1.7516605391094,-0.909463247014528,0.227911744044156,-1.48841904887456,-2.45078662906403
-1.0747203508988,1.53834409221833,3.17539827795849,-0.814099539030836,-0.74665577529715,0.222558856658976,-2.11163393902665,-2.6251311456497
-1.98188864619618,1.68529640548513,2.5641337811985,-1.94629887892012,-1.92239150574172,0.835208578504424,-0.622178794922671,-1.423602541756
1.21807545151289,1.79573002966189,3.67702599884989,-0.800758558262376,-2.48102376052493,-0.276298414061511,-1.38135991045912,-0.801524992652194
-0.319263622725972,1.86768632720687,3.58949521287426,-1.58682960372027,-0.812521992918199,-0.187382403000435,-0.195004975938767,-2.3702083007431
2.4801822916568,1.9014905377809,1.10399856510233,-0.67193696374872,-1.94341304214833,2.29949946985695,-0.710792667702565,-1.10592285715673
0.402345370593451,1.89952577739938,0.947594478107186,1.04389342214305,-2.36224593322059,2.45728878193755,-2.04237855587059,-0.524206627582582
0.36549528110881,1.8657792227298,1.75194194406836,-0.740074436127936,-1.78635496360515,1.65432654106183,0.0997464463921165,-0.912766854619328
0.950523068366891,1.80526426820476,-0.650057380113259,-0.643880367384844,-3.14374656428108,4.0577110903289,0.327447670906377,0.650798223785458
-1.87144411114621,1.72342881491605,3.35423687898644,0.0306282402492358,0.27334038874379,0.0548020563146601,-0.0624076484120458,-2.54704699491266
0.605995199824558,1.62564202088924,3.13735037343054,1.09394063919267,-2.18316982959919,0.27307378695601,-0.882329993031362,0.136178269055711
-0.913779457496912,1.51681250778407,0.131665175313359,1.19751658507587,-2.00428599711873,3.28014421015865,-0.783332049095055,0.186343105149743
1.44639852986041,1.4011546256105,1.57584442458505,2.83353732788812,-1.41767714844096,1.83735018597241,-2.25529006879546,-0.173378923722684
-1.46443914300414,1.28208890546833,1.52122414684014,0.78999749155045,-0.94412572967307,1.89335568880277,-0.0826544662720805,-0.42595239461862
0.456079055980868,1.16224654747583,1.68282406924408,0.580672277481884,0.599908129057655,1.73314099148429,0.225033515836292,-1.75788465329647
0.497720691092308,1.04354286782207,2.96286527180045,1.9689236739877,0.49542961949086,0.454485014013373,-1.09110570023189,-1.45239406878355
0.981177139632131,0.927287353372923,0.428979897445034,-0.131420690240603,-0.101250988462241,2.98975561345424,1.05950857918931,-0.667313558336963
0.679883982883907,0.814305334462591,1.19986823434581,-0.336535183306273,0.769825031195242,2.22025250163892,1.29717152018343,-1.36352016679068
-1.31750609611647,0.705054725227614,0.8857666468809,2.31974956906373,-0.738347831274114,2.53573931418928,-1.34057674690763,0.305581793336933
0.0906885524398443,0.599728458403622,2.78571103436319,3.3005831470807,-0.632198028287036,0.637180151792438,-2.31364304052061,0.346423269928274
-0.997324479919877,0.498338587209943,2.23809258881034,0.70142752113716,0.331082493867864,1.18618382243075,0.285278131438416,-0.48347916380854
1.12522639808737,0.400781741014289,2.41227252172393,-2.44270264065922,1.61454272332134,1.01338911460261,3.42348643009318,-1.64660852084233
-0.735272340203534,0.306887457047425,1.39015272052292,1.16017837792457,-1.1747225355214,2.03689414088907,-0.189102686838285,1.25067824824024
-2.05266001391545,0.216452681432376,2.44099568106118,1.92064342542494,0.945924397859592,0.987436405436265,-0.96152613389975,-0.773405028810648
0.435145105917096,0.129264812927938,1.31041893926748,1.06217979053426,-2.18450805688495,2.11939837231542,-0.116050035783329,2.44305117267748
-0.576835002697887,0.0451165627124553,1.01009436981993,0.264539171441085,-1.28019001763417,2.42110816684843,0.668529340324767,1.61516366098002
-1.94110631509637,-0.0361857451817668,3.30398722555319,0.92426846835668,1.37679305154962,0.128600536200614,-0.00359984975914612,-0.974035194518923
-1.66129524267365,-0.114817894459139,2.73076808534547,0.305735798570514,-0.494209277130974,0.703204901493789,0.603749668000418,0.957030686439575
-0.0127711486018712,-0.190936306363541,1.7567899831691,0.439534224699647,0.355998088379088,1.67856822875561,0.460396284746282,0.16005527633322
2.19919438459961,-0.264678351030418,2.22893307448768,-1.58437671906152,-1.00378578330377,1.20781036252249,2.47667877724509,1.56708174593673
-0.0198803930709363,-0.336163618750637,1.77963341929875,-0.0339592469781542,1.04304381891386,1.65849524279687,0.920770785325405,-0.437705483952429
-0.581942063278676,-0.405495682573664,1.22693368653521,1.91165609682912,1.38202970428086,2.21258020064586,-1.02805070706371,-0.739116128628793
1.63507803332223,-0.472763957853777,1.72906596482119,1.17241572486015,1.13057422913009,1.71183314744534,-0.289632258836062,-0.453876140302311
-1.19543326528412,-0.538045463981388,2.92647978273387,1.02597551562879,-0.39584450101411,0.515804554618117,-0.141561199373768,1.10315724161492
0.903128445023261,-0.601406405932293,0.431597288792192,1.64222185175206,-0.843776266443669,3.01207227364524,-0.753674246346171,1.57910180467322
-1.0855738936198,-0.662903494481623,3.52444434371316,0.503369590009057,-1.4857166045531,-0.0793895561902707,0.39185465633846,2.24697183198842
0.86197294374519,-0.722584972496623,2.40999393258265,0.952435745485618,1.19235429809392,1.0364460800257,-0.0479510725449951,-0.406778805700972
0.907387067210894,-0.780491356409902,0.691830493184569,-0.531529837445501,2.16578578694013,2.75599474450923,1.44790538442788,-1.35706621728716
1.52068806355628,-0.836655902054266,1.37313724383591,0.543469873200846,-0.378900202087544,2.07607321894334,0.387485308479046,1.20998528193069
-0.675960045796612,-0.891104814718166,2.54544268288314,1.69561269689115,0.817894973663702,0.905153004981562,-0.747314691709003,0.0351439361774541
-0.0899398918279751,-0.94385720305927,1.47624255554918,0.753966591452208,-1.41122981160768,1.97573835740098,0.214531617869309,2.28615188870012
-0.515987326465148,-0.994924787923285,3.21329352292239,1.22796100973461,-0.777544726225705,0.24007261511322,-0.236288219939209,1.67459921838987
-2.28565169573593,-1.0443113698211,0.141726545975964,0.485856810039428,-0.280241438433274,3.3130248171451,0.532107354873931,1.19998099715296
-0.683316512493333,-1.09201204409794,1.69537070421807,0.186028754729819,1.20381767135877,1.76076588398845,0.861513711278921,-0.260549067810256
0.79626315280411,-1.13801214684271,2.11927177608234,1.51632008484427,-1.28927663653087,1.33825003720963,-0.435712490817811,2.25720175491254
-1.47925891651377,-1.18228590592823,3.5843243640108,0.722229466221753,-0.79560537745908,-0.125417325633373,0.395161644233333,1.78959418567686
-1.39819842007771,-1.22479476149287,0.452975649153352,0.936477911121943,0.159342387916256,3.00731661430953,0.221680086029999,0.862397062896336
0.783320041917052,-1.26548530962152,2.19417401245497,0.124334292787939,-0.585092991652354,1.26750347609336,1.07887399890758,1.63655356278017
0.489294699713568,-1.30428681200781,0.470293655931395,-0.75083313441531,0.297846462509464,2.99276905770239,2.00371170596706,0.785596471381125
